# vsim work.alu_testbench -l ALU_finallog.log -coverage -c -do "coverage save -onexit -codeAll ALU1.ucdb; run -all; exit" 
# Start time: 16:43:06 on May 10,2026
# ** Note: (vsim-3813) Design is being optimized due to module recompilation...
# ** Warning: ALU_referencemodel.v(251): (vopt-2697) MSB of part-select into 'OPB' is out of bounds.
# ** Warning: ALU_referencemodel.v(267): (vopt-2697) MSB of part-select into 'OPB' is out of bounds.
# //  Questa Sim
# //  Version 10.6c linux Jul 25 2017
# //
# //  Copyright 1991-2017 Mentor Graphics Corporation
# //  All Rights Reserved.
# //
# //  QuestaSim and its associated documentation contain trade
# //  secrets and commercial or financial information that are the property of
# //  Mentor Graphics Corporation and are privileged, confidential,
# //  and exempt from disclosure under the Freedom of Information Act,
# //  5 U.S.C. Section 552. Furthermore, this information
# //  is prohibited from disclosure under the Trade Secrets Act,
# //  18 U.S.C. Section 1905.
# //
# Loading work.alu_testbench(fast)
# Loading work.alu(fast)
# coverage save -onexit -codeAll ALU1.ucdb
#  run -all
# 
# ------------- Sanity Test Cases --------------
# -----------------------------------------------------------------------
#  [FAIL] Incorrect Output at MODE: 1 , CMD:  0 
#  Inputs:	OPA: 127 , OPB:   1 , INP_VALID : 11 
#  Expected Result : RES:   128 , COUT: 0 , OFLOW: 1 , EGL: 010 , ERR: 0 
#  DUT Result	: RES:     0 , COUT: 0 , OFLOW: 0 , EGL: 000 , ERR: 0 
# -----------------------------------------------------------------------
# -----------------------------------------------------------------------
#  [FAIL] Incorrect Output at MODE: 1 , CMD:  0 
#  Inputs:	OPA: 127 , OPB:   1 , INP_VALID : 11 
#  Expected Result : RES:   128 , COUT: 0 , OFLOW: 1 , EGL: 010 , ERR: 0 
#  DUT Result	: RES:   128 , COUT: 0 , OFLOW: 1 , EGL: 000 , ERR: 0 
# -----------------------------------------------------------------------
# -----------------------------------------------------------------------
#  [FAIL] Incorrect Output at MODE: 1 , CMD:  0 
#  Inputs:	OPA: 127 , OPB:   1 , INP_VALID : 00 
#  Expected Result : RES:     0 , COUT: 0 , OFLOW: 0 , EGL: 000 , ERR: 1 
#  DUT Result	: RES:   128 , COUT: 0 , OFLOW: 1 , EGL: 000 , ERR: 0 
# -----------------------------------------------------------------------
#  [PASS] Inputs: OPA:   1 , OPB:   3 , INP_VALID : 11 
#  Expected Result : RES:     1 , COUT: 0 , OFLOW: 0 , EGL: 000 , ERR: 0 
#  DUT Result	: RES:     1 , COUT: 0 , OFLOW: 0 , EGL: 000 , ERR: 0 
#  [PASS] Inputs: OPA:   1 , OPB:   3 , INP_VALID : 11 
#  Expected Result : RES:     4 , COUT: 0 , OFLOW: 0 , EGL: 000 , ERR: 0 
#  DUT Result	: RES:     4 , COUT: 0 , OFLOW: 0 , EGL: 000 , ERR: 0 
# 
# ------------- Directed Test Cases --------------
#  [PASS] Inputs: OPA:   1 , OPB:   3 , INP_VALID : 11 
#  Expected Result : RES:     0 , COUT: 0 , OFLOW: 0 , EGL: 000 , ERR: 1 
#  DUT Result	: RES:     0 , COUT: 0 , OFLOW: 0 , EGL: 000 , ERR: 1 
#  [PASS] Inputs: OPA:   1 , OPB:   3 , INP_VALID : 11 
#  Expected Result : RES:     0 , COUT: 0 , OFLOW: 0 , EGL: 000 , ERR: 1 
#  DUT Result	: RES:     0 , COUT: 0 , OFLOW: 0 , EGL: 000 , ERR: 1 
#  [PASS] Inputs: OPA:  24 , OPB:  81 , INP_VALID : 11 
#  Expected Result : RES:   105 , COUT: 0 , OFLOW: 0 , EGL: 000 , ERR: 0 
#  DUT Result	: RES:   105 , COUT: 0 , OFLOW: 0 , EGL: 000 , ERR: 0 
#  [PASS] Inputs: OPA:  24 , OPB:  81 , INP_VALID : 01 
#  Expected Result : RES:     0 , COUT: 0 , OFLOW: 0 , EGL: 000 , ERR: 1 
#  DUT Result	: RES:     0 , COUT: 0 , OFLOW: 0 , EGL: 000 , ERR: 1 
# -----------------------------------------------------------------------
#  [FAIL] Incorrect Output at MODE: 1 , CMD:  0 
#  Inputs:	OPA: 255 , OPB:   1 , INP_VALID : 11 
#  Expected Result : RES:     0 , COUT: 0 , OFLOW: 0 , EGL: 000 , ERR: 0 
#  DUT Result	: RES:     0 , COUT: 1 , OFLOW: 0 , EGL: 000 , ERR: 0 
# -----------------------------------------------------------------------
#  [PASS] Inputs: OPA: 127 , OPB:   1 , INP_VALID : 11 
#  Expected Result : RES:   128 , COUT: 0 , OFLOW: 0 , EGL: 000 , ERR: 0 
#  DUT Result	: RES:   128 , COUT: 0 , OFLOW: 0 , EGL: 000 , ERR: 0 
#  [PASS] Inputs: OPA:  84 , OPB:  67 , INP_VALID : 11 
#  Expected Result : RES:    17 , COUT: 0 , OFLOW: 0 , EGL: 000 , ERR: 0 
#  DUT Result	: RES:    17 , COUT: 0 , OFLOW: 0 , EGL: 000 , ERR: 0 
#  [PASS] Inputs: OPA:  84 , OPB:  67 , INP_VALID : 01 
#  Expected Result : RES:     0 , COUT: 0 , OFLOW: 0 , EGL: 000 , ERR: 1 
#  DUT Result	: RES:     0 , COUT: 0 , OFLOW: 0 , EGL: 000 , ERR: 1 
#  [PASS] Inputs: OPA: 200 , OPB: 231 , INP_VALID : 11 
#  Expected Result : RES:   225 , COUT: 0 , OFLOW: 1 , EGL: 000 , ERR: 0 
#  DUT Result	: RES:   225 , COUT: 0 , OFLOW: 1 , EGL: 000 , ERR: 0 
#  [PASS] Inputs: OPA: 128 , OPB:   1 , INP_VALID : 11 
#  Expected Result : RES:   127 , COUT: 0 , OFLOW: 0 , EGL: 000 , ERR: 0 
#  DUT Result	: RES:   127 , COUT: 0 , OFLOW: 0 , EGL: 000 , ERR: 0 
#  [PASS] Inputs: OPA:   0 , OPB:   1 , INP_VALID : 11 
#  Expected Result : RES:   255 , COUT: 0 , OFLOW: 1 , EGL: 000 , ERR: 0 
#  DUT Result	: RES:   255 , COUT: 0 , OFLOW: 1 , EGL: 000 , ERR: 0 
#  [PASS] Inputs: OPA:  27 , OPB:  33 , INP_VALID : 11 
#  Expected Result : RES:    61 , COUT: 0 , OFLOW: 0 , EGL: 000 , ERR: 0 
#  DUT Result	: RES:    61 , COUT: 0 , OFLOW: 0 , EGL: 000 , ERR: 0 
#  [PASS] Inputs: OPA:  27 , OPB:  33 , INP_VALID : 01 
#  Expected Result : RES:     0 , COUT: 0 , OFLOW: 0 , EGL: 000 , ERR: 1 
#  DUT Result	: RES:     0 , COUT: 0 , OFLOW: 0 , EGL: 000 , ERR: 1 
# -----------------------------------------------------------------------
#  [FAIL] Incorrect Output at MODE: 1 , CMD:  2 
#  Inputs:	OPA: 240 , OPB:  15 , INP_VALID : 11 
#  Expected Result : RES:     0 , COUT: 0 , OFLOW: 0 , EGL: 000 , ERR: 0 
#  DUT Result	: RES:     0 , COUT: 1 , OFLOW: 0 , EGL: 000 , ERR: 0 
# -----------------------------------------------------------------------
#  [PASS] Inputs: OPA: 115 , OPB:  12 , INP_VALID : 11 
#  Expected Result : RES:   128 , COUT: 0 , OFLOW: 0 , EGL: 000 , ERR: 0 
#  DUT Result	: RES:   128 , COUT: 0 , OFLOW: 0 , EGL: 000 , ERR: 0 
# -----------------------------------------------------------------------
#  [FAIL] Incorrect Output at MODE: 1 , CMD:  3 
#  Inputs:	OPA: 115 , OPB:  12 , INP_VALID : 11 
#  Expected Result : RES:     0 , COUT: 0 , OFLOW: 0 , EGL: 000 , ERR: 0 
#  DUT Result	: RES:   102 , COUT: 0 , OFLOW: 0 , EGL: 000 , ERR: 0 
# -----------------------------------------------------------------------
#  [PASS] Inputs: OPA: 115 , OPB:  12 , INP_VALID : 10 
#  Expected Result : RES:     0 , COUT: 0 , OFLOW: 0 , EGL: 000 , ERR: 1 
#  DUT Result	: RES:     0 , COUT: 0 , OFLOW: 0 , EGL: 000 , ERR: 1 
# -----------------------------------------------------------------------
#  [FAIL] Incorrect Output at MODE: 1 , CMD:  3 
#  Inputs:	OPA: 115 , OPB: 211 , INP_VALID : 11 
#  Expected Result : RES:   128 , COUT: 0 , OFLOW: 1 , EGL: 000 , ERR: 0 
#  DUT Result	: RES:   159 , COUT: 0 , OFLOW: 1 , EGL: 000 , ERR: 0 
# -----------------------------------------------------------------------
# -----------------------------------------------------------------------
#  [FAIL] Incorrect Output at MODE: 1 , CMD:  3 
#  Inputs:	OPA: 131 , OPB:   3 , INP_VALID : 11 
#  Expected Result : RES:   128 , COUT: 0 , OFLOW: 0 , EGL: 000 , ERR: 0 
#  DUT Result	: RES:   127 , COUT: 0 , OFLOW: 0 , EGL: 000 , ERR: 0 
# -----------------------------------------------------------------------
#  [PASS] Inputs: OPA: 130 , OPB:   3 , INP_VALID : 11 
#  Expected Result : RES:   131 , COUT: 0 , OFLOW: 0 , EGL: 000 , ERR: 0 
#  DUT Result	: RES:   131 , COUT: 0 , OFLOW: 0 , EGL: 000 , ERR: 0 
#  [PASS] Inputs: OPA: 255 , OPB:   3 , INP_VALID : 01 
#  Expected Result : RES:     0 , COUT: 0 , OFLOW: 0 , EGL: 000 , ERR: 0 
#  DUT Result	: RES:     0 , COUT: 0 , OFLOW: 0 , EGL: 000 , ERR: 0 
#  [PASS] Inputs: OPA: 127 , OPB:   3 , INP_VALID : 01 
#  Expected Result : RES:   128 , COUT: 0 , OFLOW: 0 , EGL: 000 , ERR: 0 
#  DUT Result	: RES:   128 , COUT: 0 , OFLOW: 0 , EGL: 000 , ERR: 0 
#  [PASS] Inputs: OPA:  45 , OPB:   3 , INP_VALID : 00 
#  Expected Result : RES:     0 , COUT: 0 , OFLOW: 0 , EGL: 000 , ERR: 1 
#  DUT Result	: RES:     0 , COUT: 0 , OFLOW: 0 , EGL: 000 , ERR: 1 
#  [PASS] Inputs: OPA:  45 , OPB:   3 , INP_VALID : 11 
#  Expected Result : RES:    44 , COUT: 0 , OFLOW: 0 , EGL: 000 , ERR: 0 
#  DUT Result	: RES:    44 , COUT: 0 , OFLOW: 0 , EGL: 000 , ERR: 0 
#  [PASS] Inputs: OPA:   0 , OPB:   3 , INP_VALID : 01 
#  Expected Result : RES:   255 , COUT: 0 , OFLOW: 0 , EGL: 000 , ERR: 0 
#  DUT Result	: RES:   255 , COUT: 0 , OFLOW: 0 , EGL: 000 , ERR: 0 
#  [PASS] Inputs: OPA: 127 , OPB:   3 , INP_VALID : 11 
#  Expected Result : RES:   126 , COUT: 0 , OFLOW: 0 , EGL: 000 , ERR: 0 
#  DUT Result	: RES:   126 , COUT: 0 , OFLOW: 0 , EGL: 000 , ERR: 0 
#  [PASS] Inputs: OPA:  45 , OPB:   3 , INP_VALID : 00 
#  Expected Result : RES:     0 , COUT: 0 , OFLOW: 0 , EGL: 000 , ERR: 1 
#  DUT Result	: RES:     0 , COUT: 0 , OFLOW: 0 , EGL: 000 , ERR: 1 
#  [PASS] Inputs: OPA:   3 , OPB: 130 , INP_VALID : 11 
#  Expected Result : RES:   131 , COUT: 0 , OFLOW: 0 , EGL: 000 , ERR: 0 
#  DUT Result	: RES:   131 , COUT: 0 , OFLOW: 0 , EGL: 000 , ERR: 0 
#  [PASS] Inputs: OPA:   3 , OPB: 255 , INP_VALID : 10 
#  Expected Result : RES:     0 , COUT: 0 , OFLOW: 0 , EGL: 000 , ERR: 0 
#  DUT Result	: RES:     0 , COUT: 0 , OFLOW: 0 , EGL: 000 , ERR: 0 
#  [PASS] Inputs: OPA:   3 , OPB: 127 , INP_VALID : 01 
#  Expected Result : RES:     0 , COUT: 0 , OFLOW: 0 , EGL: 000 , ERR: 1 
#  DUT Result	: RES:     0 , COUT: 0 , OFLOW: 0 , EGL: 000 , ERR: 1 
#  [PASS] Inputs: OPA:   3 , OPB:  45 , INP_VALID : 00 
#  Expected Result : RES:     0 , COUT: 0 , OFLOW: 0 , EGL: 000 , ERR: 1 
#  DUT Result	: RES:     0 , COUT: 0 , OFLOW: 0 , EGL: 000 , ERR: 1 
#  [PASS] Inputs: OPA:   3 , OPB:  45 , INP_VALID : 11 
#  Expected Result : RES:    44 , COUT: 0 , OFLOW: 0 , EGL: 000 , ERR: 0 
#  DUT Result	: RES:    44 , COUT: 0 , OFLOW: 0 , EGL: 000 , ERR: 0 
#  [PASS] Inputs: OPA:   3 , OPB:   0 , INP_VALID : 01 
#  Expected Result : RES:     0 , COUT: 0 , OFLOW: 0 , EGL: 000 , ERR: 1 
#  DUT Result	: RES:     0 , COUT: 0 , OFLOW: 0 , EGL: 000 , ERR: 1 
#  [PASS] Inputs: OPA:  31 , OPB: 127 , INP_VALID : 11 
#  Expected Result : RES:   126 , COUT: 0 , OFLOW: 0 , EGL: 000 , ERR: 0 
#  DUT Result	: RES:   126 , COUT: 0 , OFLOW: 0 , EGL: 000 , ERR: 0 
#  [PASS] Inputs: OPA:  33 , OPB:  45 , INP_VALID : 11 
#  Expected Result : RES:    44 , COUT: 0 , OFLOW: 0 , EGL: 000 , ERR: 0 
#  DUT Result	: RES:    44 , COUT: 0 , OFLOW: 0 , EGL: 000 , ERR: 0 
#  [PASS] Inputs: OPA: 100 , OPB: 100 , INP_VALID : 11 
#  Expected Result : RES:     0 , COUT: 0 , OFLOW: 0 , EGL: 100 , ERR: 0 
#  DUT Result	: RES:     0 , COUT: 0 , OFLOW: 0 , EGL: 100 , ERR: 0 
#  [PASS] Inputs: OPA: 100 , OPB:  67 , INP_VALID : 11 
#  Expected Result : RES:     0 , COUT: 0 , OFLOW: 0 , EGL: 010 , ERR: 0 
#  DUT Result	: RES:     0 , COUT: 0 , OFLOW: 0 , EGL: 010 , ERR: 0 
#  [PASS] Inputs: OPA: 122 , OPB: 200 , INP_VALID : 11 
#  Expected Result : RES:     0 , COUT: 0 , OFLOW: 0 , EGL: 001 , ERR: 0 
#  DUT Result	: RES:     0 , COUT: 0 , OFLOW: 0 , EGL: 001 , ERR: 0 
#  [PASS] Inputs: OPA: 100 , OPB: 100 , INP_VALID : 01 
#  Expected Result : RES:     0 , COUT: 0 , OFLOW: 0 , EGL: 000 , ERR: 1 
#  DUT Result	: RES:     0 , COUT: 0 , OFLOW: 0 , EGL: 000 , ERR: 1 
#  [PASS] Inputs: OPA: 100 , OPB: 100 , INP_VALID : 10 
#  Expected Result : RES:     0 , COUT: 0 , OFLOW: 0 , EGL: 000 , ERR: 1 
#  DUT Result	: RES:     0 , COUT: 0 , OFLOW: 0 , EGL: 000 , ERR: 1 
#  [PASS] Inputs: OPA: 100 , OPB: 100 , INP_VALID : 01 
#  Expected Result : RES:     0 , COUT: 0 , OFLOW: 0 , EGL: 000 , ERR: 1 
#  DUT Result	: RES:     0 , COUT: 0 , OFLOW: 0 , EGL: 000 , ERR: 1 
#  [PASS] Inputs: OPA:  67 , OPB:  67 , INP_VALID : 11 
#  Expected Result : RES:  4624 , COUT: 0 , OFLOW: 0 , EGL: 000 , ERR: 0 
#  DUT Result	: RES:  4624 , COUT: 0 , OFLOW: 0 , EGL: 000 , ERR: 0 
# -----------------------------------------------------------------------
#  [FAIL] Incorrect Output at MODE: 1 , CMD:  9 
#  Inputs:	OPA: 255 , OPB:  56 , INP_VALID : 11 
#  Expected Result : RES: 14592 , COUT: 0 , OFLOW: 0 , EGL: 000 , ERR: 0 
#  DUT Result	: RES:     0 , COUT: 0 , OFLOW: 0 , EGL: 000 , ERR: 0 
# -----------------------------------------------------------------------
# -----------------------------------------------------------------------
#  [FAIL] Incorrect Output at MODE: 1 , CMD:  9 
#  Inputs:	OPA: 254 , OPB: 254 , INP_VALID : 11 
#  Expected Result : RES: 65025 , COUT: 0 , OFLOW: 0 , EGL: 000 , ERR: 0 
#  DUT Result	: RES:     0 , COUT: 0 , OFLOW: 0 , EGL: 000 , ERR: 0 
# -----------------------------------------------------------------------
#  [PASS] Inputs: OPA: 254 , OPB:   0 , INP_VALID : 11 
#  Expected Result : RES:   255 , COUT: 0 , OFLOW: 0 , EGL: 000 , ERR: 0 
#  DUT Result	: RES:   255 , COUT: 0 , OFLOW: 0 , EGL: 000 , ERR: 0 
#  [PASS] Inputs: OPA: 254 , OPB:   0 , INP_VALID : 00 
#  Expected Result : RES:     0 , COUT: 0 , OFLOW: 0 , EGL: 000 , ERR: 1 
#  DUT Result	: RES:     0 , COUT: 0 , OFLOW: 0 , EGL: 000 , ERR: 1 
#  [PASS] Inputs: OPA: 254 , OPB:   0 , INP_VALID : 01 
#  Expected Result : RES:     0 , COUT: 0 , OFLOW: 0 , EGL: 000 , ERR: 1 
#  DUT Result	: RES:     0 , COUT: 0 , OFLOW: 0 , EGL: 000 , ERR: 1 
#  [PASS] Inputs: OPA: 254 , OPB:   0 , INP_VALID : 10 
#  Expected Result : RES:     0 , COUT: 0 , OFLOW: 0 , EGL: 000 , ERR: 1 
#  DUT Result	: RES:     0 , COUT: 0 , OFLOW: 0 , EGL: 000 , ERR: 1 
#  [PASS] Inputs: OPA:   1 , OPB:  22 , INP_VALID : 11 
#  Expected Result : RES:    46 , COUT: 0 , OFLOW: 0 , EGL: 000 , ERR: 0 
#  DUT Result	: RES:    46 , COUT: 0 , OFLOW: 0 , EGL: 000 , ERR: 0 
#  [PASS] Inputs: OPA:   1 , OPB:  22 , INP_VALID : 10 
#  Expected Result : RES:     0 , COUT: 0 , OFLOW: 0 , EGL: 000 , ERR: 1 
#  DUT Result	: RES:     0 , COUT: 0 , OFLOW: 0 , EGL: 000 , ERR: 1 
#  [PASS] Inputs: OPA: 254 , OPB:   0 , INP_VALID : 11 
#  Expected Result : RES:     0 , COUT: 0 , OFLOW: 0 , EGL: 000 , ERR: 0 
#  DUT Result	: RES:     0 , COUT: 0 , OFLOW: 0 , EGL: 000 , ERR: 0 
#  [PASS] Inputs: OPA: 128 , OPB:   0 , INP_VALID : 11 
#  Expected Result : RES:     0 , COUT: 0 , OFLOW: 0 , EGL: 000 , ERR: 0 
#  DUT Result	: RES:     0 , COUT: 0 , OFLOW: 0 , EGL: 000 , ERR: 0 
# -----------------------------------------------------------------------
#  [FAIL] Incorrect Output at MODE: 1 , CMD: 10 
#  Inputs:	OPA: 127 , OPB: 255 , INP_VALID : 11 
#  Expected Result : RES: 64770 , COUT: 0 , OFLOW: 0 , EGL: 000 , ERR: 0 
#  DUT Result	: RES:     0 , COUT: 0 , OFLOW: 0 , EGL: 000 , ERR: 0 
# -----------------------------------------------------------------------
#  [PASS] Inputs: OPA: 127 , OPB:   0 , INP_VALID : 11 
#  Expected Result : RES:     0 , COUT: 0 , OFLOW: 0 , EGL: 000 , ERR: 0 
#  DUT Result	: RES:     0 , COUT: 0 , OFLOW: 0 , EGL: 000 , ERR: 0 
#  [PASS] Inputs: OPA: 127 , OPB:   0 , INP_VALID : 00 
#  Expected Result : RES:     0 , COUT: 0 , OFLOW: 0 , EGL: 000 , ERR: 1 
#  DUT Result	: RES:     0 , COUT: 0 , OFLOW: 0 , EGL: 000 , ERR: 1 
#  [PASS] Inputs: OPA: 127 , OPB:   0 , INP_VALID : 01 
#  Expected Result : RES:     0 , COUT: 0 , OFLOW: 0 , EGL: 000 , ERR: 1 
#  DUT Result	: RES:     0 , COUT: 0 , OFLOW: 0 , EGL: 000 , ERR: 1 
#  [PASS] Inputs: OPA: 127 , OPB:   0 , INP_VALID : 10 
#  Expected Result : RES:     0 , COUT: 0 , OFLOW: 0 , EGL: 000 , ERR: 1 
#  DUT Result	: RES:     0 , COUT: 0 , OFLOW: 0 , EGL: 000 , ERR: 1 
# -----------------------------------------------------------------------
#  [FAIL] Incorrect Output at MODE: 1 , CMD: 11 
#  Inputs:	OPA:   5 , OPB: 250 , INP_VALID : 11 
#  Expected Result : RES:   255 , COUT: 0 , OFLOW: 0 , EGL: 010 , ERR: 0 
#  DUT Result	: RES:   255 , COUT: 1 , OFLOW: 0 , EGL: 000 , ERR: 0 
# -----------------------------------------------------------------------
# -----------------------------------------------------------------------
#  [FAIL] Incorrect Output at MODE: 1 , CMD: 11 
#  Inputs:	OPA: 235 , OPB: 189 , INP_VALID : 11 
#  Expected Result : RES:   168 , COUT: 0 , OFLOW: 0 , EGL: 010 , ERR: 0 
#  DUT Result	: RES:   168 , COUT: 1 , OFLOW: 0 , EGL: 000 , ERR: 0 
# -----------------------------------------------------------------------
# -----------------------------------------------------------------------
#  [FAIL] Incorrect Output at MODE: 1 , CMD: 11 
#  Inputs:	OPA: 255 , OPB:   1 , INP_VALID : 11 
#  Expected Result : RES:     0 , COUT: 0 , OFLOW: 0 , EGL: 001 , ERR: 0 
#  DUT Result	: RES:     0 , COUT: 0 , OFLOW: 0 , EGL: 000 , ERR: 0 
# -----------------------------------------------------------------------
# -----------------------------------------------------------------------
#  [FAIL] Incorrect Output at MODE: 1 , CMD: 11 
#  Inputs:	OPA:  11 , OPB:   0 , INP_VALID : 11 
#  Expected Result : RES:    11 , COUT: 0 , OFLOW: 0 , EGL: 010 , ERR: 0 
#  DUT Result	: RES:    11 , COUT: 0 , OFLOW: 0 , EGL: 000 , ERR: 0 
# -----------------------------------------------------------------------
# -----------------------------------------------------------------------
#  [FAIL] Incorrect Output at MODE: 1 , CMD: 11 
#  Inputs:	OPA:   5 , OPB:   0 , INP_VALID : 11 
#  Expected Result : RES:     5 , COUT: 0 , OFLOW: 0 , EGL: 010 , ERR: 0 
#  DUT Result	: RES:     5 , COUT: 0 , OFLOW: 0 , EGL: 000 , ERR: 0 
# -----------------------------------------------------------------------
#  [PASS] Inputs: OPA:   5 , OPB:  66 , INP_VALID : 01 
#  Expected Result : RES:     0 , COUT: 0 , OFLOW: 0 , EGL: 000 , ERR: 1 
#  DUT Result	: RES:     0 , COUT: 0 , OFLOW: 0 , EGL: 000 , ERR: 1 
#  [PASS] Inputs: OPA:   5 , OPB:  66 , INP_VALID : 00 
#  Expected Result : RES:     0 , COUT: 0 , OFLOW: 0 , EGL: 000 , ERR: 1 
#  DUT Result	: RES:     0 , COUT: 0 , OFLOW: 0 , EGL: 000 , ERR: 1 
#  [PASS] Inputs: OPA:   5 , OPB:  66 , INP_VALID : 10 
#  Expected Result : RES:     0 , COUT: 0 , OFLOW: 0 , EGL: 000 , ERR: 1 
#  DUT Result	: RES:     0 , COUT: 0 , OFLOW: 0 , EGL: 000 , ERR: 1 
# -----------------------------------------------------------------------
#  [FAIL] Incorrect Output at MODE: 1 , CMD: 12 
#  Inputs:	OPA:   5 , OPB:  66 , INP_VALID : 11 
#  Expected Result : RES:   195 , COUT: 0 , OFLOW: 1 , EGL: 001 , ERR: 0 
#  DUT Result	: RES:   195 , COUT: 1 , OFLOW: 0 , EGL: 000 , ERR: 0 
# -----------------------------------------------------------------------
# -----------------------------------------------------------------------
#  [FAIL] Incorrect Output at MODE: 1 , CMD: 12 
#  Inputs:	OPA:  26 , OPB: 250 , INP_VALID : 11 
#  Expected Result : RES:    32 , COUT: 0 , OFLOW: 0 , EGL: 010 , ERR: 0 
#  DUT Result	: RES:    32 , COUT: 0 , OFLOW: 0 , EGL: 000 , ERR: 0 
# -----------------------------------------------------------------------
# -----------------------------------------------------------------------
#  [FAIL] Incorrect Output at MODE: 1 , CMD: 12 
#  Inputs:	OPA: 255 , OPB: 255 , INP_VALID : 11 
#  Expected Result : RES:     0 , COUT: 0 , OFLOW: 1 , EGL: 100 , ERR: 0 
#  DUT Result	: RES:     0 , COUT: 0 , OFLOW: 0 , EGL: 000 , ERR: 0 
# -----------------------------------------------------------------------
# -----------------------------------------------------------------------
#  [FAIL] Incorrect Output at MODE: 1 , CMD: 12 
#  Inputs:	OPA:   5 , OPB:   0 , INP_VALID : 11 
#  Expected Result : RES:     5 , COUT: 0 , OFLOW: 0 , EGL: 010 , ERR: 0 
#  DUT Result	: RES:     5 , COUT: 0 , OFLOW: 0 , EGL: 000 , ERR: 0 
# -----------------------------------------------------------------------
# -----------------------------------------------------------------------
#  [FAIL] Incorrect Output at MODE: 1 , CMD: 12 
#  Inputs:	OPA: 128 , OPB:   1 , INP_VALID : 11 
#  Expected Result : RES:   127 , COUT: 0 , OFLOW: 0 , EGL: 001 , ERR: 0 
#  DUT Result	: RES:   127 , COUT: 1 , OFLOW: 1 , EGL: 000 , ERR: 0 
# -----------------------------------------------------------------------
# -----------------------------------------------------------------------
#  [FAIL] Incorrect Output at MODE: 1 , CMD: 12 
#  Inputs:	OPA: 127 , OPB: 255 , INP_VALID : 11 
#  Expected Result : RES:   128 , COUT: 0 , OFLOW: 0 , EGL: 010 , ERR: 0 
#  DUT Result	: RES:   128 , COUT: 0 , OFLOW: 1 , EGL: 000 , ERR: 0 
# -----------------------------------------------------------------------
# -----------------------------------------------------------------------
#  [FAIL] Incorrect Output at MODE: 1 , CMD: 12 
#  Inputs:	OPA: 244 , OPB: 182 , INP_VALID : 11 
#  Expected Result : RES:    62 , COUT: 0 , OFLOW: 1 , EGL: 010 , ERR: 0 
#  DUT Result	: RES:    62 , COUT: 0 , OFLOW: 0 , EGL: 000 , ERR: 0 
# -----------------------------------------------------------------------
#  [PASS] Inputs: OPA: 244 , OPB: 182 , INP_VALID : 10 
#  Expected Result : RES:     0 , COUT: 0 , OFLOW: 0 , EGL: 000 , ERR: 1 
#  DUT Result	: RES:     0 , COUT: 0 , OFLOW: 0 , EGL: 000 , ERR: 1 
#  [PASS] Inputs: OPA: 244 , OPB: 182 , INP_VALID : 01 
#  Expected Result : RES:     0 , COUT: 0 , OFLOW: 0 , EGL: 000 , ERR: 1 
#  DUT Result	: RES:     0 , COUT: 0 , OFLOW: 0 , EGL: 000 , ERR: 1 
#  [PASS] Inputs: OPA:  12 , OPB:  74 , INP_VALID : 10 
#  Expected Result : RES:     0 , COUT: 0 , OFLOW: 0 , EGL: 000 , ERR: 1 
#  DUT Result	: RES:     0 , COUT: 0 , OFLOW: 0 , EGL: 000 , ERR: 1 
#  [PASS] Inputs: OPA:  12 , OPB:  74 , INP_VALID : 10 
#  Expected Result : RES:     0 , COUT: 0 , OFLOW: 0 , EGL: 000 , ERR: 1 
#  DUT Result	: RES:     0 , COUT: 0 , OFLOW: 0 , EGL: 000 , ERR: 1 
#  [PASS] Inputs: OPA:  12 , OPB:  74 , INP_VALID : 10 
#  Expected Result : RES:     0 , COUT: 0 , OFLOW: 0 , EGL: 000 , ERR: 1 
#  DUT Result	: RES:     0 , COUT: 0 , OFLOW: 0 , EGL: 000 , ERR: 1 
#  [PASS] Inputs: OPA:  12 , OPB:  74 , INP_VALID : 10 
#  Expected Result : RES:     0 , COUT: 0 , OFLOW: 0 , EGL: 000 , ERR: 1 
#  DUT Result	: RES:     0 , COUT: 0 , OFLOW: 0 , EGL: 000 , ERR: 1 
#  [PASS] Inputs: OPA:  12 , OPB:  74 , INP_VALID : 10 
#  Expected Result : RES:     0 , COUT: 0 , OFLOW: 0 , EGL: 000 , ERR: 1 
#  DUT Result	: RES:     0 , COUT: 0 , OFLOW: 0 , EGL: 000 , ERR: 1 
#  [PASS] Inputs: OPA:  12 , OPB:  74 , INP_VALID : 10 
#  Expected Result : RES:     0 , COUT: 0 , OFLOW: 0 , EGL: 000 , ERR: 1 
#  DUT Result	: RES:     0 , COUT: 0 , OFLOW: 0 , EGL: 000 , ERR: 1 
#  [PASS] Inputs: OPA:  12 , OPB:  74 , INP_VALID : 00 
#  Expected Result : RES:     0 , COUT: 0 , OFLOW: 0 , EGL: 000 , ERR: 1 
#  DUT Result	: RES:     0 , COUT: 0 , OFLOW: 0 , EGL: 000 , ERR: 1 
#  [PASS] Inputs: OPA:  12 , OPB:  74 , INP_VALID : 01 
#  Expected Result : RES:     0 , COUT: 0 , OFLOW: 0 , EGL: 000 , ERR: 1 
#  DUT Result	: RES:     0 , COUT: 0 , OFLOW: 0 , EGL: 000 , ERR: 1 
#  [PASS] Inputs: OPA: 128 , OPB:  74 , INP_VALID : 01 
#  Expected Result : RES:    64 , COUT: 0 , OFLOW: 0 , EGL: 000 , ERR: 0 
#  DUT Result	: RES:    64 , COUT: 0 , OFLOW: 0 , EGL: 000 , ERR: 0 
#  [PASS] Inputs: OPA:   1 , OPB:  74 , INP_VALID : 01 
#  Expected Result : RES:     0 , COUT: 0 , OFLOW: 0 , EGL: 000 , ERR: 0 
#  DUT Result	: RES:     0 , COUT: 0 , OFLOW: 0 , EGL: 000 , ERR: 0 
#  [PASS] Inputs: OPA:   1 , OPB:  74 , INP_VALID : 10 
#  Expected Result : RES:     0 , COUT: 0 , OFLOW: 0 , EGL: 000 , ERR: 1 
#  DUT Result	: RES:     0 , COUT: 0 , OFLOW: 0 , EGL: 000 , ERR: 1 
#  [PASS] Inputs: OPA: 128 , OPB:  74 , INP_VALID : 01 
#  Expected Result : RES:     0 , COUT: 0 , OFLOW: 0 , EGL: 000 , ERR: 0 
#  DUT Result	: RES:     0 , COUT: 0 , OFLOW: 0 , EGL: 000 , ERR: 0 
#  [PASS] Inputs: OPA:   1 , OPB:  74 , INP_VALID : 01 
#  Expected Result : RES:     2 , COUT: 0 , OFLOW: 0 , EGL: 000 , ERR: 0 
#  DUT Result	: RES:     2 , COUT: 0 , OFLOW: 0 , EGL: 000 , ERR: 0 
#  [PASS] Inputs: OPA:   1 , OPB:  74 , INP_VALID : 10 
#  Expected Result : RES:     0 , COUT: 0 , OFLOW: 0 , EGL: 000 , ERR: 1 
#  DUT Result	: RES:     0 , COUT: 0 , OFLOW: 0 , EGL: 000 , ERR: 1 
#  [PASS] Inputs: OPA:  12 , OPB: 128 , INP_VALID : 10 
#  Expected Result : RES:    64 , COUT: 0 , OFLOW: 0 , EGL: 000 , ERR: 0 
#  DUT Result	: RES:    64 , COUT: 0 , OFLOW: 0 , EGL: 000 , ERR: 0 
#  [PASS] Inputs: OPA:  11 , OPB:   1 , INP_VALID : 10 
#  Expected Result : RES:     0 , COUT: 0 , OFLOW: 0 , EGL: 000 , ERR: 0 
#  DUT Result	: RES:     0 , COUT: 0 , OFLOW: 0 , EGL: 000 , ERR: 0 
#  [PASS] Inputs: OPA:   1 , OPB:  74 , INP_VALID : 01 
#  Expected Result : RES:     0 , COUT: 0 , OFLOW: 0 , EGL: 000 , ERR: 1 
#  DUT Result	: RES:     0 , COUT: 0 , OFLOW: 0 , EGL: 000 , ERR: 1 
#  [PASS] Inputs: OPA:   1 , OPB: 128 , INP_VALID : 01 
#  Expected Result : RES:     0 , COUT: 0 , OFLOW: 0 , EGL: 000 , ERR: 1 
#  DUT Result	: RES:     0 , COUT: 0 , OFLOW: 0 , EGL: 000 , ERR: 1 
#  [PASS] Inputs: OPA:  17 , OPB:   1 , INP_VALID : 01 
#  Expected Result : RES:     0 , COUT: 0 , OFLOW: 0 , EGL: 000 , ERR: 1 
#  DUT Result	: RES:     0 , COUT: 0 , OFLOW: 0 , EGL: 000 , ERR: 1 
#  [PASS] Inputs: OPA:   1 , OPB:  74 , INP_VALID : 01 
#  Expected Result : RES:     0 , COUT: 0 , OFLOW: 0 , EGL: 000 , ERR: 1 
#  DUT Result	: RES:     0 , COUT: 0 , OFLOW: 0 , EGL: 000 , ERR: 1 
#  [PASS] Inputs: OPA:   1 , OPB:   0 , INP_VALID : 11 
#  Expected Result : RES:     1 , COUT: 0 , OFLOW: 0 , EGL: 000 , ERR: 0 
#  DUT Result	: RES:     1 , COUT: 0 , OFLOW: 0 , EGL: 000 , ERR: 0 
#  [PASS] Inputs: OPA: 155 , OPB:   4 , INP_VALID : 11 
#  Expected Result : RES:   185 , COUT: 0 , OFLOW: 0 , EGL: 000 , ERR: 0 
#  DUT Result	: RES:   185 , COUT: 0 , OFLOW: 0 , EGL: 000 , ERR: 0 
#  [PASS] Inputs: OPA:  24 , OPB:   7 , INP_VALID : 11 
#  Expected Result : RES:    12 , COUT: 0 , OFLOW: 0 , EGL: 000 , ERR: 0 
#  DUT Result	: RES:    12 , COUT: 0 , OFLOW: 0 , EGL: 000 , ERR: 0 
#  [PASS] Inputs: OPA:  24 , OPB:   x , INP_VALID : 11 
#  Expected Result : RES:     X , COUT: 0 , OFLOW: 0 , EGL: 000 , ERR: 0 
#  DUT Result	: RES:    12 , COUT: 0 , OFLOW: 0 , EGL: 000 , ERR: x 
# -----------------------------------------------------------------------
#  [FAIL] Incorrect Output at MODE: 0 , CMD: 12 
#  Inputs:	OPA:  24 , OPB: 212 , INP_VALID : 11 
#  Expected Result : RES:     0 , COUT: 0 , OFLOW: 0 , EGL: 000 , ERR: 1 
#  DUT Result	: RES:   129 , COUT: 0 , OFLOW: 0 , EGL: 000 , ERR: 1 
# -----------------------------------------------------------------------
#  [PASS] Inputs: OPA:  24 , OPB: 212 , INP_VALID : 01 
#  Expected Result : RES:     0 , COUT: 0 , OFLOW: 0 , EGL: 000 , ERR: 1 
#  DUT Result	: RES:     0 , COUT: 0 , OFLOW: 0 , EGL: 000 , ERR: 1 
#  [PASS] Inputs: OPA: 128 , OPB:   0 , INP_VALID : 11 
#  Expected Result : RES:   128 , COUT: 0 , OFLOW: 0 , EGL: 000 , ERR: 0 
#  DUT Result	: RES:   128 , COUT: 0 , OFLOW: 0 , EGL: 000 , ERR: 0 
#  [PASS] Inputs: OPA: 172 , OPB:   4 , INP_VALID : 11 
#  Expected Result : RES:   202 , COUT: 0 , OFLOW: 0 , EGL: 000 , ERR: 0 
#  DUT Result	: RES:   202 , COUT: 0 , OFLOW: 0 , EGL: 000 , ERR: 0 
#  [PASS] Inputs: OPA: 170 , OPB:   7 , INP_VALID : 11 
#  Expected Result : RES:    85 , COUT: 0 , OFLOW: 0 , EGL: 000 , ERR: 0 
#  DUT Result	: RES:    85 , COUT: 0 , OFLOW: 0 , EGL: 000 , ERR: 0 
#  [PASS] Inputs: OPA: 170 , OPB:   x , INP_VALID : 11 
#  Expected Result : RES:     X , COUT: 0 , OFLOW: 0 , EGL: 000 , ERR: 0 
#  DUT Result	: RES:    85 , COUT: 0 , OFLOW: 0 , EGL: 000 , ERR: x 
# -----------------------------------------------------------------------
#  [FAIL] Incorrect Output at MODE: 0 , CMD: 13 
#  Inputs:	OPA: 170 , OPB: 167 , INP_VALID : 11 
#  Expected Result : RES:     0 , COUT: 0 , OFLOW: 0 , EGL: 000 , ERR: 1 
#  DUT Result	: RES:    85 , COUT: 0 , OFLOW: 0 , EGL: 000 , ERR: 1 
# -----------------------------------------------------------------------
#  [PASS] Inputs: OPA: 170 , OPB:   7 , INP_VALID : 10 
#  Expected Result : RES:     0 , COUT: 0 , OFLOW: 0 , EGL: 000 , ERR: 1 
#  DUT Result	: RES:     0 , COUT: 0 , OFLOW: 0 , EGL: 000 , ERR: 1 
# 
# ------------- Randomized Testcases -------------
#  [PASS] Inputs: OPA:  36 , OPB: 129 , INP_VALID : 11 
#  Expected Result : RES:   165 , COUT: 0 , OFLOW: 0 , EGL: 000 , ERR: 0 
#  DUT Result	: RES:   165 , COUT: 0 , OFLOW: 0 , EGL: 000 , ERR: 0 
#  [PASS] Inputs: OPA:  99 , OPB:  13 , INP_VALID : 11 
#  Expected Result : RES:   112 , COUT: 0 , OFLOW: 0 , EGL: 000 , ERR: 0 
#  DUT Result	: RES:   112 , COUT: 0 , OFLOW: 0 , EGL: 000 , ERR: 0 
#  [PASS] Inputs: OPA: 101 , OPB:  18 , INP_VALID : 11 
#  Expected Result : RES:   119 , COUT: 0 , OFLOW: 0 , EGL: 000 , ERR: 0 
#  DUT Result	: RES:   119 , COUT: 0 , OFLOW: 0 , EGL: 000 , ERR: 0 
#  [PASS] Inputs: OPA:  13 , OPB: 118 , INP_VALID : 11 
#  Expected Result : RES:   131 , COUT: 0 , OFLOW: 0 , EGL: 000 , ERR: 0 
#  DUT Result	: RES:   131 , COUT: 0 , OFLOW: 0 , EGL: 000 , ERR: 0 
# -----------------------------------------------------------------------
#  [FAIL] Incorrect Output at MODE: 1 , CMD:  0 
#  Inputs:	OPA: 237 , OPB: 140 , INP_VALID : 11 
#  Expected Result : RES:   121 , COUT: 0 , OFLOW: 0 , EGL: 000 , ERR: 0 
#  DUT Result	: RES:   121 , COUT: 1 , OFLOW: 0 , EGL: 000 , ERR: 0 
# -----------------------------------------------------------------------
# -----------------------------------------------------------------------
#  [FAIL] Incorrect Output at MODE: 1 , CMD:  0 
#  Inputs:	OPA: 198 , OPB: 197 , INP_VALID : 11 
#  Expected Result : RES:   139 , COUT: 0 , OFLOW: 0 , EGL: 000 , ERR: 0 
#  DUT Result	: RES:   139 , COUT: 1 , OFLOW: 0 , EGL: 000 , ERR: 0 
# -----------------------------------------------------------------------
# -----------------------------------------------------------------------
#  [FAIL] Incorrect Output at MODE: 1 , CMD:  0 
#  Inputs:	OPA: 229 , OPB: 119 , INP_VALID : 11 
#  Expected Result : RES:    92 , COUT: 0 , OFLOW: 0 , EGL: 000 , ERR: 0 
#  DUT Result	: RES:    92 , COUT: 1 , OFLOW: 0 , EGL: 000 , ERR: 0 
# -----------------------------------------------------------------------
# -----------------------------------------------------------------------
#  [FAIL] Incorrect Output at MODE: 1 , CMD:  0 
#  Inputs:	OPA: 143 , OPB: 242 , INP_VALID : 11 
#  Expected Result : RES:   129 , COUT: 0 , OFLOW: 0 , EGL: 000 , ERR: 0 
#  DUT Result	: RES:   129 , COUT: 1 , OFLOW: 0 , EGL: 000 , ERR: 0 
# -----------------------------------------------------------------------
# -----------------------------------------------------------------------
#  [FAIL] Incorrect Output at MODE: 1 , CMD:  0 
#  Inputs:	OPA: 232 , OPB: 197 , INP_VALID : 11 
#  Expected Result : RES:   173 , COUT: 0 , OFLOW: 0 , EGL: 000 , ERR: 0 
#  DUT Result	: RES:   173 , COUT: 1 , OFLOW: 0 , EGL: 000 , ERR: 0 
# -----------------------------------------------------------------------
#  [PASS] Inputs: OPA: 189 , OPB:  45 , INP_VALID : 11 
#  Expected Result : RES:   234 , COUT: 0 , OFLOW: 0 , EGL: 000 , ERR: 0 
#  DUT Result	: RES:   234 , COUT: 0 , OFLOW: 0 , EGL: 000 , ERR: 0 
#  [PASS] Inputs: OPA:  99 , OPB:  10 , INP_VALID : 11 
#  Expected Result : RES:   109 , COUT: 0 , OFLOW: 0 , EGL: 000 , ERR: 0 
#  DUT Result	: RES:   109 , COUT: 0 , OFLOW: 0 , EGL: 000 , ERR: 0 
#  [PASS] Inputs: OPA:  32 , OPB: 170 , INP_VALID : 11 
#  Expected Result : RES:   202 , COUT: 0 , OFLOW: 0 , EGL: 000 , ERR: 0 
#  DUT Result	: RES:   202 , COUT: 0 , OFLOW: 0 , EGL: 000 , ERR: 0 
#  [PASS] Inputs: OPA: 150 , OPB:  19 , INP_VALID : 11 
#  Expected Result : RES:   169 , COUT: 0 , OFLOW: 0 , EGL: 000 , ERR: 0 
#  DUT Result	: RES:   169 , COUT: 0 , OFLOW: 0 , EGL: 000 , ERR: 0 
#  [PASS] Inputs: OPA:  83 , OPB: 107 , INP_VALID : 11 
#  Expected Result : RES:   190 , COUT: 0 , OFLOW: 0 , EGL: 000 , ERR: 0 
#  DUT Result	: RES:   190 , COUT: 0 , OFLOW: 0 , EGL: 000 , ERR: 0 
#  [PASS] Inputs: OPA:   2 , OPB: 174 , INP_VALID : 11 
#  Expected Result : RES:   176 , COUT: 0 , OFLOW: 0 , EGL: 000 , ERR: 0 
#  DUT Result	: RES:   176 , COUT: 0 , OFLOW: 0 , EGL: 000 , ERR: 0 
#  [PASS] Inputs: OPA: 207 , OPB:  35 , INP_VALID : 11 
#  Expected Result : RES:   242 , COUT: 0 , OFLOW: 0 , EGL: 000 , ERR: 0 
#  DUT Result	: RES:   242 , COUT: 0 , OFLOW: 0 , EGL: 000 , ERR: 0 
# -----------------------------------------------------------------------
#  [FAIL] Incorrect Output at MODE: 1 , CMD:  0 
#  Inputs:	OPA: 202 , OPB:  60 , INP_VALID : 11 
#  Expected Result : RES:     6 , COUT: 0 , OFLOW: 0 , EGL: 000 , ERR: 0 
#  DUT Result	: RES:     6 , COUT: 1 , OFLOW: 0 , EGL: 000 , ERR: 0 
# -----------------------------------------------------------------------
#  [PASS] Inputs: OPA: 138 , OPB:  65 , INP_VALID : 11 
#  Expected Result : RES:   203 , COUT: 0 , OFLOW: 0 , EGL: 000 , ERR: 0 
#  DUT Result	: RES:   203 , COUT: 0 , OFLOW: 0 , EGL: 000 , ERR: 0 
# -----------------------------------------------------------------------
#  [FAIL] Incorrect Output at MODE: 1 , CMD:  0 
#  Inputs:	OPA: 120 , OPB: 137 , INP_VALID : 11 
#  Expected Result : RES:     1 , COUT: 0 , OFLOW: 0 , EGL: 000 , ERR: 0 
#  DUT Result	: RES:     1 , COUT: 1 , OFLOW: 0 , EGL: 000 , ERR: 0 
# -----------------------------------------------------------------------
# -----------------------------------------------------------------------
#  [FAIL] Incorrect Output at MODE: 1 , CMD:  0 
#  Inputs:	OPA: 182 , OPB: 198 , INP_VALID : 11 
#  Expected Result : RES:   124 , COUT: 0 , OFLOW: 0 , EGL: 000 , ERR: 0 
#  DUT Result	: RES:   124 , COUT: 1 , OFLOW: 0 , EGL: 000 , ERR: 0 
# -----------------------------------------------------------------------
#  [PASS] Inputs: OPA: 188 , OPB:  42 , INP_VALID : 11 
#  Expected Result : RES:   230 , COUT: 0 , OFLOW: 0 , EGL: 000 , ERR: 0 
#  DUT Result	: RES:   230 , COUT: 0 , OFLOW: 0 , EGL: 000 , ERR: 0 
#  [PASS] Inputs: OPA: 113 , OPB: 133 , INP_VALID : 11 
#  Expected Result : RES:   246 , COUT: 0 , OFLOW: 0 , EGL: 000 , ERR: 0 
#  DUT Result	: RES:   246 , COUT: 0 , OFLOW: 0 , EGL: 000 , ERR: 0 
#  [PASS] Inputs: OPA:  59 , OPB:  58 , INP_VALID : 11 
#  Expected Result : RES:   117 , COUT: 0 , OFLOW: 0 , EGL: 000 , ERR: 0 
#  DUT Result	: RES:   117 , COUT: 0 , OFLOW: 0 , EGL: 000 , ERR: 0 
# -----------------------------------------------------------------------
#  [FAIL] Incorrect Output at MODE: 1 , CMD:  0 
#  Inputs:	OPA:  21 , OPB: 241 , INP_VALID : 11 
#  Expected Result : RES:     6 , COUT: 0 , OFLOW: 0 , EGL: 000 , ERR: 0 
#  DUT Result	: RES:     6 , COUT: 1 , OFLOW: 0 , EGL: 000 , ERR: 0 
# -----------------------------------------------------------------------
#  [PASS] Inputs: OPA:  98 , OPB:  76 , INP_VALID : 11 
#  Expected Result : RES:   174 , COUT: 0 , OFLOW: 0 , EGL: 000 , ERR: 0 
#  DUT Result	: RES:   174 , COUT: 0 , OFLOW: 0 , EGL: 000 , ERR: 0 
# -----------------------------------------------------------------------
#  [FAIL] Incorrect Output at MODE: 1 , CMD:  0 
#  Inputs:	OPA: 143 , OPB: 248 , INP_VALID : 11 
#  Expected Result : RES:   135 , COUT: 0 , OFLOW: 0 , EGL: 000 , ERR: 0 
#  DUT Result	: RES:   135 , COUT: 1 , OFLOW: 0 , EGL: 000 , ERR: 0 
# -----------------------------------------------------------------------
#  [PASS] Inputs: OPA: 159 , OPB:  92 , INP_VALID : 11 
#  Expected Result : RES:   251 , COUT: 0 , OFLOW: 0 , EGL: 000 , ERR: 0 
#  DUT Result	: RES:   251 , COUT: 0 , OFLOW: 0 , EGL: 000 , ERR: 0 
#  [PASS] Inputs: OPA: 137 , OPB:  73 , INP_VALID : 11 
#  Expected Result : RES:   210 , COUT: 0 , OFLOW: 0 , EGL: 000 , ERR: 0 
#  DUT Result	: RES:   210 , COUT: 0 , OFLOW: 0 , EGL: 000 , ERR: 0 
# -----------------------------------------------------------------------
#  [FAIL] Incorrect Output at MODE: 1 , CMD:  0 
#  Inputs:	OPA: 215 , OPB:  81 , INP_VALID : 11 
#  Expected Result : RES:    40 , COUT: 0 , OFLOW: 0 , EGL: 000 , ERR: 0 
#  DUT Result	: RES:    40 , COUT: 1 , OFLOW: 0 , EGL: 000 , ERR: 0 
# -----------------------------------------------------------------------
#  [PASS] Inputs: OPA:  12 , OPB: 194 , INP_VALID : 11 
#  Expected Result : RES:   206 , COUT: 0 , OFLOW: 0 , EGL: 000 , ERR: 0 
#  DUT Result	: RES:   206 , COUT: 0 , OFLOW: 0 , EGL: 000 , ERR: 0 
#  [PASS] Inputs: OPA: 119 , OPB:  61 , INP_VALID : 11 
#  Expected Result : RES:   180 , COUT: 0 , OFLOW: 0 , EGL: 000 , ERR: 0 
#  DUT Result	: RES:   180 , COUT: 0 , OFLOW: 0 , EGL: 000 , ERR: 0 
#  [PASS] Inputs: OPA: 126 , OPB: 109 , INP_VALID : 11 
#  Expected Result : RES:   235 , COUT: 0 , OFLOW: 0 , EGL: 000 , ERR: 0 
#  DUT Result	: RES:   235 , COUT: 0 , OFLOW: 0 , EGL: 000 , ERR: 0 
#  [PASS] Inputs: OPA:  31 , OPB: 211 , INP_VALID : 11 
#  Expected Result : RES:   242 , COUT: 0 , OFLOW: 0 , EGL: 000 , ERR: 0 
#  DUT Result	: RES:   242 , COUT: 0 , OFLOW: 0 , EGL: 000 , ERR: 0 
#  [PASS] Inputs: OPA: 120 , OPB:  91 , INP_VALID : 11 
#  Expected Result : RES:   211 , COUT: 0 , OFLOW: 0 , EGL: 000 , ERR: 0 
#  DUT Result	: RES:   211 , COUT: 0 , OFLOW: 0 , EGL: 000 , ERR: 0 
#  [PASS] Inputs: OPA:  63 , OPB:  42 , INP_VALID : 11 
#  Expected Result : RES:   105 , COUT: 0 , OFLOW: 0 , EGL: 000 , ERR: 0 
#  DUT Result	: RES:   105 , COUT: 0 , OFLOW: 0 , EGL: 000 , ERR: 0 
# -----------------------------------------------------------------------
#  [FAIL] Incorrect Output at MODE: 1 , CMD:  0 
#  Inputs:	OPA: 134 , OPB: 142 , INP_VALID : 11 
#  Expected Result : RES:    20 , COUT: 0 , OFLOW: 0 , EGL: 000 , ERR: 0 
#  DUT Result	: RES:    20 , COUT: 1 , OFLOW: 0 , EGL: 000 , ERR: 0 
# -----------------------------------------------------------------------
# -----------------------------------------------------------------------
#  [FAIL] Incorrect Output at MODE: 1 , CMD:  0 
#  Inputs:	OPA: 250 , OPB:  38 , INP_VALID : 11 
#  Expected Result : RES:    32 , COUT: 0 , OFLOW: 0 , EGL: 000 , ERR: 0 
#  DUT Result	: RES:    32 , COUT: 1 , OFLOW: 0 , EGL: 000 , ERR: 0 
# -----------------------------------------------------------------------
#  [PASS] Inputs: OPA: 163 , OPB:  47 , INP_VALID : 11 
#  Expected Result : RES:   210 , COUT: 0 , OFLOW: 0 , EGL: 000 , ERR: 0 
#  DUT Result	: RES:   210 , COUT: 0 , OFLOW: 0 , EGL: 000 , ERR: 0 
#  [PASS] Inputs: OPA:  95 , OPB:  68 , INP_VALID : 11 
#  Expected Result : RES:   163 , COUT: 0 , OFLOW: 0 , EGL: 000 , ERR: 0 
#  DUT Result	: RES:   163 , COUT: 0 , OFLOW: 0 , EGL: 000 , ERR: 0 
# -----------------------------------------------------------------------
#  [FAIL] Incorrect Output at MODE: 1 , CMD:  0 
#  Inputs:	OPA: 203 , OPB: 230 , INP_VALID : 11 
#  Expected Result : RES:   177 , COUT: 0 , OFLOW: 0 , EGL: 000 , ERR: 0 
#  DUT Result	: RES:   177 , COUT: 1 , OFLOW: 0 , EGL: 000 , ERR: 0 
# -----------------------------------------------------------------------
# -----------------------------------------------------------------------
#  [FAIL] Incorrect Output at MODE: 1 , CMD:  0 
#  Inputs:	OPA:  41 , OPB: 237 , INP_VALID : 11 
#  Expected Result : RES:    22 , COUT: 0 , OFLOW: 0 , EGL: 000 , ERR: 0 
#  DUT Result	: RES:    22 , COUT: 1 , OFLOW: 0 , EGL: 000 , ERR: 0 
# -----------------------------------------------------------------------
# -----------------------------------------------------------------------
#  [FAIL] Incorrect Output at MODE: 1 , CMD:  0 
#  Inputs:	OPA: 101 , OPB: 181 , INP_VALID : 11 
#  Expected Result : RES:    26 , COUT: 0 , OFLOW: 0 , EGL: 000 , ERR: 0 
#  DUT Result	: RES:    26 , COUT: 1 , OFLOW: 0 , EGL: 000 , ERR: 0 
# -----------------------------------------------------------------------
#  [PASS] Inputs: OPA: 121 , OPB:  68 , INP_VALID : 11 
#  Expected Result : RES:   189 , COUT: 0 , OFLOW: 0 , EGL: 000 , ERR: 0 
#  DUT Result	: RES:   189 , COUT: 0 , OFLOW: 0 , EGL: 000 , ERR: 0 
#  [PASS] Inputs: OPA:  42 , OPB: 171 , INP_VALID : 11 
#  Expected Result : RES:   213 , COUT: 0 , OFLOW: 0 , EGL: 000 , ERR: 0 
#  DUT Result	: RES:   213 , COUT: 0 , OFLOW: 0 , EGL: 000 , ERR: 0 
# -----------------------------------------------------------------------
#  [FAIL] Incorrect Output at MODE: 1 , CMD:  0 
#  Inputs:	OPA: 220 , OPB: 154 , INP_VALID : 11 
#  Expected Result : RES:   118 , COUT: 0 , OFLOW: 0 , EGL: 000 , ERR: 0 
#  DUT Result	: RES:   118 , COUT: 1 , OFLOW: 0 , EGL: 000 , ERR: 0 
# -----------------------------------------------------------------------
# -----------------------------------------------------------------------
#  [FAIL] Incorrect Output at MODE: 1 , CMD:  0 
#  Inputs:	OPA: 195 , OPB:  86 , INP_VALID : 11 
#  Expected Result : RES:    25 , COUT: 0 , OFLOW: 0 , EGL: 000 , ERR: 0 
#  DUT Result	: RES:    25 , COUT: 1 , OFLOW: 0 , EGL: 000 , ERR: 0 
# -----------------------------------------------------------------------
#  [PASS] Inputs: OPA: 103 , OPB:  10 , INP_VALID : 11 
#  Expected Result : RES:   113 , COUT: 0 , OFLOW: 0 , EGL: 000 , ERR: 0 
#  DUT Result	: RES:   113 , COUT: 0 , OFLOW: 0 , EGL: 000 , ERR: 0 
#  [PASS] Inputs: OPA:  56 , OPB: 121 , INP_VALID : 11 
#  Expected Result : RES:   177 , COUT: 0 , OFLOW: 0 , EGL: 000 , ERR: 0 
#  DUT Result	: RES:   177 , COUT: 0 , OFLOW: 0 , EGL: 000 , ERR: 0 
# -----------------------------------------------------------------------
#  [FAIL] Incorrect Output at MODE: 1 , CMD:  0 
#  Inputs:	OPA: 148 , OPB: 147 , INP_VALID : 11 
#  Expected Result : RES:    39 , COUT: 0 , OFLOW: 0 , EGL: 000 , ERR: 0 
#  DUT Result	: RES:    39 , COUT: 1 , OFLOW: 0 , EGL: 000 , ERR: 0 
# -----------------------------------------------------------------------
# -----------------------------------------------------------------------
#  [FAIL] Incorrect Output at MODE: 1 , CMD:  0 
#  Inputs:	OPA:  89 , OPB: 219 , INP_VALID : 11 
#  Expected Result : RES:    52 , COUT: 0 , OFLOW: 0 , EGL: 000 , ERR: 0 
#  DUT Result	: RES:    52 , COUT: 1 , OFLOW: 0 , EGL: 000 , ERR: 0 
# -----------------------------------------------------------------------
# -----------------------------------------------------------------------
#  [FAIL] Incorrect Output at MODE: 1 , CMD:  0 
#  Inputs:	OPA: 217 , OPB: 109 , INP_VALID : 11 
#  Expected Result : RES:    70 , COUT: 0 , OFLOW: 0 , EGL: 000 , ERR: 0 
#  DUT Result	: RES:    70 , COUT: 1 , OFLOW: 0 , EGL: 000 , ERR: 0 
# -----------------------------------------------------------------------
# -----------------------------------------------------------------------
#  [FAIL] Incorrect Output at MODE: 1 , CMD:  0 
#  Inputs:	OPA: 202 , OPB: 182 , INP_VALID : 11 
#  Expected Result : RES:   128 , COUT: 0 , OFLOW: 0 , EGL: 000 , ERR: 0 
#  DUT Result	: RES:   128 , COUT: 1 , OFLOW: 0 , EGL: 000 , ERR: 0 
# -----------------------------------------------------------------------
#  [PASS] Inputs: OPA:  70 , OPB:   4 , INP_VALID : 11 
#  Expected Result : RES:    74 , COUT: 0 , OFLOW: 0 , EGL: 000 , ERR: 0 
#  DUT Result	: RES:    74 , COUT: 0 , OFLOW: 0 , EGL: 000 , ERR: 0 
# -----------------------------------------------------------------------
#  [FAIL] Incorrect Output at MODE: 1 , CMD:  0 
#  Inputs:	OPA: 105 , OPB: 180 , INP_VALID : 11 
#  Expected Result : RES:    29 , COUT: 0 , OFLOW: 0 , EGL: 000 , ERR: 0 
#  DUT Result	: RES:    29 , COUT: 1 , OFLOW: 0 , EGL: 000 , ERR: 0 
# -----------------------------------------------------------------------
#  [PASS] Inputs: OPA:  40 , OPB:  45 , INP_VALID : 11 
#  Expected Result : RES:    85 , COUT: 0 , OFLOW: 0 , EGL: 000 , ERR: 0 
#  DUT Result	: RES:    85 , COUT: 0 , OFLOW: 0 , EGL: 000 , ERR: 0 
#  [PASS] Inputs: OPA:  46 , OPB:   8 , INP_VALID : 11 
#  Expected Result : RES:    54 , COUT: 0 , OFLOW: 0 , EGL: 000 , ERR: 0 
#  DUT Result	: RES:    54 , COUT: 0 , OFLOW: 0 , EGL: 000 , ERR: 0 
# -----------------------------------------------------------------------
#  [FAIL] Incorrect Output at MODE: 1 , CMD:  0 
#  Inputs:	OPA: 253 , OPB:  41 , INP_VALID : 11 
#  Expected Result : RES:    38 , COUT: 0 , OFLOW: 0 , EGL: 000 , ERR: 0 
#  DUT Result	: RES:    38 , COUT: 1 , OFLOW: 0 , EGL: 000 , ERR: 0 
# -----------------------------------------------------------------------
# -----------------------------------------------------------------------
#  [FAIL] Incorrect Output at MODE: 1 , CMD:  0 
#  Inputs:	OPA: 134 , OPB: 218 , INP_VALID : 11 
#  Expected Result : RES:    96 , COUT: 0 , OFLOW: 0 , EGL: 000 , ERR: 0 
#  DUT Result	: RES:    96 , COUT: 1 , OFLOW: 0 , EGL: 000 , ERR: 0 
# -----------------------------------------------------------------------
#  [PASS] Inputs: OPA: 102 , OPB: 112 , INP_VALID : 11 
#  Expected Result : RES:   214 , COUT: 0 , OFLOW: 0 , EGL: 000 , ERR: 0 
#  DUT Result	: RES:   214 , COUT: 0 , OFLOW: 0 , EGL: 000 , ERR: 0 
# -----------------------------------------------------------------------
#  [FAIL] Incorrect Output at MODE: 1 , CMD:  0 
#  Inputs:	OPA: 186 , OPB:  94 , INP_VALID : 11 
#  Expected Result : RES:    24 , COUT: 0 , OFLOW: 0 , EGL: 000 , ERR: 0 
#  DUT Result	: RES:    24 , COUT: 1 , OFLOW: 0 , EGL: 000 , ERR: 0 
# -----------------------------------------------------------------------
#  [PASS] Inputs: OPA: 213 , OPB:  26 , INP_VALID : 11 
#  Expected Result : RES:   239 , COUT: 0 , OFLOW: 0 , EGL: 000 , ERR: 0 
#  DUT Result	: RES:   239 , COUT: 0 , OFLOW: 0 , EGL: 000 , ERR: 0 
#  [PASS] Inputs: OPA:  55 , OPB: 150 , INP_VALID : 11 
#  Expected Result : RES:   205 , COUT: 0 , OFLOW: 0 , EGL: 000 , ERR: 0 
#  DUT Result	: RES:   205 , COUT: 0 , OFLOW: 0 , EGL: 000 , ERR: 0 
#  [PASS] Inputs: OPA:  38 , OPB: 182 , INP_VALID : 11 
#  Expected Result : RES:   220 , COUT: 0 , OFLOW: 0 , EGL: 000 , ERR: 0 
#  DUT Result	: RES:   220 , COUT: 0 , OFLOW: 0 , EGL: 000 , ERR: 0 
# -----------------------------------------------------------------------
#  [FAIL] Incorrect Output at MODE: 1 , CMD:  0 
#  Inputs:	OPA: 220 , OPB: 134 , INP_VALID : 11 
#  Expected Result : RES:    98 , COUT: 0 , OFLOW: 0 , EGL: 000 , ERR: 0 
#  DUT Result	: RES:    98 , COUT: 1 , OFLOW: 0 , EGL: 000 , ERR: 0 
# -----------------------------------------------------------------------
# -----------------------------------------------------------------------
#  [FAIL] Incorrect Output at MODE: 1 , CMD:  0 
#  Inputs:	OPA: 126 , OPB: 219 , INP_VALID : 11 
#  Expected Result : RES:    89 , COUT: 0 , OFLOW: 0 , EGL: 000 , ERR: 0 
#  DUT Result	: RES:    89 , COUT: 1 , OFLOW: 0 , EGL: 000 , ERR: 0 
# -----------------------------------------------------------------------
# -----------------------------------------------------------------------
#  [FAIL] Incorrect Output at MODE: 1 , CMD:  0 
#  Inputs:	OPA: 121 , OPB: 250 , INP_VALID : 11 
#  Expected Result : RES:   115 , COUT: 0 , OFLOW: 0 , EGL: 000 , ERR: 0 
#  DUT Result	: RES:   115 , COUT: 1 , OFLOW: 0 , EGL: 000 , ERR: 0 
# -----------------------------------------------------------------------
#  [PASS] Inputs: OPA:  23 , OPB: 161 , INP_VALID : 11 
#  Expected Result : RES:   184 , COUT: 0 , OFLOW: 0 , EGL: 000 , ERR: 0 
#  DUT Result	: RES:   184 , COUT: 0 , OFLOW: 0 , EGL: 000 , ERR: 0 
# -----------------------------------------------------------------------
#  [FAIL] Incorrect Output at MODE: 1 , CMD:  0 
#  Inputs:	OPA:  80 , OPB: 245 , INP_VALID : 11 
#  Expected Result : RES:    69 , COUT: 0 , OFLOW: 0 , EGL: 000 , ERR: 0 
#  DUT Result	: RES:    69 , COUT: 1 , OFLOW: 0 , EGL: 000 , ERR: 0 
# -----------------------------------------------------------------------
#  [PASS] Inputs: OPA:  41 , OPB: 193 , INP_VALID : 11 
#  Expected Result : RES:   234 , COUT: 0 , OFLOW: 0 , EGL: 000 , ERR: 0 
#  DUT Result	: RES:   234 , COUT: 0 , OFLOW: 0 , EGL: 000 , ERR: 0 
#  [PASS] Inputs: OPA: 152 , OPB:  75 , INP_VALID : 11 
#  Expected Result : RES:   227 , COUT: 0 , OFLOW: 0 , EGL: 000 , ERR: 0 
#  DUT Result	: RES:   227 , COUT: 0 , OFLOW: 0 , EGL: 000 , ERR: 0 
# -----------------------------------------------------------------------
#  [FAIL] Incorrect Output at MODE: 1 , CMD:  0 
#  Inputs:	OPA: 236 , OPB: 138 , INP_VALID : 11 
#  Expected Result : RES:   118 , COUT: 0 , OFLOW: 0 , EGL: 000 , ERR: 0 
#  DUT Result	: RES:   118 , COUT: 1 , OFLOW: 0 , EGL: 000 , ERR: 0 
# -----------------------------------------------------------------------
# -----------------------------------------------------------------------
#  [FAIL] Incorrect Output at MODE: 1 , CMD:  0 
#  Inputs:	OPA: 168 , OPB: 169 , INP_VALID : 11 
#  Expected Result : RES:    81 , COUT: 0 , OFLOW: 0 , EGL: 000 , ERR: 0 
#  DUT Result	: RES:    81 , COUT: 1 , OFLOW: 0 , EGL: 000 , ERR: 0 
# -----------------------------------------------------------------------
#  [PASS] Inputs: OPA:  14 , OPB: 230 , INP_VALID : 11 
#  Expected Result : RES:   244 , COUT: 0 , OFLOW: 0 , EGL: 000 , ERR: 0 
#  DUT Result	: RES:   244 , COUT: 0 , OFLOW: 0 , EGL: 000 , ERR: 0 
#  [PASS] Inputs: OPA:  42 , OPB:  42 , INP_VALID : 11 
#  Expected Result : RES:    84 , COUT: 0 , OFLOW: 0 , EGL: 000 , ERR: 0 
#  DUT Result	: RES:    84 , COUT: 0 , OFLOW: 0 , EGL: 000 , ERR: 0 
#  [PASS] Inputs: OPA: 158 , OPB:  56 , INP_VALID : 11 
#  Expected Result : RES:   214 , COUT: 0 , OFLOW: 0 , EGL: 000 , ERR: 0 
#  DUT Result	: RES:   214 , COUT: 0 , OFLOW: 0 , EGL: 000 , ERR: 0 
# -----------------------------------------------------------------------
#  [FAIL] Incorrect Output at MODE: 1 , CMD:  0 
#  Inputs:	OPA: 200 , OPB: 202 , INP_VALID : 11 
#  Expected Result : RES:   146 , COUT: 0 , OFLOW: 0 , EGL: 000 , ERR: 0 
#  DUT Result	: RES:   146 , COUT: 1 , OFLOW: 0 , EGL: 000 , ERR: 0 
# -----------------------------------------------------------------------
# -----------------------------------------------------------------------
#  [FAIL] Incorrect Output at MODE: 1 , CMD:  0 
#  Inputs:	OPA: 107 , OPB: 199 , INP_VALID : 11 
#  Expected Result : RES:    50 , COUT: 0 , OFLOW: 0 , EGL: 000 , ERR: 0 
#  DUT Result	: RES:    50 , COUT: 1 , OFLOW: 0 , EGL: 000 , ERR: 0 
# -----------------------------------------------------------------------
# -----------------------------------------------------------------------
#  [FAIL] Incorrect Output at MODE: 1 , CMD:  0 
#  Inputs:	OPA: 186 , OPB: 196 , INP_VALID : 11 
#  Expected Result : RES:   126 , COUT: 0 , OFLOW: 0 , EGL: 000 , ERR: 0 
#  DUT Result	: RES:   126 , COUT: 1 , OFLOW: 0 , EGL: 000 , ERR: 0 
# -----------------------------------------------------------------------
# -----------------------------------------------------------------------
#  [FAIL] Incorrect Output at MODE: 1 , CMD:  0 
#  Inputs:	OPA: 146 , OPB: 180 , INP_VALID : 11 
#  Expected Result : RES:    70 , COUT: 0 , OFLOW: 0 , EGL: 000 , ERR: 0 
#  DUT Result	: RES:    70 , COUT: 1 , OFLOW: 0 , EGL: 000 , ERR: 0 
# -----------------------------------------------------------------------
# -----------------------------------------------------------------------
#  [FAIL] Incorrect Output at MODE: 1 , CMD:  0 
#  Inputs:	OPA: 134 , OPB: 250 , INP_VALID : 11 
#  Expected Result : RES:   128 , COUT: 0 , OFLOW: 0 , EGL: 000 , ERR: 0 
#  DUT Result	: RES:   128 , COUT: 1 , OFLOW: 0 , EGL: 000 , ERR: 0 
# -----------------------------------------------------------------------
#  [PASS] Inputs: OPA:  50 , OPB: 189 , INP_VALID : 11 
#  Expected Result : RES:   239 , COUT: 0 , OFLOW: 0 , EGL: 000 , ERR: 0 
#  DUT Result	: RES:   239 , COUT: 0 , OFLOW: 0 , EGL: 000 , ERR: 0 
# -----------------------------------------------------------------------
#  [FAIL] Incorrect Output at MODE: 1 , CMD:  0 
#  Inputs:	OPA: 228 , OPB: 202 , INP_VALID : 11 
#  Expected Result : RES:   174 , COUT: 0 , OFLOW: 0 , EGL: 000 , ERR: 0 
#  DUT Result	: RES:   174 , COUT: 1 , OFLOW: 0 , EGL: 000 , ERR: 0 
# -----------------------------------------------------------------------
# -----------------------------------------------------------------------
#  [FAIL] Incorrect Output at MODE: 1 , CMD:  0 
#  Inputs:	OPA: 161 , OPB: 142 , INP_VALID : 11 
#  Expected Result : RES:    47 , COUT: 0 , OFLOW: 0 , EGL: 000 , ERR: 0 
#  DUT Result	: RES:    47 , COUT: 1 , OFLOW: 0 , EGL: 000 , ERR: 0 
# -----------------------------------------------------------------------
#  [PASS] Inputs: OPA:  11 , OPB: 239 , INP_VALID : 11 
#  Expected Result : RES:   250 , COUT: 0 , OFLOW: 0 , EGL: 000 , ERR: 0 
#  DUT Result	: RES:   250 , COUT: 0 , OFLOW: 0 , EGL: 000 , ERR: 0 
#  [PASS] Inputs: OPA:  54 , OPB: 117 , INP_VALID : 11 
#  Expected Result : RES:   171 , COUT: 0 , OFLOW: 0 , EGL: 000 , ERR: 0 
#  DUT Result	: RES:   171 , COUT: 0 , OFLOW: 0 , EGL: 000 , ERR: 0 
#  [PASS] Inputs: OPA: 107 , OPB: 136 , INP_VALID : 11 
#  Expected Result : RES:   243 , COUT: 0 , OFLOW: 0 , EGL: 000 , ERR: 0 
#  DUT Result	: RES:   243 , COUT: 0 , OFLOW: 0 , EGL: 000 , ERR: 0 
# -----------------------------------------------------------------------
#  [FAIL] Incorrect Output at MODE: 1 , CMD:  0 
#  Inputs:	OPA: 155 , OPB: 146 , INP_VALID : 11 
#  Expected Result : RES:    45 , COUT: 0 , OFLOW: 0 , EGL: 000 , ERR: 0 
#  DUT Result	: RES:    45 , COUT: 1 , OFLOW: 0 , EGL: 000 , ERR: 0 
# -----------------------------------------------------------------------
#  [PASS] Inputs: OPA:  45 , OPB:  75 , INP_VALID : 11 
#  Expected Result : RES:   120 , COUT: 0 , OFLOW: 0 , EGL: 000 , ERR: 0 
#  DUT Result	: RES:   120 , COUT: 0 , OFLOW: 0 , EGL: 000 , ERR: 0 
#  [PASS] Inputs: OPA:  30 , OPB:  13 , INP_VALID : 11 
#  Expected Result : RES:    43 , COUT: 0 , OFLOW: 0 , EGL: 000 , ERR: 0 
#  DUT Result	: RES:    43 , COUT: 0 , OFLOW: 0 , EGL: 000 , ERR: 0 
#  [PASS] Inputs: OPA:  24 , OPB: 209 , INP_VALID : 11 
#  Expected Result : RES:   233 , COUT: 0 , OFLOW: 0 , EGL: 000 , ERR: 0 
#  DUT Result	: RES:   233 , COUT: 0 , OFLOW: 0 , EGL: 000 , ERR: 0 
#  [PASS] Inputs: OPA:  65 , OPB:  59 , INP_VALID : 11 
#  Expected Result : RES:   124 , COUT: 0 , OFLOW: 0 , EGL: 000 , ERR: 0 
#  DUT Result	: RES:   124 , COUT: 0 , OFLOW: 0 , EGL: 000 , ERR: 0 
#  [PASS] Inputs: OPA:  83 , OPB:  86 , INP_VALID : 11 
#  Expected Result : RES:   169 , COUT: 0 , OFLOW: 0 , EGL: 000 , ERR: 0 
#  DUT Result	: RES:   169 , COUT: 0 , OFLOW: 0 , EGL: 000 , ERR: 0 
#  [PASS] Inputs: OPA: 226 , OPB:   4 , INP_VALID : 11 
#  Expected Result : RES:   230 , COUT: 0 , OFLOW: 0 , EGL: 000 , ERR: 0 
#  DUT Result	: RES:   230 , COUT: 0 , OFLOW: 0 , EGL: 000 , ERR: 0 
#  [PASS] Inputs: OPA: 216 , OPB:  18 , INP_VALID : 11 
#  Expected Result : RES:   234 , COUT: 0 , OFLOW: 0 , EGL: 000 , ERR: 0 
#  DUT Result	: RES:   234 , COUT: 0 , OFLOW: 0 , EGL: 000 , ERR: 0 
# -----------------------------------------------------------------------
#  [FAIL] Incorrect Output at MODE: 1 , CMD:  0 
#  Inputs:	OPA:  57 , OPB: 229 , INP_VALID : 11 
#  Expected Result : RES:    30 , COUT: 0 , OFLOW: 0 , EGL: 000 , ERR: 0 
#  DUT Result	: RES:    30 , COUT: 1 , OFLOW: 0 , EGL: 000 , ERR: 0 
# -----------------------------------------------------------------------
#  [PASS] Inputs: OPA:  43 , OPB: 129 , INP_VALID : 11 
#  Expected Result : RES:   172 , COUT: 0 , OFLOW: 0 , EGL: 000 , ERR: 0 
#  DUT Result	: RES:   172 , COUT: 0 , OFLOW: 0 , EGL: 000 , ERR: 0 
#  [PASS] Inputs: OPA:  39 , OPB: 161 , INP_VALID : 11 
#  Expected Result : RES:   200 , COUT: 0 , OFLOW: 0 , EGL: 000 , ERR: 0 
#  DUT Result	: RES:   200 , COUT: 0 , OFLOW: 0 , EGL: 000 , ERR: 0 
#  [PASS] Inputs: OPA:   4 , OPB:  88 , INP_VALID : 11 
#  Expected Result : RES:    92 , COUT: 0 , OFLOW: 0 , EGL: 000 , ERR: 0 
#  DUT Result	: RES:    92 , COUT: 0 , OFLOW: 0 , EGL: 000 , ERR: 0 
#  [PASS] Inputs: OPA:  20 , OPB:  18 , INP_VALID : 11 
#  Expected Result : RES:    38 , COUT: 0 , OFLOW: 0 , EGL: 000 , ERR: 0 
#  DUT Result	: RES:    38 , COUT: 0 , OFLOW: 0 , EGL: 000 , ERR: 0 
# -----------------------------------------------------------------------
#  [FAIL] Incorrect Output at MODE: 1 , CMD:  0 
#  Inputs:	OPA: 177 , OPB:  85 , INP_VALID : 11 
#  Expected Result : RES:     6 , COUT: 0 , OFLOW: 0 , EGL: 000 , ERR: 0 
#  DUT Result	: RES:     6 , COUT: 1 , OFLOW: 0 , EGL: 000 , ERR: 0 
# -----------------------------------------------------------------------
#  [PASS] Inputs: OPA:  43 , OPB: 245 , INP_VALID : 11 
#  Expected Result : RES:    54 , COUT: 0 , OFLOW: 1 , EGL: 000 , ERR: 0 
#  DUT Result	: RES:    54 , COUT: 0 , OFLOW: 1 , EGL: 000 , ERR: 0 
#  [PASS] Inputs: OPA:  39 , OPB: 132 , INP_VALID : 11 
#  Expected Result : RES:   163 , COUT: 0 , OFLOW: 1 , EGL: 000 , ERR: 0 
#  DUT Result	: RES:   163 , COUT: 0 , OFLOW: 1 , EGL: 000 , ERR: 0 
#  [PASS] Inputs: OPA: 231 , OPB: 185 , INP_VALID : 11 
#  Expected Result : RES:    46 , COUT: 0 , OFLOW: 0 , EGL: 000 , ERR: 0 
#  DUT Result	: RES:    46 , COUT: 0 , OFLOW: 0 , EGL: 000 , ERR: 0 
#  [PASS] Inputs: OPA: 219 , OPB: 201 , INP_VALID : 11 
#  Expected Result : RES:    18 , COUT: 0 , OFLOW: 0 , EGL: 000 , ERR: 0 
#  DUT Result	: RES:    18 , COUT: 0 , OFLOW: 0 , EGL: 000 , ERR: 0 
#  [PASS] Inputs: OPA: 161 , OPB:  42 , INP_VALID : 11 
#  Expected Result : RES:   119 , COUT: 0 , OFLOW: 0 , EGL: 000 , ERR: 0 
#  DUT Result	: RES:   119 , COUT: 0 , OFLOW: 0 , EGL: 000 , ERR: 0 
#  [PASS] Inputs: OPA:  69 , OPB: 131 , INP_VALID : 11 
#  Expected Result : RES:   194 , COUT: 0 , OFLOW: 1 , EGL: 000 , ERR: 0 
#  DUT Result	: RES:   194 , COUT: 0 , OFLOW: 1 , EGL: 000 , ERR: 0 
#  [PASS] Inputs: OPA: 114 , OPB: 254 , INP_VALID : 11 
#  Expected Result : RES:   116 , COUT: 0 , OFLOW: 1 , EGL: 000 , ERR: 0 
#  DUT Result	: RES:   116 , COUT: 0 , OFLOW: 1 , EGL: 000 , ERR: 0 
#  [PASS] Inputs: OPA: 111 , OPB: 134 , INP_VALID : 11 
#  Expected Result : RES:   233 , COUT: 0 , OFLOW: 1 , EGL: 000 , ERR: 0 
#  DUT Result	: RES:   233 , COUT: 0 , OFLOW: 1 , EGL: 000 , ERR: 0 
#  [PASS] Inputs: OPA:  56 , OPB:  64 , INP_VALID : 11 
#  Expected Result : RES:   248 , COUT: 0 , OFLOW: 1 , EGL: 000 , ERR: 0 
#  DUT Result	: RES:   248 , COUT: 0 , OFLOW: 1 , EGL: 000 , ERR: 0 
#  [PASS] Inputs: OPA: 246 , OPB: 197 , INP_VALID : 11 
#  Expected Result : RES:    49 , COUT: 0 , OFLOW: 0 , EGL: 000 , ERR: 0 
#  DUT Result	: RES:    49 , COUT: 0 , OFLOW: 0 , EGL: 000 , ERR: 0 
#  [PASS] Inputs: OPA: 116 , OPB:  57 , INP_VALID : 11 
#  Expected Result : RES:    59 , COUT: 0 , OFLOW: 0 , EGL: 000 , ERR: 0 
#  DUT Result	: RES:    59 , COUT: 0 , OFLOW: 0 , EGL: 000 , ERR: 0 
#  [PASS] Inputs: OPA:  60 , OPB:  42 , INP_VALID : 11 
#  Expected Result : RES:    18 , COUT: 0 , OFLOW: 0 , EGL: 000 , ERR: 0 
#  DUT Result	: RES:    18 , COUT: 0 , OFLOW: 0 , EGL: 000 , ERR: 0 
#  [PASS] Inputs: OPA:  21 , OPB: 225 , INP_VALID : 11 
#  Expected Result : RES:    52 , COUT: 0 , OFLOW: 1 , EGL: 000 , ERR: 0 
#  DUT Result	: RES:    52 , COUT: 0 , OFLOW: 1 , EGL: 000 , ERR: 0 
#  [PASS] Inputs: OPA:  67 , OPB: 201 , INP_VALID : 11 
#  Expected Result : RES:   122 , COUT: 0 , OFLOW: 1 , EGL: 000 , ERR: 0 
#  DUT Result	: RES:   122 , COUT: 0 , OFLOW: 1 , EGL: 000 , ERR: 0 
#  [PASS] Inputs: OPA:  37 , OPB: 193 , INP_VALID : 11 
#  Expected Result : RES:   100 , COUT: 0 , OFLOW: 1 , EGL: 000 , ERR: 0 
#  DUT Result	: RES:   100 , COUT: 0 , OFLOW: 1 , EGL: 000 , ERR: 0 
#  [PASS] Inputs: OPA:  90 , OPB:   7 , INP_VALID : 11 
#  Expected Result : RES:    83 , COUT: 0 , OFLOW: 0 , EGL: 000 , ERR: 0 
#  DUT Result	: RES:    83 , COUT: 0 , OFLOW: 0 , EGL: 000 , ERR: 0 
#  [PASS] Inputs: OPA:  12 , OPB: 113 , INP_VALID : 11 
#  Expected Result : RES:   155 , COUT: 0 , OFLOW: 1 , EGL: 000 , ERR: 0 
#  DUT Result	: RES:   155 , COUT: 0 , OFLOW: 1 , EGL: 000 , ERR: 0 
#  [PASS] Inputs: OPA: 182 , OPB: 247 , INP_VALID : 11 
#  Expected Result : RES:   191 , COUT: 0 , OFLOW: 1 , EGL: 000 , ERR: 0 
#  DUT Result	: RES:   191 , COUT: 0 , OFLOW: 1 , EGL: 000 , ERR: 0 
#  [PASS] Inputs: OPA:  92 , OPB:  85 , INP_VALID : 11 
#  Expected Result : RES:     7 , COUT: 0 , OFLOW: 0 , EGL: 000 , ERR: 0 
#  DUT Result	: RES:     7 , COUT: 0 , OFLOW: 0 , EGL: 000 , ERR: 0 
#  [PASS] Inputs: OPA: 160 , OPB: 114 , INP_VALID : 11 
#  Expected Result : RES:    46 , COUT: 0 , OFLOW: 0 , EGL: 000 , ERR: 0 
#  DUT Result	: RES:    46 , COUT: 0 , OFLOW: 0 , EGL: 000 , ERR: 0 
#  [PASS] Inputs: OPA: 221 , OPB:  13 , INP_VALID : 11 
#  Expected Result : RES:   208 , COUT: 0 , OFLOW: 0 , EGL: 000 , ERR: 0 
#  DUT Result	: RES:   208 , COUT: 0 , OFLOW: 0 , EGL: 000 , ERR: 0 
#  [PASS] Inputs: OPA: 121 , OPB: 158 , INP_VALID : 11 
#  Expected Result : RES:   219 , COUT: 0 , OFLOW: 1 , EGL: 000 , ERR: 0 
#  DUT Result	: RES:   219 , COUT: 0 , OFLOW: 1 , EGL: 000 , ERR: 0 
#  [PASS] Inputs: OPA: 123 , OPB: 143 , INP_VALID : 11 
#  Expected Result : RES:   236 , COUT: 0 , OFLOW: 1 , EGL: 000 , ERR: 0 
#  DUT Result	: RES:   236 , COUT: 0 , OFLOW: 1 , EGL: 000 , ERR: 0 
#  [PASS] Inputs: OPA: 227 , OPB:  29 , INP_VALID : 11 
#  Expected Result : RES:   198 , COUT: 0 , OFLOW: 0 , EGL: 000 , ERR: 0 
#  DUT Result	: RES:   198 , COUT: 0 , OFLOW: 0 , EGL: 000 , ERR: 0 
#  [PASS] Inputs: OPA:  68 , OPB: 149 , INP_VALID : 11 
#  Expected Result : RES:   175 , COUT: 0 , OFLOW: 1 , EGL: 000 , ERR: 0 
#  DUT Result	: RES:   175 , COUT: 0 , OFLOW: 1 , EGL: 000 , ERR: 0 
#  [PASS] Inputs: OPA: 237 , OPB:  82 , INP_VALID : 11 
#  Expected Result : RES:   155 , COUT: 0 , OFLOW: 0 , EGL: 000 , ERR: 0 
#  DUT Result	: RES:   155 , COUT: 0 , OFLOW: 0 , EGL: 000 , ERR: 0 
#  [PASS] Inputs: OPA: 141 , OPB:  82 , INP_VALID : 11 
#  Expected Result : RES:    59 , COUT: 0 , OFLOW: 0 , EGL: 000 , ERR: 0 
#  DUT Result	: RES:    59 , COUT: 0 , OFLOW: 0 , EGL: 000 , ERR: 0 
#  [PASS] Inputs: OPA:  70 , OPB: 140 , INP_VALID : 11 
#  Expected Result : RES:   186 , COUT: 0 , OFLOW: 1 , EGL: 000 , ERR: 0 
#  DUT Result	: RES:   186 , COUT: 0 , OFLOW: 1 , EGL: 000 , ERR: 0 
#  [PASS] Inputs: OPA:  23 , OPB: 106 , INP_VALID : 11 
#  Expected Result : RES:   173 , COUT: 0 , OFLOW: 1 , EGL: 000 , ERR: 0 
#  DUT Result	: RES:   173 , COUT: 0 , OFLOW: 1 , EGL: 000 , ERR: 0 
#  [PASS] Inputs: OPA: 170 , OPB: 124 , INP_VALID : 11 
#  Expected Result : RES:    46 , COUT: 0 , OFLOW: 0 , EGL: 000 , ERR: 0 
#  DUT Result	: RES:    46 , COUT: 0 , OFLOW: 0 , EGL: 000 , ERR: 0 
#  [PASS] Inputs: OPA: 186 , OPB: 139 , INP_VALID : 11 
#  Expected Result : RES:    47 , COUT: 0 , OFLOW: 0 , EGL: 000 , ERR: 0 
#  DUT Result	: RES:    47 , COUT: 0 , OFLOW: 0 , EGL: 000 , ERR: 0 
#  [PASS] Inputs: OPA:  37 , OPB:  50 , INP_VALID : 11 
#  Expected Result : RES:   243 , COUT: 0 , OFLOW: 1 , EGL: 000 , ERR: 0 
#  DUT Result	: RES:   243 , COUT: 0 , OFLOW: 1 , EGL: 000 , ERR: 0 
#  [PASS] Inputs: OPA:  73 , OPB:  20 , INP_VALID : 11 
#  Expected Result : RES:    53 , COUT: 0 , OFLOW: 0 , EGL: 000 , ERR: 0 
#  DUT Result	: RES:    53 , COUT: 0 , OFLOW: 0 , EGL: 000 , ERR: 0 
#  [PASS] Inputs: OPA:  75 , OPB:  92 , INP_VALID : 11 
#  Expected Result : RES:   239 , COUT: 0 , OFLOW: 1 , EGL: 000 , ERR: 0 
#  DUT Result	: RES:   239 , COUT: 0 , OFLOW: 1 , EGL: 000 , ERR: 0 
#  [PASS] Inputs: OPA: 134 , OPB:  57 , INP_VALID : 11 
#  Expected Result : RES:    77 , COUT: 0 , OFLOW: 0 , EGL: 000 , ERR: 0 
#  DUT Result	: RES:    77 , COUT: 0 , OFLOW: 0 , EGL: 000 , ERR: 0 
#  [PASS] Inputs: OPA: 208 , OPB:  44 , INP_VALID : 11 
#  Expected Result : RES:   164 , COUT: 0 , OFLOW: 0 , EGL: 000 , ERR: 0 
#  DUT Result	: RES:   164 , COUT: 0 , OFLOW: 0 , EGL: 000 , ERR: 0 
#  [PASS] Inputs: OPA:   7 , OPB: 106 , INP_VALID : 11 
#  Expected Result : RES:   157 , COUT: 0 , OFLOW: 1 , EGL: 000 , ERR: 0 
#  DUT Result	: RES:   157 , COUT: 0 , OFLOW: 1 , EGL: 000 , ERR: 0 
#  [PASS] Inputs: OPA: 232 , OPB:  75 , INP_VALID : 11 
#  Expected Result : RES:   157 , COUT: 0 , OFLOW: 0 , EGL: 000 , ERR: 0 
#  DUT Result	: RES:   157 , COUT: 0 , OFLOW: 0 , EGL: 000 , ERR: 0 
#  [PASS] Inputs: OPA: 236 , OPB:  35 , INP_VALID : 11 
#  Expected Result : RES:   201 , COUT: 0 , OFLOW: 0 , EGL: 000 , ERR: 0 
#  DUT Result	: RES:   201 , COUT: 0 , OFLOW: 0 , EGL: 000 , ERR: 0 
#  [PASS] Inputs: OPA: 201 , OPB:  57 , INP_VALID : 11 
#  Expected Result : RES:   144 , COUT: 0 , OFLOW: 0 , EGL: 000 , ERR: 0 
#  DUT Result	: RES:   144 , COUT: 0 , OFLOW: 0 , EGL: 000 , ERR: 0 
#  [PASS] Inputs: OPA: 212 , OPB: 103 , INP_VALID : 11 
#  Expected Result : RES:   109 , COUT: 0 , OFLOW: 0 , EGL: 000 , ERR: 0 
#  DUT Result	: RES:   109 , COUT: 0 , OFLOW: 0 , EGL: 000 , ERR: 0 
#  [PASS] Inputs: OPA: 176 , OPB: 130 , INP_VALID : 11 
#  Expected Result : RES:    46 , COUT: 0 , OFLOW: 0 , EGL: 000 , ERR: 0 
#  DUT Result	: RES:    46 , COUT: 0 , OFLOW: 0 , EGL: 000 , ERR: 0 
#  [PASS] Inputs: OPA: 217 , OPB:  32 , INP_VALID : 11 
#  Expected Result : RES:   185 , COUT: 0 , OFLOW: 0 , EGL: 000 , ERR: 0 
#  DUT Result	: RES:   185 , COUT: 0 , OFLOW: 0 , EGL: 000 , ERR: 0 
#  [PASS] Inputs: OPA: 147 , OPB: 227 , INP_VALID : 11 
#  Expected Result : RES:   176 , COUT: 0 , OFLOW: 1 , EGL: 000 , ERR: 0 
#  DUT Result	: RES:   176 , COUT: 0 , OFLOW: 1 , EGL: 000 , ERR: 0 
#  [PASS] Inputs: OPA: 200 , OPB:  93 , INP_VALID : 11 
#  Expected Result : RES:   107 , COUT: 0 , OFLOW: 0 , EGL: 000 , ERR: 0 
#  DUT Result	: RES:   107 , COUT: 0 , OFLOW: 0 , EGL: 000 , ERR: 0 
#  [PASS] Inputs: OPA: 132 , OPB:  43 , INP_VALID : 11 
#  Expected Result : RES:    89 , COUT: 0 , OFLOW: 0 , EGL: 000 , ERR: 0 
#  DUT Result	: RES:    89 , COUT: 0 , OFLOW: 0 , EGL: 000 , ERR: 0 
#  [PASS] Inputs: OPA:  18 , OPB:  82 , INP_VALID : 11 
#  Expected Result : RES:   192 , COUT: 0 , OFLOW: 1 , EGL: 000 , ERR: 0 
#  DUT Result	: RES:   192 , COUT: 0 , OFLOW: 1 , EGL: 000 , ERR: 0 
#  [PASS] Inputs: OPA: 208 , OPB: 110 , INP_VALID : 11 
#  Expected Result : RES:    98 , COUT: 0 , OFLOW: 0 , EGL: 000 , ERR: 0 
#  DUT Result	: RES:    98 , COUT: 0 , OFLOW: 0 , EGL: 000 , ERR: 0 
#  [PASS] Inputs: OPA: 219 , OPB: 166 , INP_VALID : 11 
#  Expected Result : RES:    53 , COUT: 0 , OFLOW: 0 , EGL: 000 , ERR: 0 
#  DUT Result	: RES:    53 , COUT: 0 , OFLOW: 0 , EGL: 000 , ERR: 0 
#  [PASS] Inputs: OPA:   0 , OPB:  15 , INP_VALID : 11 
#  Expected Result : RES:   241 , COUT: 0 , OFLOW: 1 , EGL: 000 , ERR: 0 
#  DUT Result	: RES:   241 , COUT: 0 , OFLOW: 1 , EGL: 000 , ERR: 0 
#  [PASS] Inputs: OPA:  12 , OPB:  89 , INP_VALID : 11 
#  Expected Result : RES:   179 , COUT: 0 , OFLOW: 1 , EGL: 000 , ERR: 0 
#  DUT Result	: RES:   179 , COUT: 0 , OFLOW: 1 , EGL: 000 , ERR: 0 
#  [PASS] Inputs: OPA: 207 , OPB: 144 , INP_VALID : 11 
#  Expected Result : RES:    63 , COUT: 0 , OFLOW: 0 , EGL: 000 , ERR: 0 
#  DUT Result	: RES:    63 , COUT: 0 , OFLOW: 0 , EGL: 000 , ERR: 0 
#  [PASS] Inputs: OPA: 105 , OPB: 119 , INP_VALID : 11 
#  Expected Result : RES:   242 , COUT: 0 , OFLOW: 1 , EGL: 000 , ERR: 0 
#  DUT Result	: RES:   242 , COUT: 0 , OFLOW: 1 , EGL: 000 , ERR: 0 
#  [PASS] Inputs: OPA: 216 , OPB: 155 , INP_VALID : 11 
#  Expected Result : RES:    61 , COUT: 0 , OFLOW: 0 , EGL: 000 , ERR: 0 
#  DUT Result	: RES:    61 , COUT: 0 , OFLOW: 0 , EGL: 000 , ERR: 0 
#  [PASS] Inputs: OPA: 184 , OPB: 183 , INP_VALID : 11 
#  Expected Result : RES:     1 , COUT: 0 , OFLOW: 0 , EGL: 000 , ERR: 0 
#  DUT Result	: RES:     1 , COUT: 0 , OFLOW: 0 , EGL: 000 , ERR: 0 
#  [PASS] Inputs: OPA:  48 , OPB: 119 , INP_VALID : 11 
#  Expected Result : RES:   185 , COUT: 0 , OFLOW: 1 , EGL: 000 , ERR: 0 
#  DUT Result	: RES:   185 , COUT: 0 , OFLOW: 1 , EGL: 000 , ERR: 0 
#  [PASS] Inputs: OPA: 212 , OPB:   7 , INP_VALID : 11 
#  Expected Result : RES:   205 , COUT: 0 , OFLOW: 0 , EGL: 000 , ERR: 0 
#  DUT Result	: RES:   205 , COUT: 0 , OFLOW: 0 , EGL: 000 , ERR: 0 
#  [PASS] Inputs: OPA: 233 , OPB: 139 , INP_VALID : 11 
#  Expected Result : RES:    94 , COUT: 0 , OFLOW: 0 , EGL: 000 , ERR: 0 
#  DUT Result	: RES:    94 , COUT: 0 , OFLOW: 0 , EGL: 000 , ERR: 0 
#  [PASS] Inputs: OPA: 219 , OPB: 128 , INP_VALID : 11 
#  Expected Result : RES:    91 , COUT: 0 , OFLOW: 0 , EGL: 000 , ERR: 0 
#  DUT Result	: RES:    91 , COUT: 0 , OFLOW: 0 , EGL: 000 , ERR: 0 
#  [PASS] Inputs: OPA: 197 , OPB:  48 , INP_VALID : 11 
#  Expected Result : RES:   149 , COUT: 0 , OFLOW: 0 , EGL: 000 , ERR: 0 
#  DUT Result	: RES:   149 , COUT: 0 , OFLOW: 0 , EGL: 000 , ERR: 0 
#  [PASS] Inputs: OPA: 102 , OPB: 175 , INP_VALID : 11 
#  Expected Result : RES:   183 , COUT: 0 , OFLOW: 1 , EGL: 000 , ERR: 0 
#  DUT Result	: RES:   183 , COUT: 0 , OFLOW: 1 , EGL: 000 , ERR: 0 
#  [PASS] Inputs: OPA: 248 , OPB:   6 , INP_VALID : 11 
#  Expected Result : RES:   242 , COUT: 0 , OFLOW: 0 , EGL: 000 , ERR: 0 
#  DUT Result	: RES:   242 , COUT: 0 , OFLOW: 0 , EGL: 000 , ERR: 0 
#  [PASS] Inputs: OPA: 225 , OPB: 149 , INP_VALID : 11 
#  Expected Result : RES:    76 , COUT: 0 , OFLOW: 0 , EGL: 000 , ERR: 0 
#  DUT Result	: RES:    76 , COUT: 0 , OFLOW: 0 , EGL: 000 , ERR: 0 
#  [PASS] Inputs: OPA:  96 , OPB: 229 , INP_VALID : 11 
#  Expected Result : RES:   123 , COUT: 0 , OFLOW: 1 , EGL: 000 , ERR: 0 
#  DUT Result	: RES:   123 , COUT: 0 , OFLOW: 1 , EGL: 000 , ERR: 0 
#  [PASS] Inputs: OPA: 100 , OPB:  41 , INP_VALID : 11 
#  Expected Result : RES:    59 , COUT: 0 , OFLOW: 0 , EGL: 000 , ERR: 0 
#  DUT Result	: RES:    59 , COUT: 0 , OFLOW: 0 , EGL: 000 , ERR: 0 
#  [PASS] Inputs: OPA: 119 , OPB: 110 , INP_VALID : 11 
#  Expected Result : RES:     9 , COUT: 0 , OFLOW: 0 , EGL: 000 , ERR: 0 
#  DUT Result	: RES:     9 , COUT: 0 , OFLOW: 0 , EGL: 000 , ERR: 0 
#  [PASS] Inputs: OPA: 213 , OPB: 104 , INP_VALID : 11 
#  Expected Result : RES:   109 , COUT: 0 , OFLOW: 0 , EGL: 000 , ERR: 0 
#  DUT Result	: RES:   109 , COUT: 0 , OFLOW: 0 , EGL: 000 , ERR: 0 
#  [PASS] Inputs: OPA: 170 , OPB:  15 , INP_VALID : 11 
#  Expected Result : RES:   155 , COUT: 0 , OFLOW: 0 , EGL: 000 , ERR: 0 
#  DUT Result	: RES:   155 , COUT: 0 , OFLOW: 0 , EGL: 000 , ERR: 0 
#  [PASS] Inputs: OPA: 125 , OPB: 142 , INP_VALID : 11 
#  Expected Result : RES:   239 , COUT: 0 , OFLOW: 1 , EGL: 000 , ERR: 0 
#  DUT Result	: RES:   239 , COUT: 0 , OFLOW: 1 , EGL: 000 , ERR: 0 
#  [PASS] Inputs: OPA:  60 , OPB: 169 , INP_VALID : 11 
#  Expected Result : RES:   147 , COUT: 0 , OFLOW: 1 , EGL: 000 , ERR: 0 
#  DUT Result	: RES:   147 , COUT: 0 , OFLOW: 1 , EGL: 000 , ERR: 0 
#  [PASS] Inputs: OPA:  91 , OPB: 175 , INP_VALID : 11 
#  Expected Result : RES:   172 , COUT: 0 , OFLOW: 1 , EGL: 000 , ERR: 0 
#  DUT Result	: RES:   172 , COUT: 0 , OFLOW: 1 , EGL: 000 , ERR: 0 
#  [PASS] Inputs: OPA: 185 , OPB:  19 , INP_VALID : 11 
#  Expected Result : RES:   166 , COUT: 0 , OFLOW: 0 , EGL: 000 , ERR: 0 
#  DUT Result	: RES:   166 , COUT: 0 , OFLOW: 0 , EGL: 000 , ERR: 0 
#  [PASS] Inputs: OPA: 101 , OPB:  81 , INP_VALID : 11 
#  Expected Result : RES:    20 , COUT: 0 , OFLOW: 0 , EGL: 000 , ERR: 0 
#  DUT Result	: RES:    20 , COUT: 0 , OFLOW: 0 , EGL: 000 , ERR: 0 
#  [PASS] Inputs: OPA: 153 , OPB:  58 , INP_VALID : 11 
#  Expected Result : RES:    95 , COUT: 0 , OFLOW: 0 , EGL: 000 , ERR: 0 
#  DUT Result	: RES:    95 , COUT: 0 , OFLOW: 0 , EGL: 000 , ERR: 0 
#  [PASS] Inputs: OPA:  98 , OPB: 228 , INP_VALID : 11 
#  Expected Result : RES:   126 , COUT: 0 , OFLOW: 1 , EGL: 000 , ERR: 0 
#  DUT Result	: RES:   126 , COUT: 0 , OFLOW: 1 , EGL: 000 , ERR: 0 
#  [PASS] Inputs: OPA: 125 , OPB:  89 , INP_VALID : 11 
#  Expected Result : RES:    36 , COUT: 0 , OFLOW: 0 , EGL: 000 , ERR: 0 
#  DUT Result	: RES:    36 , COUT: 0 , OFLOW: 0 , EGL: 000 , ERR: 0 
#  [PASS] Inputs: OPA: 237 , OPB: 201 , INP_VALID : 11 
#  Expected Result : RES:    36 , COUT: 0 , OFLOW: 0 , EGL: 000 , ERR: 0 
#  DUT Result	: RES:    36 , COUT: 0 , OFLOW: 0 , EGL: 000 , ERR: 0 
#  [PASS] Inputs: OPA: 175 , OPB: 219 , INP_VALID : 11 
#  Expected Result : RES:   212 , COUT: 0 , OFLOW: 1 , EGL: 000 , ERR: 0 
#  DUT Result	: RES:   212 , COUT: 0 , OFLOW: 1 , EGL: 000 , ERR: 0 
#  [PASS] Inputs: OPA: 112 , OPB:   6 , INP_VALID : 11 
#  Expected Result : RES:   106 , COUT: 0 , OFLOW: 0 , EGL: 000 , ERR: 0 
#  DUT Result	: RES:   106 , COUT: 0 , OFLOW: 0 , EGL: 000 , ERR: 0 
#  [PASS] Inputs: OPA: 189 , OPB: 106 , INP_VALID : 11 
#  Expected Result : RES:    83 , COUT: 0 , OFLOW: 0 , EGL: 000 , ERR: 0 
#  DUT Result	: RES:    83 , COUT: 0 , OFLOW: 0 , EGL: 000 , ERR: 0 
#  [PASS] Inputs: OPA:  80 , OPB: 123 , INP_VALID : 11 
#  Expected Result : RES:   213 , COUT: 0 , OFLOW: 1 , EGL: 000 , ERR: 0 
#  DUT Result	: RES:   213 , COUT: 0 , OFLOW: 1 , EGL: 000 , ERR: 0 
#  [PASS] Inputs: OPA: 120 , OPB: 246 , INP_VALID : 11 
#  Expected Result : RES:   130 , COUT: 0 , OFLOW: 1 , EGL: 000 , ERR: 0 
#  DUT Result	: RES:   130 , COUT: 0 , OFLOW: 1 , EGL: 000 , ERR: 0 
#  [PASS] Inputs: OPA:  35 , OPB: 121 , INP_VALID : 11 
#  Expected Result : RES:   170 , COUT: 0 , OFLOW: 1 , EGL: 000 , ERR: 0 
#  DUT Result	: RES:   170 , COUT: 0 , OFLOW: 1 , EGL: 000 , ERR: 0 
#  [PASS] Inputs: OPA: 187 , OPB:  14 , INP_VALID : 11 
#  Expected Result : RES:   173 , COUT: 0 , OFLOW: 0 , EGL: 000 , ERR: 0 
#  DUT Result	: RES:   173 , COUT: 0 , OFLOW: 0 , EGL: 000 , ERR: 0 
#  [PASS] Inputs: OPA:  12 , OPB: 206 , INP_VALID : 11 
#  Expected Result : RES:    62 , COUT: 0 , OFLOW: 1 , EGL: 000 , ERR: 0 
#  DUT Result	: RES:    62 , COUT: 0 , OFLOW: 1 , EGL: 000 , ERR: 0 
#  [PASS] Inputs: OPA:  89 , OPB: 185 , INP_VALID : 11 
#  Expected Result : RES:   160 , COUT: 0 , OFLOW: 1 , EGL: 000 , ERR: 0 
#  DUT Result	: RES:   160 , COUT: 0 , OFLOW: 1 , EGL: 000 , ERR: 0 
#  [PASS] Inputs: OPA: 244 , OPB: 117 , INP_VALID : 11 
#  Expected Result : RES:   127 , COUT: 0 , OFLOW: 0 , EGL: 000 , ERR: 0 
#  DUT Result	: RES:   127 , COUT: 0 , OFLOW: 0 , EGL: 000 , ERR: 0 
#  [PASS] Inputs: OPA:  57 , OPB:   2 , INP_VALID : 11 
#  Expected Result : RES:    55 , COUT: 0 , OFLOW: 0 , EGL: 000 , ERR: 0 
#  DUT Result	: RES:    55 , COUT: 0 , OFLOW: 0 , EGL: 000 , ERR: 0 
#  [PASS] Inputs: OPA:   5 , OPB:  78 , INP_VALID : 11 
#  Expected Result : RES:   183 , COUT: 0 , OFLOW: 1 , EGL: 000 , ERR: 0 
#  DUT Result	: RES:   183 , COUT: 0 , OFLOW: 1 , EGL: 000 , ERR: 0 
#  [PASS] Inputs: OPA: 184 , OPB:   8 , INP_VALID : 11 
#  Expected Result : RES:   176 , COUT: 0 , OFLOW: 0 , EGL: 000 , ERR: 0 
#  DUT Result	: RES:   176 , COUT: 0 , OFLOW: 0 , EGL: 000 , ERR: 0 
#  [PASS] Inputs: OPA: 175 , OPB: 232 , INP_VALID : 11 
#  Expected Result : RES:   199 , COUT: 0 , OFLOW: 1 , EGL: 000 , ERR: 0 
#  DUT Result	: RES:   199 , COUT: 0 , OFLOW: 1 , EGL: 000 , ERR: 0 
#  [PASS] Inputs: OPA: 245 , OPB:  76 , INP_VALID : 11 
#  Expected Result : RES:   169 , COUT: 0 , OFLOW: 0 , EGL: 000 , ERR: 0 
#  DUT Result	: RES:   169 , COUT: 0 , OFLOW: 0 , EGL: 000 , ERR: 0 
#  [PASS] Inputs: OPA:  64 , OPB:  37 , INP_VALID : 11 
#  Expected Result : RES:    27 , COUT: 0 , OFLOW: 0 , EGL: 000 , ERR: 0 
#  DUT Result	: RES:    27 , COUT: 0 , OFLOW: 0 , EGL: 000 , ERR: 0 
#  [PASS] Inputs: OPA: 112 , OPB:  45 , INP_VALID : 11 
#  Expected Result : RES:    67 , COUT: 0 , OFLOW: 0 , EGL: 000 , ERR: 0 
#  DUT Result	: RES:    67 , COUT: 0 , OFLOW: 0 , EGL: 000 , ERR: 0 
#  [PASS] Inputs: OPA: 188 , OPB:  48 , INP_VALID : 11 
#  Expected Result : RES:   140 , COUT: 0 , OFLOW: 0 , EGL: 000 , ERR: 0 
#  DUT Result	: RES:   140 , COUT: 0 , OFLOW: 0 , EGL: 000 , ERR: 0 
#  [PASS] Inputs: OPA:  80 , OPB: 161 , INP_VALID : 11 
#  Expected Result : RES:   175 , COUT: 0 , OFLOW: 1 , EGL: 000 , ERR: 0 
#  DUT Result	: RES:   175 , COUT: 0 , OFLOW: 1 , EGL: 000 , ERR: 0 
#  [PASS] Inputs: OPA: 245 , OPB: 245 , INP_VALID : 11 
#  Expected Result : RES:     0 , COUT: 0 , OFLOW: 0 , EGL: 000 , ERR: 0 
#  DUT Result	: RES:     0 , COUT: 0 , OFLOW: 0 , EGL: 000 , ERR: 0 
#  [PASS] Inputs: OPA: 148 , OPB: 106 , INP_VALID : 11 
#  Expected Result : RES:    42 , COUT: 0 , OFLOW: 0 , EGL: 000 , ERR: 0 
#  DUT Result	: RES:    42 , COUT: 0 , OFLOW: 0 , EGL: 000 , ERR: 0 
#  [PASS] Inputs: OPA: 184 , OPB: 158 , INP_VALID : 11 
#  Expected Result : RES:    26 , COUT: 0 , OFLOW: 0 , EGL: 000 , ERR: 0 
#  DUT Result	: RES:    26 , COUT: 0 , OFLOW: 0 , EGL: 000 , ERR: 0 
#  [PASS] Inputs: OPA:  70 , OPB:   7 , INP_VALID : 11 
#  Expected Result : RES:    63 , COUT: 0 , OFLOW: 0 , EGL: 000 , ERR: 0 
#  DUT Result	: RES:    63 , COUT: 0 , OFLOW: 0 , EGL: 000 , ERR: 0 
# -----------------------------------------------------------------------
#  [FAIL] Incorrect Output at MODE: 1 , CMD:  2 
#  Inputs:	OPA:  85 , OPB: 183 , INP_VALID : 11 
#  Expected Result : RES:    13 , COUT: 0 , OFLOW: 0 , EGL: 000 , ERR: 0 
#  DUT Result	: RES:    13 , COUT: 1 , OFLOW: 0 , EGL: 000 , ERR: 0 
# -----------------------------------------------------------------------
#  [PASS] Inputs: OPA:  99 , OPB:  89 , INP_VALID : 11 
#  Expected Result : RES:   188 , COUT: 0 , OFLOW: 0 , EGL: 000 , ERR: 0 
#  DUT Result	: RES:   188 , COUT: 0 , OFLOW: 0 , EGL: 000 , ERR: 0 
#  [PASS] Inputs: OPA: 104 , OPB:  30 , INP_VALID : 11 
#  Expected Result : RES:   134 , COUT: 0 , OFLOW: 0 , EGL: 000 , ERR: 0 
#  DUT Result	: RES:   134 , COUT: 0 , OFLOW: 0 , EGL: 000 , ERR: 0 
#  [PASS] Inputs: OPA:  90 , OPB:  28 , INP_VALID : 11 
#  Expected Result : RES:   119 , COUT: 0 , OFLOW: 0 , EGL: 000 , ERR: 0 
#  DUT Result	: RES:   119 , COUT: 0 , OFLOW: 0 , EGL: 000 , ERR: 0 
# -----------------------------------------------------------------------
#  [FAIL] Incorrect Output at MODE: 1 , CMD:  2 
#  Inputs:	OPA: 171 , OPB: 208 , INP_VALID : 11 
#  Expected Result : RES:   124 , COUT: 0 , OFLOW: 0 , EGL: 000 , ERR: 0 
#  DUT Result	: RES:   124 , COUT: 1 , OFLOW: 0 , EGL: 000 , ERR: 0 
# -----------------------------------------------------------------------
# -----------------------------------------------------------------------
#  [FAIL] Incorrect Output at MODE: 1 , CMD:  2 
#  Inputs:	OPA: 216 , OPB:  69 , INP_VALID : 11 
#  Expected Result : RES:    30 , COUT: 0 , OFLOW: 0 , EGL: 000 , ERR: 0 
#  DUT Result	: RES:    30 , COUT: 1 , OFLOW: 0 , EGL: 000 , ERR: 0 
# -----------------------------------------------------------------------
# -----------------------------------------------------------------------
#  [FAIL] Incorrect Output at MODE: 1 , CMD:  2 
#  Inputs:	OPA: 139 , OPB: 252 , INP_VALID : 11 
#  Expected Result : RES:   135 , COUT: 0 , OFLOW: 0 , EGL: 000 , ERR: 0 
#  DUT Result	: RES:   135 , COUT: 1 , OFLOW: 0 , EGL: 000 , ERR: 0 
# -----------------------------------------------------------------------
#  [PASS] Inputs: OPA: 164 , OPB:  25 , INP_VALID : 11 
#  Expected Result : RES:   190 , COUT: 0 , OFLOW: 0 , EGL: 000 , ERR: 0 
#  DUT Result	: RES:   190 , COUT: 0 , OFLOW: 0 , EGL: 000 , ERR: 0 
# -----------------------------------------------------------------------
#  [FAIL] Incorrect Output at MODE: 1 , CMD:  2 
#  Inputs:	OPA:  62 , OPB: 243 , INP_VALID : 11 
#  Expected Result : RES:    49 , COUT: 0 , OFLOW: 0 , EGL: 000 , ERR: 0 
#  DUT Result	: RES:    49 , COUT: 1 , OFLOW: 0 , EGL: 000 , ERR: 0 
# -----------------------------------------------------------------------
# -----------------------------------------------------------------------
#  [FAIL] Incorrect Output at MODE: 1 , CMD:  2 
#  Inputs:	OPA: 196 , OPB:  92 , INP_VALID : 11 
#  Expected Result : RES:    32 , COUT: 0 , OFLOW: 0 , EGL: 000 , ERR: 0 
#  DUT Result	: RES:    32 , COUT: 1 , OFLOW: 0 , EGL: 000 , ERR: 0 
# -----------------------------------------------------------------------
#  [PASS] Inputs: OPA: 154 , OPB:  24 , INP_VALID : 11 
#  Expected Result : RES:   179 , COUT: 0 , OFLOW: 0 , EGL: 000 , ERR: 0 
#  DUT Result	: RES:   179 , COUT: 0 , OFLOW: 0 , EGL: 000 , ERR: 0 
#  [PASS] Inputs: OPA: 170 , OPB:  26 , INP_VALID : 11 
#  Expected Result : RES:   197 , COUT: 0 , OFLOW: 0 , EGL: 000 , ERR: 0 
#  DUT Result	: RES:   197 , COUT: 0 , OFLOW: 0 , EGL: 000 , ERR: 0 
#  [PASS] Inputs: OPA: 178 , OPB:  12 , INP_VALID : 11 
#  Expected Result : RES:   191 , COUT: 0 , OFLOW: 0 , EGL: 000 , ERR: 0 
#  DUT Result	: RES:   191 , COUT: 0 , OFLOW: 0 , EGL: 000 , ERR: 0 
# -----------------------------------------------------------------------
#  [FAIL] Incorrect Output at MODE: 1 , CMD:  2 
#  Inputs:	OPA: 195 , OPB: 235 , INP_VALID : 11 
#  Expected Result : RES:   174 , COUT: 0 , OFLOW: 0 , EGL: 000 , ERR: 0 
#  DUT Result	: RES:   174 , COUT: 1 , OFLOW: 0 , EGL: 000 , ERR: 0 
# -----------------------------------------------------------------------
# -----------------------------------------------------------------------
#  [FAIL] Incorrect Output at MODE: 1 , CMD:  2 
#  Inputs:	OPA: 242 , OPB: 137 , INP_VALID : 11 
#  Expected Result : RES:   124 , COUT: 0 , OFLOW: 0 , EGL: 000 , ERR: 0 
#  DUT Result	: RES:   124 , COUT: 1 , OFLOW: 0 , EGL: 000 , ERR: 0 
# -----------------------------------------------------------------------
#  [PASS] Inputs: OPA:  27 , OPB: 173 , INP_VALID : 11 
#  Expected Result : RES:   200 , COUT: 0 , OFLOW: 0 , EGL: 000 , ERR: 0 
#  DUT Result	: RES:   200 , COUT: 0 , OFLOW: 0 , EGL: 000 , ERR: 0 
#  [PASS] Inputs: OPA:  37 , OPB: 207 , INP_VALID : 11 
#  Expected Result : RES:   245 , COUT: 0 , OFLOW: 0 , EGL: 000 , ERR: 0 
#  DUT Result	: RES:   245 , COUT: 0 , OFLOW: 0 , EGL: 000 , ERR: 0 
#  [PASS] Inputs: OPA:  27 , OPB: 128 , INP_VALID : 11 
#  Expected Result : RES:   156 , COUT: 0 , OFLOW: 0 , EGL: 000 , ERR: 0 
#  DUT Result	: RES:   156 , COUT: 0 , OFLOW: 0 , EGL: 000 , ERR: 0 
#  [PASS] Inputs: OPA: 130 , OPB:   4 , INP_VALID : 11 
#  Expected Result : RES:   135 , COUT: 0 , OFLOW: 0 , EGL: 000 , ERR: 0 
#  DUT Result	: RES:   135 , COUT: 0 , OFLOW: 0 , EGL: 000 , ERR: 0 
#  [PASS] Inputs: OPA:  54 , OPB:  50 , INP_VALID : 11 
#  Expected Result : RES:   105 , COUT: 0 , OFLOW: 0 , EGL: 000 , ERR: 0 
#  DUT Result	: RES:   105 , COUT: 0 , OFLOW: 0 , EGL: 000 , ERR: 0 
#  [PASS] Inputs: OPA: 228 , OPB:  22 , INP_VALID : 11 
#  Expected Result : RES:   250 , COUT: 0 , OFLOW: 0 , EGL: 000 , ERR: 0 
#  DUT Result	: RES:   250 , COUT: 0 , OFLOW: 0 , EGL: 000 , ERR: 0 
#  [PASS] Inputs: OPA: 192 , OPB:  46 , INP_VALID : 11 
#  Expected Result : RES:   238 , COUT: 0 , OFLOW: 0 , EGL: 000 , ERR: 0 
#  DUT Result	: RES:   238 , COUT: 0 , OFLOW: 0 , EGL: 000 , ERR: 0 
# -----------------------------------------------------------------------
#  [FAIL] Incorrect Output at MODE: 1 , CMD:  2 
#  Inputs:	OPA: 113 , OPB: 251 , INP_VALID : 11 
#  Expected Result : RES:   108 , COUT: 0 , OFLOW: 0 , EGL: 000 , ERR: 0 
#  DUT Result	: RES:   108 , COUT: 1 , OFLOW: 0 , EGL: 000 , ERR: 0 
# -----------------------------------------------------------------------
#  [PASS] Inputs: OPA: 220 , OPB:  23 , INP_VALID : 11 
#  Expected Result : RES:   244 , COUT: 0 , OFLOW: 0 , EGL: 000 , ERR: 0 
#  DUT Result	: RES:   244 , COUT: 0 , OFLOW: 0 , EGL: 000 , ERR: 0 
# -----------------------------------------------------------------------
#  [FAIL] Incorrect Output at MODE: 1 , CMD:  2 
#  Inputs:	OPA: 235 , OPB: 181 , INP_VALID : 11 
#  Expected Result : RES:   161 , COUT: 0 , OFLOW: 0 , EGL: 000 , ERR: 0 
#  DUT Result	: RES:   161 , COUT: 1 , OFLOW: 0 , EGL: 000 , ERR: 0 
# -----------------------------------------------------------------------
# -----------------------------------------------------------------------
#  [FAIL] Incorrect Output at MODE: 1 , CMD:  2 
#  Inputs:	OPA: 143 , OPB: 191 , INP_VALID : 11 
#  Expected Result : RES:    78 , COUT: 0 , OFLOW: 0 , EGL: 000 , ERR: 0 
#  DUT Result	: RES:    78 , COUT: 1 , OFLOW: 0 , EGL: 000 , ERR: 0 
# -----------------------------------------------------------------------
# -----------------------------------------------------------------------
#  [FAIL] Incorrect Output at MODE: 1 , CMD:  2 
#  Inputs:	OPA: 211 , OPB: 214 , INP_VALID : 11 
#  Expected Result : RES:   169 , COUT: 0 , OFLOW: 0 , EGL: 000 , ERR: 0 
#  DUT Result	: RES:   169 , COUT: 1 , OFLOW: 0 , EGL: 000 , ERR: 0 
# -----------------------------------------------------------------------
#  [PASS] Inputs: OPA:  26 , OPB: 113 , INP_VALID : 11 
#  Expected Result : RES:   140 , COUT: 0 , OFLOW: 0 , EGL: 000 , ERR: 0 
#  DUT Result	: RES:   140 , COUT: 0 , OFLOW: 0 , EGL: 000 , ERR: 0 
# -----------------------------------------------------------------------
#  [FAIL] Incorrect Output at MODE: 1 , CMD:  2 
#  Inputs:	OPA:  14 , OPB: 241 , INP_VALID : 11 
#  Expected Result : RES:     0 , COUT: 0 , OFLOW: 0 , EGL: 000 , ERR: 0 
#  DUT Result	: RES:     0 , COUT: 1 , OFLOW: 0 , EGL: 000 , ERR: 0 
# -----------------------------------------------------------------------
#  [PASS] Inputs: OPA:   5 , OPB:  28 , INP_VALID : 11 
#  Expected Result : RES:    33 , COUT: 0 , OFLOW: 0 , EGL: 000 , ERR: 0 
#  DUT Result	: RES:    33 , COUT: 0 , OFLOW: 0 , EGL: 000 , ERR: 0 
# -----------------------------------------------------------------------
#  [FAIL] Incorrect Output at MODE: 1 , CMD:  2 
#  Inputs:	OPA: 236 , OPB:  42 , INP_VALID : 11 
#  Expected Result : RES:    23 , COUT: 0 , OFLOW: 0 , EGL: 000 , ERR: 0 
#  DUT Result	: RES:    23 , COUT: 1 , OFLOW: 0 , EGL: 000 , ERR: 0 
# -----------------------------------------------------------------------
#  [PASS] Inputs: OPA:  55 , OPB:   3 , INP_VALID : 11 
#  Expected Result : RES:    58 , COUT: 0 , OFLOW: 0 , EGL: 000 , ERR: 0 
#  DUT Result	: RES:    58 , COUT: 0 , OFLOW: 0 , EGL: 000 , ERR: 0 
# -----------------------------------------------------------------------
#  [FAIL] Incorrect Output at MODE: 1 , CMD:  2 
#  Inputs:	OPA: 253 , OPB:  62 , INP_VALID : 11 
#  Expected Result : RES:    59 , COUT: 0 , OFLOW: 0 , EGL: 000 , ERR: 0 
#  DUT Result	: RES:    59 , COUT: 1 , OFLOW: 0 , EGL: 000 , ERR: 0 
# -----------------------------------------------------------------------
# -----------------------------------------------------------------------
#  [FAIL] Incorrect Output at MODE: 1 , CMD:  2 
#  Inputs:	OPA: 116 , OPB: 176 , INP_VALID : 11 
#  Expected Result : RES:    36 , COUT: 0 , OFLOW: 0 , EGL: 000 , ERR: 0 
#  DUT Result	: RES:    36 , COUT: 1 , OFLOW: 0 , EGL: 000 , ERR: 0 
# -----------------------------------------------------------------------
#  [PASS] Inputs: OPA:  18 , OPB: 104 , INP_VALID : 11 
#  Expected Result : RES:   123 , COUT: 0 , OFLOW: 0 , EGL: 000 , ERR: 0 
#  DUT Result	: RES:   123 , COUT: 0 , OFLOW: 0 , EGL: 000 , ERR: 0 
# -----------------------------------------------------------------------
#  [FAIL] Incorrect Output at MODE: 1 , CMD:  2 
#  Inputs:	OPA: 254 , OPB:  54 , INP_VALID : 11 
#  Expected Result : RES:    53 , COUT: 0 , OFLOW: 0 , EGL: 000 , ERR: 0 
#  DUT Result	: RES:    53 , COUT: 1 , OFLOW: 0 , EGL: 000 , ERR: 0 
# -----------------------------------------------------------------------
# -----------------------------------------------------------------------
#  [FAIL] Incorrect Output at MODE: 1 , CMD:  2 
#  Inputs:	OPA: 251 , OPB: 107 , INP_VALID : 11 
#  Expected Result : RES:   103 , COUT: 0 , OFLOW: 0 , EGL: 000 , ERR: 0 
#  DUT Result	: RES:   103 , COUT: 1 , OFLOW: 0 , EGL: 000 , ERR: 0 
# -----------------------------------------------------------------------
#  [PASS] Inputs: OPA:  15 , OPB:  20 , INP_VALID : 11 
#  Expected Result : RES:    35 , COUT: 0 , OFLOW: 0 , EGL: 000 , ERR: 0 
#  DUT Result	: RES:    35 , COUT: 0 , OFLOW: 0 , EGL: 000 , ERR: 0 
# -----------------------------------------------------------------------
#  [FAIL] Incorrect Output at MODE: 1 , CMD:  2 
#  Inputs:	OPA: 166 , OPB: 212 , INP_VALID : 11 
#  Expected Result : RES:   123 , COUT: 0 , OFLOW: 0 , EGL: 000 , ERR: 0 
#  DUT Result	: RES:   123 , COUT: 1 , OFLOW: 0 , EGL: 000 , ERR: 0 
# -----------------------------------------------------------------------
#  [PASS] Inputs: OPA: 107 , OPB:   4 , INP_VALID : 11 
#  Expected Result : RES:   111 , COUT: 0 , OFLOW: 0 , EGL: 000 , ERR: 0 
#  DUT Result	: RES:   111 , COUT: 0 , OFLOW: 0 , EGL: 000 , ERR: 0 
# -----------------------------------------------------------------------
#  [FAIL] Incorrect Output at MODE: 1 , CMD:  2 
#  Inputs:	OPA: 141 , OPB: 225 , INP_VALID : 11 
#  Expected Result : RES:   111 , COUT: 0 , OFLOW: 0 , EGL: 000 , ERR: 0 
#  DUT Result	: RES:   111 , COUT: 1 , OFLOW: 0 , EGL: 000 , ERR: 0 
# -----------------------------------------------------------------------
# -----------------------------------------------------------------------
#  [FAIL] Incorrect Output at MODE: 1 , CMD:  2 
#  Inputs:	OPA: 185 , OPB: 201 , INP_VALID : 11 
#  Expected Result : RES:   130 , COUT: 0 , OFLOW: 0 , EGL: 000 , ERR: 0 
#  DUT Result	: RES:   130 , COUT: 1 , OFLOW: 0 , EGL: 000 , ERR: 0 
# -----------------------------------------------------------------------
#  [PASS] Inputs: OPA:  70 , OPB:  60 , INP_VALID : 11 
#  Expected Result : RES:   131 , COUT: 0 , OFLOW: 0 , EGL: 000 , ERR: 0 
#  DUT Result	: RES:   131 , COUT: 0 , OFLOW: 0 , EGL: 000 , ERR: 0 
#  [PASS] Inputs: OPA:  88 , OPB: 115 , INP_VALID : 11 
#  Expected Result : RES:   203 , COUT: 0 , OFLOW: 0 , EGL: 000 , ERR: 0 
#  DUT Result	: RES:   203 , COUT: 0 , OFLOW: 0 , EGL: 000 , ERR: 0 
# -----------------------------------------------------------------------
#  [FAIL] Incorrect Output at MODE: 1 , CMD:  2 
#  Inputs:	OPA: 220 , OPB:  48 , INP_VALID : 11 
#  Expected Result : RES:    12 , COUT: 0 , OFLOW: 0 , EGL: 000 , ERR: 0 
#  DUT Result	: RES:    12 , COUT: 1 , OFLOW: 0 , EGL: 000 , ERR: 0 
# -----------------------------------------------------------------------
#  [PASS] Inputs: OPA:   0 , OPB:  67 , INP_VALID : 11 
#  Expected Result : RES:    67 , COUT: 0 , OFLOW: 0 , EGL: 000 , ERR: 0 
#  DUT Result	: RES:    67 , COUT: 0 , OFLOW: 0 , EGL: 000 , ERR: 0 
#  [PASS] Inputs: OPA: 161 , OPB:  83 , INP_VALID : 11 
#  Expected Result : RES:   244 , COUT: 0 , OFLOW: 0 , EGL: 000 , ERR: 0 
#  DUT Result	: RES:   244 , COUT: 0 , OFLOW: 0 , EGL: 000 , ERR: 0 
#  [PASS] Inputs: OPA:  95 , OPB: 135 , INP_VALID : 11 
#  Expected Result : RES:   230 , COUT: 0 , OFLOW: 0 , EGL: 000 , ERR: 0 
#  DUT Result	: RES:   230 , COUT: 0 , OFLOW: 0 , EGL: 000 , ERR: 0 
#  [PASS] Inputs: OPA:  45 , OPB: 112 , INP_VALID : 11 
#  Expected Result : RES:   158 , COUT: 0 , OFLOW: 0 , EGL: 000 , ERR: 0 
#  DUT Result	: RES:   158 , COUT: 0 , OFLOW: 0 , EGL: 000 , ERR: 0 
#  [PASS] Inputs: OPA:  49 , OPB:  18 , INP_VALID : 11 
#  Expected Result : RES:    67 , COUT: 0 , OFLOW: 0 , EGL: 000 , ERR: 0 
#  DUT Result	: RES:    67 , COUT: 0 , OFLOW: 0 , EGL: 000 , ERR: 0 
#  [PASS] Inputs: OPA:  13 , OPB:  21 , INP_VALID : 11 
#  Expected Result : RES:    34 , COUT: 0 , OFLOW: 0 , EGL: 000 , ERR: 0 
#  DUT Result	: RES:    34 , COUT: 0 , OFLOW: 0 , EGL: 000 , ERR: 0 
#  [PASS] Inputs: OPA: 148 , OPB:  84 , INP_VALID : 11 
#  Expected Result : RES:   232 , COUT: 0 , OFLOW: 0 , EGL: 000 , ERR: 0 
#  DUT Result	: RES:   232 , COUT: 0 , OFLOW: 0 , EGL: 000 , ERR: 0 
#  [PASS] Inputs: OPA:  19 , OPB: 195 , INP_VALID : 11 
#  Expected Result : RES:   215 , COUT: 0 , OFLOW: 0 , EGL: 000 , ERR: 0 
#  DUT Result	: RES:   215 , COUT: 0 , OFLOW: 0 , EGL: 000 , ERR: 0 
# -----------------------------------------------------------------------
#  [FAIL] Incorrect Output at MODE: 1 , CMD:  2 
#  Inputs:	OPA: 220 , OPB: 120 , INP_VALID : 11 
#  Expected Result : RES:    85 , COUT: 0 , OFLOW: 0 , EGL: 000 , ERR: 0 
#  DUT Result	: RES:    85 , COUT: 1 , OFLOW: 0 , EGL: 000 , ERR: 0 
# -----------------------------------------------------------------------
#  [PASS] Inputs: OPA:  95 , OPB:  35 , INP_VALID : 11 
#  Expected Result : RES:   131 , COUT: 0 , OFLOW: 0 , EGL: 000 , ERR: 0 
#  DUT Result	: RES:   131 , COUT: 0 , OFLOW: 0 , EGL: 000 , ERR: 0 
#  [PASS] Inputs: OPA:  56 , OPB:  34 , INP_VALID : 11 
#  Expected Result : RES:    91 , COUT: 0 , OFLOW: 0 , EGL: 000 , ERR: 0 
#  DUT Result	: RES:    91 , COUT: 0 , OFLOW: 0 , EGL: 000 , ERR: 0 
# -----------------------------------------------------------------------
#  [FAIL] Incorrect Output at MODE: 1 , CMD:  2 
#  Inputs:	OPA: 199 , OPB: 130 , INP_VALID : 11 
#  Expected Result : RES:    73 , COUT: 0 , OFLOW: 0 , EGL: 000 , ERR: 0 
#  DUT Result	: RES:    73 , COUT: 1 , OFLOW: 0 , EGL: 000 , ERR: 0 
# -----------------------------------------------------------------------
#  [PASS] Inputs: OPA: 199 , OPB:  36 , INP_VALID : 11 
#  Expected Result : RES:   236 , COUT: 0 , OFLOW: 0 , EGL: 000 , ERR: 0 
#  DUT Result	: RES:   236 , COUT: 0 , OFLOW: 0 , EGL: 000 , ERR: 0 
#  [PASS] Inputs: OPA:   8 , OPB: 117 , INP_VALID : 11 
#  Expected Result : RES:   126 , COUT: 0 , OFLOW: 0 , EGL: 000 , ERR: 0 
#  DUT Result	: RES:   126 , COUT: 0 , OFLOW: 0 , EGL: 000 , ERR: 0 
#  [PASS] Inputs: OPA:  26 , OPB:  56 , INP_VALID : 11 
#  Expected Result : RES:    82 , COUT: 0 , OFLOW: 0 , EGL: 000 , ERR: 0 
#  DUT Result	: RES:    82 , COUT: 0 , OFLOW: 0 , EGL: 000 , ERR: 0 
#  [PASS] Inputs: OPA:  88 , OPB:  80 , INP_VALID : 11 
#  Expected Result : RES:   169 , COUT: 0 , OFLOW: 0 , EGL: 000 , ERR: 0 
#  DUT Result	: RES:   169 , COUT: 0 , OFLOW: 0 , EGL: 000 , ERR: 0 
# -----------------------------------------------------------------------
#  [FAIL] Incorrect Output at MODE: 1 , CMD:  2 
#  Inputs:	OPA: 164 , OPB: 101 , INP_VALID : 11 
#  Expected Result : RES:     9 , COUT: 0 , OFLOW: 0 , EGL: 000 , ERR: 0 
#  DUT Result	: RES:     9 , COUT: 1 , OFLOW: 0 , EGL: 000 , ERR: 0 
# -----------------------------------------------------------------------
#  [PASS] Inputs: OPA:   6 , OPB:  84 , INP_VALID : 11 
#  Expected Result : RES:    91 , COUT: 0 , OFLOW: 0 , EGL: 000 , ERR: 0 
#  DUT Result	: RES:    91 , COUT: 0 , OFLOW: 0 , EGL: 000 , ERR: 0 
# -----------------------------------------------------------------------
#  [FAIL] Incorrect Output at MODE: 1 , CMD:  2 
#  Inputs:	OPA: 200 , OPB:  72 , INP_VALID : 11 
#  Expected Result : RES:    17 , COUT: 0 , OFLOW: 0 , EGL: 000 , ERR: 0 
#  DUT Result	: RES:    17 , COUT: 1 , OFLOW: 0 , EGL: 000 , ERR: 0 
# -----------------------------------------------------------------------
# -----------------------------------------------------------------------
#  [FAIL] Incorrect Output at MODE: 1 , CMD:  2 
#  Inputs:	OPA: 248 , OPB: 181 , INP_VALID : 11 
#  Expected Result : RES:   174 , COUT: 0 , OFLOW: 0 , EGL: 000 , ERR: 0 
#  DUT Result	: RES:   174 , COUT: 1 , OFLOW: 0 , EGL: 000 , ERR: 0 
# -----------------------------------------------------------------------
# -----------------------------------------------------------------------
#  [FAIL] Incorrect Output at MODE: 1 , CMD:  2 
#  Inputs:	OPA: 131 , OPB: 155 , INP_VALID : 11 
#  Expected Result : RES:    31 , COUT: 0 , OFLOW: 0 , EGL: 000 , ERR: 0 
#  DUT Result	: RES:    31 , COUT: 1 , OFLOW: 0 , EGL: 000 , ERR: 0 
# -----------------------------------------------------------------------
# -----------------------------------------------------------------------
#  [FAIL] Incorrect Output at MODE: 1 , CMD:  2 
#  Inputs:	OPA: 176 , OPB: 251 , INP_VALID : 11 
#  Expected Result : RES:   172 , COUT: 0 , OFLOW: 0 , EGL: 000 , ERR: 0 
#  DUT Result	: RES:   172 , COUT: 1 , OFLOW: 0 , EGL: 000 , ERR: 0 
# -----------------------------------------------------------------------
#  [PASS] Inputs: OPA:  48 , OPB:  24 , INP_VALID : 11 
#  Expected Result : RES:    73 , COUT: 0 , OFLOW: 0 , EGL: 000 , ERR: 0 
#  DUT Result	: RES:    73 , COUT: 0 , OFLOW: 0 , EGL: 000 , ERR: 0 
#  [PASS] Inputs: OPA:  70 , OPB:  97 , INP_VALID : 11 
#  Expected Result : RES:   168 , COUT: 0 , OFLOW: 0 , EGL: 000 , ERR: 0 
#  DUT Result	: RES:   168 , COUT: 0 , OFLOW: 0 , EGL: 000 , ERR: 0 
#  [PASS] Inputs: OPA:  85 , OPB:  47 , INP_VALID : 11 
#  Expected Result : RES:   133 , COUT: 0 , OFLOW: 0 , EGL: 000 , ERR: 0 
#  DUT Result	: RES:   133 , COUT: 0 , OFLOW: 0 , EGL: 000 , ERR: 0 
# -----------------------------------------------------------------------
#  [FAIL] Incorrect Output at MODE: 1 , CMD:  2 
#  Inputs:	OPA: 222 , OPB: 211 , INP_VALID : 11 
#  Expected Result : RES:   177 , COUT: 0 , OFLOW: 0 , EGL: 000 , ERR: 0 
#  DUT Result	: RES:   177 , COUT: 1 , OFLOW: 0 , EGL: 000 , ERR: 0 
# -----------------------------------------------------------------------
# -----------------------------------------------------------------------
#  [FAIL] Incorrect Output at MODE: 1 , CMD:  2 
#  Inputs:	OPA: 233 , OPB:  88 , INP_VALID : 11 
#  Expected Result : RES:    66 , COUT: 0 , OFLOW: 0 , EGL: 000 , ERR: 0 
#  DUT Result	: RES:    66 , COUT: 1 , OFLOW: 0 , EGL: 000 , ERR: 0 
# -----------------------------------------------------------------------
# -----------------------------------------------------------------------
#  [FAIL] Incorrect Output at MODE: 1 , CMD:  2 
#  Inputs:	OPA: 195 , OPB: 212 , INP_VALID : 11 
#  Expected Result : RES:   151 , COUT: 0 , OFLOW: 0 , EGL: 000 , ERR: 0 
#  DUT Result	: RES:   151 , COUT: 1 , OFLOW: 0 , EGL: 000 , ERR: 0 
# -----------------------------------------------------------------------
# -----------------------------------------------------------------------
#  [FAIL] Incorrect Output at MODE: 1 , CMD:  2 
#  Inputs:	OPA: 126 , OPB: 214 , INP_VALID : 11 
#  Expected Result : RES:    85 , COUT: 0 , OFLOW: 0 , EGL: 000 , ERR: 0 
#  DUT Result	: RES:    85 , COUT: 1 , OFLOW: 0 , EGL: 000 , ERR: 0 
# -----------------------------------------------------------------------
# -----------------------------------------------------------------------
#  [FAIL] Incorrect Output at MODE: 1 , CMD:  2 
#  Inputs:	OPA: 131 , OPB: 160 , INP_VALID : 11 
#  Expected Result : RES:    35 , COUT: 0 , OFLOW: 0 , EGL: 000 , ERR: 0 
#  DUT Result	: RES:    35 , COUT: 1 , OFLOW: 0 , EGL: 000 , ERR: 0 
# -----------------------------------------------------------------------
# -----------------------------------------------------------------------
#  [FAIL] Incorrect Output at MODE: 1 , CMD:  2 
#  Inputs:	OPA: 191 , OPB:  69 , INP_VALID : 11 
#  Expected Result : RES:     5 , COUT: 0 , OFLOW: 0 , EGL: 000 , ERR: 0 
#  DUT Result	: RES:     5 , COUT: 1 , OFLOW: 0 , EGL: 000 , ERR: 0 
# -----------------------------------------------------------------------
#  [PASS] Inputs: OPA:  69 , OPB: 117 , INP_VALID : 11 
#  Expected Result : RES:   186 , COUT: 0 , OFLOW: 0 , EGL: 000 , ERR: 0 
#  DUT Result	: RES:   186 , COUT: 0 , OFLOW: 0 , EGL: 000 , ERR: 0 
# -----------------------------------------------------------------------
#  [FAIL] Incorrect Output at MODE: 1 , CMD:  2 
#  Inputs:	OPA: 198 , OPB: 108 , INP_VALID : 11 
#  Expected Result : RES:    50 , COUT: 0 , OFLOW: 0 , EGL: 000 , ERR: 0 
#  DUT Result	: RES:    50 , COUT: 1 , OFLOW: 0 , EGL: 000 , ERR: 0 
# -----------------------------------------------------------------------
#  [PASS] Inputs: OPA:  49 , OPB: 156 , INP_VALID : 11 
#  Expected Result : RES:   205 , COUT: 0 , OFLOW: 0 , EGL: 000 , ERR: 0 
#  DUT Result	: RES:   205 , COUT: 0 , OFLOW: 0 , EGL: 000 , ERR: 0 
#  [PASS] Inputs: OPA: 175 , OPB:  14 , INP_VALID : 11 
#  Expected Result : RES:   190 , COUT: 0 , OFLOW: 0 , EGL: 000 , ERR: 0 
#  DUT Result	: RES:   190 , COUT: 0 , OFLOW: 0 , EGL: 000 , ERR: 0 
# -----------------------------------------------------------------------
#  [FAIL] Incorrect Output at MODE: 1 , CMD:  2 
#  Inputs:	OPA: 178 , OPB: 222 , INP_VALID : 11 
#  Expected Result : RES:   145 , COUT: 0 , OFLOW: 0 , EGL: 000 , ERR: 0 
#  DUT Result	: RES:   145 , COUT: 1 , OFLOW: 0 , EGL: 000 , ERR: 0 
# -----------------------------------------------------------------------
#  [PASS] Inputs: OPA: 170 , OPB:  40 , INP_VALID : 11 
#  Expected Result : RES:   210 , COUT: 0 , OFLOW: 0 , EGL: 000 , ERR: 0 
#  DUT Result	: RES:   210 , COUT: 0 , OFLOW: 0 , EGL: 000 , ERR: 0 
# -----------------------------------------------------------------------
#  [FAIL] Incorrect Output at MODE: 1 , CMD:  2 
#  Inputs:	OPA: 154 , OPB: 211 , INP_VALID : 11 
#  Expected Result : RES:   109 , COUT: 0 , OFLOW: 0 , EGL: 000 , ERR: 0 
#  DUT Result	: RES:   109 , COUT: 1 , OFLOW: 0 , EGL: 000 , ERR: 0 
# -----------------------------------------------------------------------
# -----------------------------------------------------------------------
#  [FAIL] Incorrect Output at MODE: 1 , CMD:  2 
#  Inputs:	OPA: 251 , OPB: 139 , INP_VALID : 11 
#  Expected Result : RES:   134 , COUT: 0 , OFLOW: 0 , EGL: 000 , ERR: 0 
#  DUT Result	: RES:   134 , COUT: 1 , OFLOW: 0 , EGL: 000 , ERR: 0 
# -----------------------------------------------------------------------
# -----------------------------------------------------------------------
#  [FAIL] Incorrect Output at MODE: 1 , CMD:  2 
#  Inputs:	OPA: 204 , OPB: 113 , INP_VALID : 11 
#  Expected Result : RES:    61 , COUT: 0 , OFLOW: 0 , EGL: 000 , ERR: 0 
#  DUT Result	: RES:    61 , COUT: 1 , OFLOW: 0 , EGL: 000 , ERR: 0 
# -----------------------------------------------------------------------
#  [PASS] Inputs: OPA:  97 , OPB: 123 , INP_VALID : 11 
#  Expected Result : RES:   221 , COUT: 0 , OFLOW: 0 , EGL: 000 , ERR: 0 
#  DUT Result	: RES:   221 , COUT: 0 , OFLOW: 0 , EGL: 000 , ERR: 0 
# -----------------------------------------------------------------------
#  [FAIL] Incorrect Output at MODE: 1 , CMD:  2 
#  Inputs:	OPA: 145 , OPB: 192 , INP_VALID : 11 
#  Expected Result : RES:    82 , COUT: 0 , OFLOW: 0 , EGL: 000 , ERR: 0 
#  DUT Result	: RES:    82 , COUT: 1 , OFLOW: 0 , EGL: 000 , ERR: 0 
# -----------------------------------------------------------------------
#  [PASS] Inputs: OPA: 126 , OPB:  84 , INP_VALID : 11 
#  Expected Result : RES:   211 , COUT: 0 , OFLOW: 0 , EGL: 000 , ERR: 0 
#  DUT Result	: RES:   211 , COUT: 0 , OFLOW: 0 , EGL: 000 , ERR: 0 
# -----------------------------------------------------------------------
#  [FAIL] Incorrect Output at MODE: 1 , CMD:  2 
#  Inputs:	OPA:  73 , OPB: 231 , INP_VALID : 11 
#  Expected Result : RES:    48 , COUT: 0 , OFLOW: 0 , EGL: 000 , ERR: 0 
#  DUT Result	: RES:    48 , COUT: 1 , OFLOW: 0 , EGL: 000 , ERR: 0 
# -----------------------------------------------------------------------
#  [PASS] Inputs: OPA: 131 , OPB:  91 , INP_VALID : 11 
#  Expected Result : RES:   223 , COUT: 0 , OFLOW: 0 , EGL: 000 , ERR: 0 
#  DUT Result	: RES:   223 , COUT: 0 , OFLOW: 0 , EGL: 000 , ERR: 0 
# -----------------------------------------------------------------------
#  [FAIL] Incorrect Output at MODE: 1 , CMD:  2 
#  Inputs:	OPA: 149 , OPB: 119 , INP_VALID : 11 
#  Expected Result : RES:    13 , COUT: 0 , OFLOW: 0 , EGL: 000 , ERR: 0 
#  DUT Result	: RES:    13 , COUT: 1 , OFLOW: 0 , EGL: 000 , ERR: 0 
# -----------------------------------------------------------------------
# -----------------------------------------------------------------------
#  [FAIL] Incorrect Output at MODE: 1 , CMD:  2 
#  Inputs:	OPA: 230 , OPB: 175 , INP_VALID : 11 
#  Expected Result : RES:   149 , COUT: 0 , OFLOW: 0 , EGL: 000 , ERR: 0 
#  DUT Result	: RES:   149 , COUT: 1 , OFLOW: 0 , EGL: 000 , ERR: 0 
# -----------------------------------------------------------------------
# -----------------------------------------------------------------------
#  [FAIL] Incorrect Output at MODE: 1 , CMD:  2 
#  Inputs:	OPA:  18 , OPB: 252 , INP_VALID : 11 
#  Expected Result : RES:    15 , COUT: 0 , OFLOW: 0 , EGL: 000 , ERR: 0 
#  DUT Result	: RES:    15 , COUT: 1 , OFLOW: 0 , EGL: 000 , ERR: 0 
# -----------------------------------------------------------------------
# -----------------------------------------------------------------------
#  [FAIL] Incorrect Output at MODE: 1 , CMD:  2 
#  Inputs:	OPA: 196 , OPB:  63 , INP_VALID : 11 
#  Expected Result : RES:     3 , COUT: 0 , OFLOW: 0 , EGL: 000 , ERR: 0 
#  DUT Result	: RES:     3 , COUT: 1 , OFLOW: 0 , EGL: 000 , ERR: 0 
# -----------------------------------------------------------------------
#  [PASS] Inputs: OPA: 115 , OPB:  90 , INP_VALID : 11 
#  Expected Result : RES:   205 , COUT: 0 , OFLOW: 0 , EGL: 000 , ERR: 0 
#  DUT Result	: RES:   205 , COUT: 0 , OFLOW: 0 , EGL: 000 , ERR: 0 
# -----------------------------------------------------------------------
#  [FAIL] Incorrect Output at MODE: 1 , CMD:  2 
#  Inputs:	OPA: 254 , OPB: 116 , INP_VALID : 11 
#  Expected Result : RES:   115 , COUT: 0 , OFLOW: 0 , EGL: 000 , ERR: 0 
#  DUT Result	: RES:   115 , COUT: 1 , OFLOW: 0 , EGL: 000 , ERR: 0 
# -----------------------------------------------------------------------
# -----------------------------------------------------------------------
#  [FAIL] Incorrect Output at MODE: 1 , CMD:  2 
#  Inputs:	OPA: 226 , OPB: 226 , INP_VALID : 11 
#  Expected Result : RES:   197 , COUT: 0 , OFLOW: 0 , EGL: 000 , ERR: 0 
#  DUT Result	: RES:   197 , COUT: 1 , OFLOW: 0 , EGL: 000 , ERR: 0 
# -----------------------------------------------------------------------
# -----------------------------------------------------------------------
#  [FAIL] Incorrect Output at MODE: 1 , CMD:  2 
#  Inputs:	OPA: 152 , OPB: 159 , INP_VALID : 11 
#  Expected Result : RES:    55 , COUT: 0 , OFLOW: 0 , EGL: 000 , ERR: 0 
#  DUT Result	: RES:    55 , COUT: 1 , OFLOW: 0 , EGL: 000 , ERR: 0 
# -----------------------------------------------------------------------
# -----------------------------------------------------------------------
#  [FAIL] Incorrect Output at MODE: 1 , CMD:  2 
#  Inputs:	OPA: 242 , OPB: 189 , INP_VALID : 11 
#  Expected Result : RES:   176 , COUT: 0 , OFLOW: 0 , EGL: 000 , ERR: 0 
#  DUT Result	: RES:   176 , COUT: 1 , OFLOW: 0 , EGL: 000 , ERR: 0 
# -----------------------------------------------------------------------
# -----------------------------------------------------------------------
#  [FAIL] Incorrect Output at MODE: 1 , CMD:  2 
#  Inputs:	OPA: 180 , OPB:  84 , INP_VALID : 11 
#  Expected Result : RES:     9 , COUT: 0 , OFLOW: 0 , EGL: 000 , ERR: 0 
#  DUT Result	: RES:     9 , COUT: 1 , OFLOW: 0 , EGL: 000 , ERR: 0 
# -----------------------------------------------------------------------
# -----------------------------------------------------------------------
#  [FAIL] Incorrect Output at MODE: 1 , CMD:  3 
#  Inputs:	OPA:  19 , OPB: 172 , INP_VALID : 11 
#  Expected Result : RES:     0 , COUT: 0 , OFLOW: 1 , EGL: 000 , ERR: 0 
#  DUT Result	: RES:   102 , COUT: 0 , OFLOW: 1 , EGL: 000 , ERR: 0 
# -----------------------------------------------------------------------
# -----------------------------------------------------------------------
#  [FAIL] Incorrect Output at MODE: 1 , CMD:  3 
#  Inputs:	OPA:  59 , OPB:  53 , INP_VALID : 11 
#  Expected Result : RES:   128 , COUT: 0 , OFLOW: 0 , EGL: 000 , ERR: 0 
#  DUT Result	: RES:     5 , COUT: 0 , OFLOW: 0 , EGL: 000 , ERR: 0 
# -----------------------------------------------------------------------
# -----------------------------------------------------------------------
#  [FAIL] Incorrect Output at MODE: 1 , CMD:  3 
#  Inputs:	OPA:  52 , OPB:  85 , INP_VALID : 11 
#  Expected Result : RES:   128 , COUT: 0 , OFLOW: 1 , EGL: 000 , ERR: 0 
#  DUT Result	: RES:   223 , COUT: 0 , OFLOW: 1 , EGL: 000 , ERR: 0 
# -----------------------------------------------------------------------
# -----------------------------------------------------------------------
#  [FAIL] Incorrect Output at MODE: 1 , CMD:  3 
#  Inputs:	OPA: 242 , OPB: 167 , INP_VALID : 11 
#  Expected Result : RES:     0 , COUT: 0 , OFLOW: 0 , EGL: 000 , ERR: 0 
#  DUT Result	: RES:    74 , COUT: 0 , OFLOW: 0 , EGL: 000 , ERR: 0 
# -----------------------------------------------------------------------
# -----------------------------------------------------------------------
#  [FAIL] Incorrect Output at MODE: 1 , CMD:  3 
#  Inputs:	OPA: 228 , OPB:  65 , INP_VALID : 11 
#  Expected Result : RES:     0 , COUT: 0 , OFLOW: 0 , EGL: 000 , ERR: 0 
#  DUT Result	: RES:   162 , COUT: 0 , OFLOW: 0 , EGL: 000 , ERR: 0 
# -----------------------------------------------------------------------
# -----------------------------------------------------------------------
#  [FAIL] Incorrect Output at MODE: 1 , CMD:  3 
#  Inputs:	OPA: 250 , OPB: 205 , INP_VALID : 11 
#  Expected Result : RES:     0 , COUT: 0 , OFLOW: 0 , EGL: 000 , ERR: 0 
#  DUT Result	: RES:    44 , COUT: 0 , OFLOW: 0 , EGL: 000 , ERR: 0 
# -----------------------------------------------------------------------
# -----------------------------------------------------------------------
#  [FAIL] Incorrect Output at MODE: 1 , CMD:  3 
#  Inputs:	OPA: 181 , OPB: 232 , INP_VALID : 11 
#  Expected Result : RES:     0 , COUT: 0 , OFLOW: 1 , EGL: 000 , ERR: 0 
#  DUT Result	: RES:   204 , COUT: 0 , OFLOW: 1 , EGL: 000 , ERR: 0 
# -----------------------------------------------------------------------
# -----------------------------------------------------------------------
#  [FAIL] Incorrect Output at MODE: 1 , CMD:  3 
#  Inputs:	OPA:  18 , OPB:  55 , INP_VALID : 11 
#  Expected Result : RES:   128 , COUT: 0 , OFLOW: 1 , EGL: 000 , ERR: 0 
#  DUT Result	: RES:   219 , COUT: 0 , OFLOW: 1 , EGL: 000 , ERR: 0 
# -----------------------------------------------------------------------
# -----------------------------------------------------------------------
#  [FAIL] Incorrect Output at MODE: 1 , CMD:  3 
#  Inputs:	OPA: 248 , OPB:  32 , INP_VALID : 11 
#  Expected Result : RES:     0 , COUT: 0 , OFLOW: 0 , EGL: 000 , ERR: 0 
#  DUT Result	: RES:   216 , COUT: 0 , OFLOW: 0 , EGL: 000 , ERR: 0 
# -----------------------------------------------------------------------
# -----------------------------------------------------------------------
#  [FAIL] Incorrect Output at MODE: 1 , CMD:  3 
#  Inputs:	OPA:  34 , OPB: 236 , INP_VALID : 11 
#  Expected Result : RES:     0 , COUT: 0 , OFLOW: 1 , EGL: 000 , ERR: 0 
#  DUT Result	: RES:    54 , COUT: 0 , OFLOW: 1 , EGL: 000 , ERR: 0 
# -----------------------------------------------------------------------
# -----------------------------------------------------------------------
#  [FAIL] Incorrect Output at MODE: 1 , CMD:  3 
#  Inputs:	OPA: 122 , OPB:  30 , INP_VALID : 11 
#  Expected Result : RES:   128 , COUT: 0 , OFLOW: 0 , EGL: 000 , ERR: 0 
#  DUT Result	: RES:    91 , COUT: 0 , OFLOW: 0 , EGL: 000 , ERR: 0 
# -----------------------------------------------------------------------
# -----------------------------------------------------------------------
#  [FAIL] Incorrect Output at MODE: 1 , CMD:  3 
#  Inputs:	OPA: 235 , OPB:  11 , INP_VALID : 11 
#  Expected Result : RES:     0 , COUT: 0 , OFLOW: 0 , EGL: 000 , ERR: 0 
#  DUT Result	: RES:   224 , COUT: 0 , OFLOW: 0 , EGL: 000 , ERR: 0 
# -----------------------------------------------------------------------
# -----------------------------------------------------------------------
#  [FAIL] Incorrect Output at MODE: 1 , CMD:  3 
#  Inputs:	OPA:  94 , OPB: 124 , INP_VALID : 11 
#  Expected Result : RES:   128 , COUT: 0 , OFLOW: 1 , EGL: 000 , ERR: 0 
#  DUT Result	: RES:   225 , COUT: 0 , OFLOW: 1 , EGL: 000 , ERR: 0 
# -----------------------------------------------------------------------
# -----------------------------------------------------------------------
#  [FAIL] Incorrect Output at MODE: 1 , CMD:  3 
#  Inputs:	OPA: 139 , OPB:  18 , INP_VALID : 11 
#  Expected Result : RES:     0 , COUT: 0 , OFLOW: 0 , EGL: 000 , ERR: 0 
#  DUT Result	: RES:   120 , COUT: 0 , OFLOW: 0 , EGL: 000 , ERR: 0 
# -----------------------------------------------------------------------
# -----------------------------------------------------------------------
#  [FAIL] Incorrect Output at MODE: 1 , CMD:  3 
#  Inputs:	OPA: 131 , OPB: 225 , INP_VALID : 11 
#  Expected Result : RES:     0 , COUT: 0 , OFLOW: 1 , EGL: 000 , ERR: 0 
#  DUT Result	: RES:   162 , COUT: 0 , OFLOW: 1 , EGL: 000 , ERR: 0 
# -----------------------------------------------------------------------
# -----------------------------------------------------------------------
#  [FAIL] Incorrect Output at MODE: 1 , CMD:  3 
#  Inputs:	OPA:  74 , OPB: 213 , INP_VALID : 11 
#  Expected Result : RES:     0 , COUT: 0 , OFLOW: 1 , EGL: 000 , ERR: 0 
#  DUT Result	: RES:   116 , COUT: 0 , OFLOW: 1 , EGL: 000 , ERR: 0 
# -----------------------------------------------------------------------
# -----------------------------------------------------------------------
#  [FAIL] Incorrect Output at MODE: 1 , CMD:  3 
#  Inputs:	OPA: 228 , OPB: 244 , INP_VALID : 11 
#  Expected Result : RES:     0 , COUT: 0 , OFLOW: 1 , EGL: 000 , ERR: 0 
#  DUT Result	: RES:   240 , COUT: 0 , OFLOW: 1 , EGL: 000 , ERR: 0 
# -----------------------------------------------------------------------
# -----------------------------------------------------------------------
#  [FAIL] Incorrect Output at MODE: 1 , CMD:  3 
#  Inputs:	OPA:  26 , OPB: 227 , INP_VALID : 11 
#  Expected Result : RES:   128 , COUT: 0 , OFLOW: 1 , EGL: 000 , ERR: 0 
#  DUT Result	: RES:    55 , COUT: 0 , OFLOW: 1 , EGL: 000 , ERR: 0 
# -----------------------------------------------------------------------
# -----------------------------------------------------------------------
#  [FAIL] Incorrect Output at MODE: 1 , CMD:  3 
#  Inputs:	OPA: 243 , OPB:  45 , INP_VALID : 11 
#  Expected Result : RES:     0 , COUT: 0 , OFLOW: 0 , EGL: 000 , ERR: 0 
#  DUT Result	: RES:   198 , COUT: 0 , OFLOW: 0 , EGL: 000 , ERR: 0 
# -----------------------------------------------------------------------
# -----------------------------------------------------------------------
#  [FAIL] Incorrect Output at MODE: 1 , CMD:  3 
#  Inputs:	OPA: 221 , OPB: 236 , INP_VALID : 11 
#  Expected Result : RES:     0 , COUT: 0 , OFLOW: 1 , EGL: 000 , ERR: 0 
#  DUT Result	: RES:   240 , COUT: 0 , OFLOW: 1 , EGL: 000 , ERR: 0 
# -----------------------------------------------------------------------
# -----------------------------------------------------------------------
#  [FAIL] Incorrect Output at MODE: 1 , CMD:  3 
#  Inputs:	OPA: 255 , OPB: 120 , INP_VALID : 11 
#  Expected Result : RES:     0 , COUT: 0 , OFLOW: 0 , EGL: 000 , ERR: 0 
#  DUT Result	: RES:   134 , COUT: 0 , OFLOW: 0 , EGL: 000 , ERR: 0 
# -----------------------------------------------------------------------
# -----------------------------------------------------------------------
#  [FAIL] Incorrect Output at MODE: 1 , CMD:  3 
#  Inputs:	OPA:  39 , OPB: 251 , INP_VALID : 11 
#  Expected Result : RES:   128 , COUT: 0 , OFLOW: 1 , EGL: 000 , ERR: 0 
#  DUT Result	: RES:    43 , COUT: 0 , OFLOW: 1 , EGL: 000 , ERR: 0 
# -----------------------------------------------------------------------
# -----------------------------------------------------------------------
#  [FAIL] Incorrect Output at MODE: 1 , CMD:  3 
#  Inputs:	OPA:  12 , OPB: 187 , INP_VALID : 11 
#  Expected Result : RES:   128 , COUT: 0 , OFLOW: 1 , EGL: 000 , ERR: 0 
#  DUT Result	: RES:    81 , COUT: 0 , OFLOW: 1 , EGL: 000 , ERR: 0 
# -----------------------------------------------------------------------
# -----------------------------------------------------------------------
#  [FAIL] Incorrect Output at MODE: 1 , CMD:  3 
#  Inputs:	OPA:  73 , OPB: 106 , INP_VALID : 11 
#  Expected Result : RES:   128 , COUT: 0 , OFLOW: 1 , EGL: 000 , ERR: 0 
#  DUT Result	: RES:   223 , COUT: 0 , OFLOW: 1 , EGL: 000 , ERR: 0 
# -----------------------------------------------------------------------
# -----------------------------------------------------------------------
#  [FAIL] Incorrect Output at MODE: 1 , CMD:  3 
#  Inputs:	OPA:  24 , OPB: 150 , INP_VALID : 11 
#  Expected Result : RES:   128 , COUT: 0 , OFLOW: 1 , EGL: 000 , ERR: 0 
#  DUT Result	: RES:   129 , COUT: 0 , OFLOW: 1 , EGL: 000 , ERR: 0 
# -----------------------------------------------------------------------
# -----------------------------------------------------------------------
#  [FAIL] Incorrect Output at MODE: 1 , CMD:  3 
#  Inputs:	OPA:  46 , OPB: 189 , INP_VALID : 11 
#  Expected Result : RES:   128 , COUT: 0 , OFLOW: 1 , EGL: 000 , ERR: 0 
#  DUT Result	: RES:   113 , COUT: 0 , OFLOW: 1 , EGL: 000 , ERR: 0 
# -----------------------------------------------------------------------
#  [PASS] Inputs: OPA: 118 , OPB: 117 , INP_VALID : 11 
#  Expected Result : RES:     0 , COUT: 0 , OFLOW: 0 , EGL: 000 , ERR: 0 
#  DUT Result	: RES:     0 , COUT: 0 , OFLOW: 0 , EGL: 000 , ERR: 0 
# -----------------------------------------------------------------------
#  [FAIL] Incorrect Output at MODE: 1 , CMD:  3 
#  Inputs:	OPA: 149 , OPB: 123 , INP_VALID : 11 
#  Expected Result : RES:     0 , COUT: 0 , OFLOW: 0 , EGL: 000 , ERR: 0 
#  DUT Result	: RES:    26 , COUT: 0 , OFLOW: 0 , EGL: 000 , ERR: 0 
# -----------------------------------------------------------------------
# -----------------------------------------------------------------------
#  [FAIL] Incorrect Output at MODE: 1 , CMD:  3 
#  Inputs:	OPA: 111 , OPB: 201 , INP_VALID : 11 
#  Expected Result : RES:   128 , COUT: 0 , OFLOW: 1 , EGL: 000 , ERR: 0 
#  DUT Result	: RES:   165 , COUT: 0 , OFLOW: 1 , EGL: 000 , ERR: 0 
# -----------------------------------------------------------------------
# -----------------------------------------------------------------------
#  [FAIL] Incorrect Output at MODE: 1 , CMD:  3 
#  Inputs:	OPA: 180 , OPB: 218 , INP_VALID : 11 
#  Expected Result : RES:   128 , COUT: 0 , OFLOW: 1 , EGL: 000 , ERR: 0 
#  DUT Result	: RES:   217 , COUT: 0 , OFLOW: 1 , EGL: 000 , ERR: 0 
# -----------------------------------------------------------------------
# -----------------------------------------------------------------------
#  [FAIL] Incorrect Output at MODE: 1 , CMD:  3 
#  Inputs:	OPA: 223 , OPB:  13 , INP_VALID : 11 
#  Expected Result : RES:     0 , COUT: 0 , OFLOW: 0 , EGL: 000 , ERR: 0 
#  DUT Result	: RES:   210 , COUT: 0 , OFLOW: 0 , EGL: 000 , ERR: 0 
# -----------------------------------------------------------------------
# -----------------------------------------------------------------------
#  [FAIL] Incorrect Output at MODE: 1 , CMD:  3 
#  Inputs:	OPA: 131 , OPB:  81 , INP_VALID : 11 
#  Expected Result : RES:     0 , COUT: 0 , OFLOW: 0 , EGL: 000 , ERR: 0 
#  DUT Result	: RES:    50 , COUT: 0 , OFLOW: 0 , EGL: 000 , ERR: 0 
# -----------------------------------------------------------------------
# -----------------------------------------------------------------------
#  [FAIL] Incorrect Output at MODE: 1 , CMD:  3 
#  Inputs:	OPA: 128 , OPB: 249 , INP_VALID : 11 
#  Expected Result : RES:   128 , COUT: 0 , OFLOW: 1 , EGL: 000 , ERR: 0 
#  DUT Result	: RES:   135 , COUT: 0 , OFLOW: 1 , EGL: 000 , ERR: 0 
# -----------------------------------------------------------------------
# -----------------------------------------------------------------------
#  [FAIL] Incorrect Output at MODE: 1 , CMD:  3 
#  Inputs:	OPA: 202 , OPB: 223 , INP_VALID : 11 
#  Expected Result : RES:     0 , COUT: 0 , OFLOW: 1 , EGL: 000 , ERR: 0 
#  DUT Result	: RES:   234 , COUT: 0 , OFLOW: 1 , EGL: 000 , ERR: 0 
# -----------------------------------------------------------------------
# -----------------------------------------------------------------------
#  [FAIL] Incorrect Output at MODE: 1 , CMD:  3 
#  Inputs:	OPA: 132 , OPB: 176 , INP_VALID : 11 
#  Expected Result : RES:   128 , COUT: 0 , OFLOW: 1 , EGL: 000 , ERR: 0 
#  DUT Result	: RES:   211 , COUT: 0 , OFLOW: 1 , EGL: 000 , ERR: 0 
# -----------------------------------------------------------------------
# -----------------------------------------------------------------------
#  [FAIL] Incorrect Output at MODE: 1 , CMD:  3 
#  Inputs:	OPA:  16 , OPB: 222 , INP_VALID : 11 
#  Expected Result : RES:     0 , COUT: 0 , OFLOW: 1 , EGL: 000 , ERR: 0 
#  DUT Result	: RES:    50 , COUT: 0 , OFLOW: 1 , EGL: 000 , ERR: 0 
# -----------------------------------------------------------------------
# -----------------------------------------------------------------------
#  [FAIL] Incorrect Output at MODE: 1 , CMD:  3 
#  Inputs:	OPA:   9 , OPB: 215 , INP_VALID : 11 
#  Expected Result : RES:   128 , COUT: 0 , OFLOW: 1 , EGL: 000 , ERR: 0 
#  DUT Result	: RES:    49 , COUT: 0 , OFLOW: 1 , EGL: 000 , ERR: 0 
# -----------------------------------------------------------------------
# -----------------------------------------------------------------------
#  [FAIL] Incorrect Output at MODE: 1 , CMD:  3 
#  Inputs:	OPA:  13 , OPB: 145 , INP_VALID : 11 
#  Expected Result : RES:   128 , COUT: 0 , OFLOW: 1 , EGL: 000 , ERR: 0 
#  DUT Result	: RES:   123 , COUT: 0 , OFLOW: 1 , EGL: 000 , ERR: 0 
# -----------------------------------------------------------------------
# -----------------------------------------------------------------------
#  [FAIL] Incorrect Output at MODE: 1 , CMD:  3 
#  Inputs:	OPA: 154 , OPB:  47 , INP_VALID : 11 
#  Expected Result : RES:   128 , COUT: 0 , OFLOW: 0 , EGL: 000 , ERR: 0 
#  DUT Result	: RES:   107 , COUT: 0 , OFLOW: 0 , EGL: 000 , ERR: 0 
# -----------------------------------------------------------------------
# -----------------------------------------------------------------------
#  [FAIL] Incorrect Output at MODE: 1 , CMD:  3 
#  Inputs:	OPA: 183 , OPB: 198 , INP_VALID : 11 
#  Expected Result : RES:     0 , COUT: 0 , OFLOW: 1 , EGL: 000 , ERR: 0 
#  DUT Result	: RES:   240 , COUT: 0 , OFLOW: 1 , EGL: 000 , ERR: 0 
# -----------------------------------------------------------------------
# -----------------------------------------------------------------------
#  [FAIL] Incorrect Output at MODE: 1 , CMD:  3 
#  Inputs:	OPA: 156 , OPB:  47 , INP_VALID : 11 
#  Expected Result : RES:   128 , COUT: 0 , OFLOW: 0 , EGL: 000 , ERR: 0 
#  DUT Result	: RES:   109 , COUT: 0 , OFLOW: 0 , EGL: 000 , ERR: 0 
# -----------------------------------------------------------------------
# -----------------------------------------------------------------------
#  [FAIL] Incorrect Output at MODE: 1 , CMD:  3 
#  Inputs:	OPA: 155 , OPB:  98 , INP_VALID : 11 
#  Expected Result : RES:     0 , COUT: 0 , OFLOW: 0 , EGL: 000 , ERR: 0 
#  DUT Result	: RES:    56 , COUT: 0 , OFLOW: 0 , EGL: 000 , ERR: 0 
# -----------------------------------------------------------------------
# -----------------------------------------------------------------------
#  [FAIL] Incorrect Output at MODE: 1 , CMD:  3 
#  Inputs:	OPA:  46 , OPB: 141 , INP_VALID : 11 
#  Expected Result : RES:   128 , COUT: 0 , OFLOW: 1 , EGL: 000 , ERR: 0 
#  DUT Result	: RES:   161 , COUT: 0 , OFLOW: 1 , EGL: 000 , ERR: 0 
# -----------------------------------------------------------------------
# -----------------------------------------------------------------------
#  [FAIL] Incorrect Output at MODE: 1 , CMD:  3 
#  Inputs:	OPA: 170 , OPB: 160 , INP_VALID : 11 
#  Expected Result : RES:   128 , COUT: 0 , OFLOW: 0 , EGL: 000 , ERR: 0 
#  DUT Result	: RES:     9 , COUT: 0 , OFLOW: 0 , EGL: 000 , ERR: 0 
# -----------------------------------------------------------------------
# -----------------------------------------------------------------------
#  [FAIL] Incorrect Output at MODE: 1 , CMD:  3 
#  Inputs:	OPA: 240 , OPB: 232 , INP_VALID : 11 
#  Expected Result : RES:   128 , COUT: 0 , OFLOW: 0 , EGL: 000 , ERR: 0 
#  DUT Result	: RES:     7 , COUT: 0 , OFLOW: 0 , EGL: 000 , ERR: 0 
# -----------------------------------------------------------------------
# -----------------------------------------------------------------------
#  [FAIL] Incorrect Output at MODE: 1 , CMD:  3 
#  Inputs:	OPA: 209 , OPB: 187 , INP_VALID : 11 
#  Expected Result : RES:   128 , COUT: 0 , OFLOW: 0 , EGL: 000 , ERR: 0 
#  DUT Result	: RES:    21 , COUT: 0 , OFLOW: 0 , EGL: 000 , ERR: 0 
# -----------------------------------------------------------------------
# -----------------------------------------------------------------------
#  [FAIL] Incorrect Output at MODE: 1 , CMD:  3 
#  Inputs:	OPA: 125 , OPB:  88 , INP_VALID : 11 
#  Expected Result : RES:     0 , COUT: 0 , OFLOW: 0 , EGL: 000 , ERR: 0 
#  DUT Result	: RES:    36 , COUT: 0 , OFLOW: 0 , EGL: 000 , ERR: 0 
# -----------------------------------------------------------------------
# -----------------------------------------------------------------------
#  [FAIL] Incorrect Output at MODE: 1 , CMD:  3 
#  Inputs:	OPA: 151 , OPB:   6 , INP_VALID : 11 
#  Expected Result : RES:     0 , COUT: 0 , OFLOW: 0 , EGL: 000 , ERR: 0 
#  DUT Result	: RES:   144 , COUT: 0 , OFLOW: 0 , EGL: 000 , ERR: 0 
# -----------------------------------------------------------------------
# -----------------------------------------------------------------------
#  [FAIL] Incorrect Output at MODE: 1 , CMD:  3 
#  Inputs:	OPA: 196 , OPB: 215 , INP_VALID : 11 
#  Expected Result : RES:     0 , COUT: 0 , OFLOW: 1 , EGL: 000 , ERR: 0 
#  DUT Result	: RES:   236 , COUT: 0 , OFLOW: 1 , EGL: 000 , ERR: 0 
# -----------------------------------------------------------------------
# -----------------------------------------------------------------------
#  [FAIL] Incorrect Output at MODE: 1 , CMD:  3 
#  Inputs:	OPA:  77 , OPB: 115 , INP_VALID : 11 
#  Expected Result : RES:   128 , COUT: 0 , OFLOW: 1 , EGL: 000 , ERR: 0 
#  DUT Result	: RES:   217 , COUT: 0 , OFLOW: 1 , EGL: 000 , ERR: 0 
# -----------------------------------------------------------------------
# -----------------------------------------------------------------------
#  [FAIL] Incorrect Output at MODE: 1 , CMD:  3 
#  Inputs:	OPA:  78 , OPB: 185 , INP_VALID : 11 
#  Expected Result : RES:   128 , COUT: 0 , OFLOW: 1 , EGL: 000 , ERR: 0 
#  DUT Result	: RES:   149 , COUT: 0 , OFLOW: 1 , EGL: 000 , ERR: 0 
# -----------------------------------------------------------------------
# -----------------------------------------------------------------------
#  [FAIL] Incorrect Output at MODE: 1 , CMD:  3 
#  Inputs:	OPA:  57 , OPB: 129 , INP_VALID : 11 
#  Expected Result : RES:   128 , COUT: 0 , OFLOW: 1 , EGL: 000 , ERR: 0 
#  DUT Result	: RES:   183 , COUT: 0 , OFLOW: 1 , EGL: 000 , ERR: 0 
# -----------------------------------------------------------------------
# -----------------------------------------------------------------------
#  [FAIL] Incorrect Output at MODE: 1 , CMD:  3 
#  Inputs:	OPA: 143 , OPB: 254 , INP_VALID : 11 
#  Expected Result : RES:     0 , COUT: 0 , OFLOW: 1 , EGL: 000 , ERR: 0 
#  DUT Result	: RES:   144 , COUT: 0 , OFLOW: 1 , EGL: 000 , ERR: 0 
# -----------------------------------------------------------------------
# -----------------------------------------------------------------------
#  [FAIL] Incorrect Output at MODE: 1 , CMD:  3 
#  Inputs:	OPA:  15 , OPB:  51 , INP_VALID : 11 
#  Expected Result : RES:   128 , COUT: 0 , OFLOW: 1 , EGL: 000 , ERR: 0 
#  DUT Result	: RES:   219 , COUT: 0 , OFLOW: 1 , EGL: 000 , ERR: 0 
# -----------------------------------------------------------------------
# -----------------------------------------------------------------------
#  [FAIL] Incorrect Output at MODE: 1 , CMD:  3 
#  Inputs:	OPA:  86 , OPB: 154 , INP_VALID : 11 
#  Expected Result : RES:     0 , COUT: 0 , OFLOW: 1 , EGL: 000 , ERR: 0 
#  DUT Result	: RES:   188 , COUT: 0 , OFLOW: 1 , EGL: 000 , ERR: 0 
# -----------------------------------------------------------------------
# -----------------------------------------------------------------------
#  [FAIL] Incorrect Output at MODE: 1 , CMD:  3 
#  Inputs:	OPA:  73 , OPB: 211 , INP_VALID : 11 
#  Expected Result : RES:     0 , COUT: 0 , OFLOW: 1 , EGL: 000 , ERR: 0 
#  DUT Result	: RES:   118 , COUT: 0 , OFLOW: 1 , EGL: 000 , ERR: 0 
# -----------------------------------------------------------------------
# -----------------------------------------------------------------------
#  [FAIL] Incorrect Output at MODE: 1 , CMD:  3 
#  Inputs:	OPA: 216 , OPB: 120 , INP_VALID : 11 
#  Expected Result : RES:   128 , COUT: 0 , OFLOW: 0 , EGL: 000 , ERR: 0 
#  DUT Result	: RES:    95 , COUT: 0 , OFLOW: 0 , EGL: 000 , ERR: 0 
# -----------------------------------------------------------------------
# -----------------------------------------------------------------------
#  [FAIL] Incorrect Output at MODE: 1 , CMD:  3 
#  Inputs:	OPA:  37 , OPB:   9 , INP_VALID : 11 
#  Expected Result : RES:     0 , COUT: 0 , OFLOW: 0 , EGL: 000 , ERR: 0 
#  DUT Result	: RES:    28 , COUT: 0 , OFLOW: 0 , EGL: 000 , ERR: 0 
# -----------------------------------------------------------------------
# -----------------------------------------------------------------------
#  [FAIL] Incorrect Output at MODE: 1 , CMD:  3 
#  Inputs:	OPA:  44 , OPB: 211 , INP_VALID : 11 
#  Expected Result : RES:   128 , COUT: 0 , OFLOW: 1 , EGL: 000 , ERR: 0 
#  DUT Result	: RES:    89 , COUT: 0 , OFLOW: 1 , EGL: 000 , ERR: 0 
# -----------------------------------------------------------------------
# -----------------------------------------------------------------------
#  [FAIL] Incorrect Output at MODE: 1 , CMD:  3 
#  Inputs:	OPA:   0 , OPB: 172 , INP_VALID : 11 
#  Expected Result : RES:     0 , COUT: 0 , OFLOW: 1 , EGL: 000 , ERR: 0 
#  DUT Result	: RES:    84 , COUT: 0 , OFLOW: 1 , EGL: 000 , ERR: 0 
# -----------------------------------------------------------------------
# -----------------------------------------------------------------------
#  [FAIL] Incorrect Output at MODE: 1 , CMD:  3 
#  Inputs:	OPA: 108 , OPB: 160 , INP_VALID : 11 
#  Expected Result : RES:   128 , COUT: 0 , OFLOW: 1 , EGL: 000 , ERR: 0 
#  DUT Result	: RES:   203 , COUT: 0 , OFLOW: 1 , EGL: 000 , ERR: 0 
# -----------------------------------------------------------------------
# -----------------------------------------------------------------------
#  [FAIL] Incorrect Output at MODE: 1 , CMD:  3 
#  Inputs:	OPA: 209 , OPB:   0 , INP_VALID : 11 
#  Expected Result : RES:   128 , COUT: 0 , OFLOW: 0 , EGL: 000 , ERR: 0 
#  DUT Result	: RES:   209 , COUT: 0 , OFLOW: 0 , EGL: 000 , ERR: 0 
# -----------------------------------------------------------------------
# -----------------------------------------------------------------------
#  [FAIL] Incorrect Output at MODE: 1 , CMD:  3 
#  Inputs:	OPA: 216 , OPB: 192 , INP_VALID : 11 
#  Expected Result : RES:     0 , COUT: 0 , OFLOW: 0 , EGL: 000 , ERR: 0 
#  DUT Result	: RES:    24 , COUT: 0 , OFLOW: 0 , EGL: 000 , ERR: 0 
# -----------------------------------------------------------------------
# -----------------------------------------------------------------------
#  [FAIL] Incorrect Output at MODE: 1 , CMD:  3 
#  Inputs:	OPA: 209 , OPB:  81 , INP_VALID : 11 
#  Expected Result : RES:   128 , COUT: 0 , OFLOW: 0 , EGL: 000 , ERR: 0 
#  DUT Result	: RES:   127 , COUT: 0 , OFLOW: 0 , EGL: 000 , ERR: 0 
# -----------------------------------------------------------------------
# -----------------------------------------------------------------------
#  [FAIL] Incorrect Output at MODE: 1 , CMD:  3 
#  Inputs:	OPA:  69 , OPB: 179 , INP_VALID : 11 
#  Expected Result : RES:     0 , COUT: 0 , OFLOW: 1 , EGL: 000 , ERR: 0 
#  DUT Result	: RES:   146 , COUT: 0 , OFLOW: 1 , EGL: 000 , ERR: 0 
# -----------------------------------------------------------------------
# -----------------------------------------------------------------------
#  [FAIL] Incorrect Output at MODE: 1 , CMD:  3 
#  Inputs:	OPA: 128 , OPB: 252 , INP_VALID : 11 
#  Expected Result : RES:     0 , COUT: 0 , OFLOW: 1 , EGL: 000 , ERR: 0 
#  DUT Result	: RES:   132 , COUT: 0 , OFLOW: 1 , EGL: 000 , ERR: 0 
# -----------------------------------------------------------------------
# -----------------------------------------------------------------------
#  [FAIL] Incorrect Output at MODE: 1 , CMD:  3 
#  Inputs:	OPA: 129 , OPB:  49 , INP_VALID : 11 
#  Expected Result : RES:   128 , COUT: 0 , OFLOW: 0 , EGL: 000 , ERR: 0 
#  DUT Result	: RES:    79 , COUT: 0 , OFLOW: 0 , EGL: 000 , ERR: 0 
# -----------------------------------------------------------------------
# -----------------------------------------------------------------------
#  [FAIL] Incorrect Output at MODE: 1 , CMD:  3 
#  Inputs:	OPA: 131 , OPB:  63 , INP_VALID : 11 
#  Expected Result : RES:     0 , COUT: 0 , OFLOW: 0 , EGL: 000 , ERR: 0 
#  DUT Result	: RES:    68 , COUT: 0 , OFLOW: 0 , EGL: 000 , ERR: 0 
# -----------------------------------------------------------------------
# -----------------------------------------------------------------------
#  [FAIL] Incorrect Output at MODE: 1 , CMD:  3 
#  Inputs:	OPA: 100 , OPB: 126 , INP_VALID : 11 
#  Expected Result : RES:   128 , COUT: 0 , OFLOW: 1 , EGL: 000 , ERR: 0 
#  DUT Result	: RES:   229 , COUT: 0 , OFLOW: 1 , EGL: 000 , ERR: 0 
# -----------------------------------------------------------------------
# -----------------------------------------------------------------------
#  [FAIL] Incorrect Output at MODE: 1 , CMD:  3 
#  Inputs:	OPA: 142 , OPB: 158 , INP_VALID : 11 
#  Expected Result : RES:     0 , COUT: 0 , OFLOW: 1 , EGL: 000 , ERR: 0 
#  DUT Result	: RES:   240 , COUT: 0 , OFLOW: 1 , EGL: 000 , ERR: 0 
# -----------------------------------------------------------------------
# -----------------------------------------------------------------------
#  [FAIL] Incorrect Output at MODE: 1 , CMD:  3 
#  Inputs:	OPA:  73 , OPB:  10 , INP_VALID : 11 
#  Expected Result : RES:     0 , COUT: 0 , OFLOW: 0 , EGL: 000 , ERR: 0 
#  DUT Result	: RES:    62 , COUT: 0 , OFLOW: 0 , EGL: 000 , ERR: 0 
# -----------------------------------------------------------------------
# -----------------------------------------------------------------------
#  [FAIL] Incorrect Output at MODE: 1 , CMD:  3 
#  Inputs:	OPA:  81 , OPB:  73 , INP_VALID : 11 
#  Expected Result : RES:   128 , COUT: 0 , OFLOW: 0 , EGL: 000 , ERR: 0 
#  DUT Result	: RES:     7 , COUT: 0 , OFLOW: 0 , EGL: 000 , ERR: 0 
# -----------------------------------------------------------------------
# -----------------------------------------------------------------------
#  [FAIL] Incorrect Output at MODE: 1 , CMD:  3 
#  Inputs:	OPA: 108 , OPB:  88 , INP_VALID : 11 
#  Expected Result : RES:     0 , COUT: 0 , OFLOW: 0 , EGL: 000 , ERR: 0 
#  DUT Result	: RES:    20 , COUT: 0 , OFLOW: 0 , EGL: 000 , ERR: 0 
# -----------------------------------------------------------------------
# -----------------------------------------------------------------------
#  [FAIL] Incorrect Output at MODE: 1 , CMD:  3 
#  Inputs:	OPA:  47 , OPB: 131 , INP_VALID : 11 
#  Expected Result : RES:   128 , COUT: 0 , OFLOW: 1 , EGL: 000 , ERR: 0 
#  DUT Result	: RES:   171 , COUT: 0 , OFLOW: 1 , EGL: 000 , ERR: 0 
# -----------------------------------------------------------------------
# -----------------------------------------------------------------------
#  [FAIL] Incorrect Output at MODE: 1 , CMD:  3 
#  Inputs:	OPA: 212 , OPB: 148 , INP_VALID : 11 
#  Expected Result : RES:     0 , COUT: 0 , OFLOW: 0 , EGL: 000 , ERR: 0 
#  DUT Result	: RES:    64 , COUT: 0 , OFLOW: 0 , EGL: 000 , ERR: 0 
# -----------------------------------------------------------------------
# -----------------------------------------------------------------------
#  [FAIL] Incorrect Output at MODE: 1 , CMD:  3 
#  Inputs:	OPA:  60 , OPB:  70 , INP_VALID : 11 
#  Expected Result : RES:   128 , COUT: 0 , OFLOW: 1 , EGL: 000 , ERR: 0 
#  DUT Result	: RES:   245 , COUT: 0 , OFLOW: 1 , EGL: 000 , ERR: 0 
# -----------------------------------------------------------------------
# -----------------------------------------------------------------------
#  [FAIL] Incorrect Output at MODE: 1 , CMD:  3 
#  Inputs:	OPA:  65 , OPB: 247 , INP_VALID : 11 
#  Expected Result : RES:     0 , COUT: 0 , OFLOW: 1 , EGL: 000 , ERR: 0 
#  DUT Result	: RES:    74 , COUT: 0 , OFLOW: 1 , EGL: 000 , ERR: 0 
# -----------------------------------------------------------------------
# -----------------------------------------------------------------------
#  [FAIL] Incorrect Output at MODE: 1 , CMD:  3 
#  Inputs:	OPA: 114 , OPB: 162 , INP_VALID : 11 
#  Expected Result : RES:   128 , COUT: 0 , OFLOW: 1 , EGL: 000 , ERR: 0 
#  DUT Result	: RES:   207 , COUT: 0 , OFLOW: 1 , EGL: 000 , ERR: 0 
# -----------------------------------------------------------------------
# -----------------------------------------------------------------------
#  [FAIL] Incorrect Output at MODE: 1 , CMD:  3 
#  Inputs:	OPA: 146 , OPB: 203 , INP_VALID : 11 
#  Expected Result : RES:   128 , COUT: 0 , OFLOW: 1 , EGL: 000 , ERR: 0 
#  DUT Result	: RES:   199 , COUT: 0 , OFLOW: 1 , EGL: 000 , ERR: 0 
# -----------------------------------------------------------------------
# -----------------------------------------------------------------------
#  [FAIL] Incorrect Output at MODE: 1 , CMD:  3 
#  Inputs:	OPA:  49 , OPB: 203 , INP_VALID : 11 
#  Expected Result : RES:   128 , COUT: 0 , OFLOW: 1 , EGL: 000 , ERR: 0 
#  DUT Result	: RES:   101 , COUT: 0 , OFLOW: 1 , EGL: 000 , ERR: 0 
# -----------------------------------------------------------------------
# -----------------------------------------------------------------------
#  [FAIL] Incorrect Output at MODE: 1 , CMD:  3 
#  Inputs:	OPA: 113 , OPB:  94 , INP_VALID : 11 
#  Expected Result : RES:     0 , COUT: 0 , OFLOW: 0 , EGL: 000 , ERR: 0 
#  DUT Result	: RES:    18 , COUT: 0 , OFLOW: 0 , EGL: 000 , ERR: 0 
# -----------------------------------------------------------------------
# -----------------------------------------------------------------------
#  [FAIL] Incorrect Output at MODE: 1 , CMD:  3 
#  Inputs:	OPA: 181 , OPB:   8 , INP_VALID : 11 
#  Expected Result : RES:   128 , COUT: 0 , OFLOW: 0 , EGL: 000 , ERR: 0 
#  DUT Result	: RES:   173 , COUT: 0 , OFLOW: 0 , EGL: 000 , ERR: 0 
# -----------------------------------------------------------------------
# -----------------------------------------------------------------------
#  [FAIL] Incorrect Output at MODE: 1 , CMD:  3 
#  Inputs:	OPA:  63 , OPB: 176 , INP_VALID : 11 
#  Expected Result : RES:   128 , COUT: 0 , OFLOW: 1 , EGL: 000 , ERR: 0 
#  DUT Result	: RES:   143 , COUT: 0 , OFLOW: 1 , EGL: 000 , ERR: 0 
# -----------------------------------------------------------------------
# -----------------------------------------------------------------------
#  [FAIL] Incorrect Output at MODE: 1 , CMD:  3 
#  Inputs:	OPA:  50 , OPB:   5 , INP_VALID : 11 
#  Expected Result : RES:   128 , COUT: 0 , OFLOW: 0 , EGL: 000 , ERR: 0 
#  DUT Result	: RES:    45 , COUT: 0 , OFLOW: 0 , EGL: 000 , ERR: 0 
# -----------------------------------------------------------------------
# -----------------------------------------------------------------------
#  [FAIL] Incorrect Output at MODE: 1 , CMD:  3 
#  Inputs:	OPA: 184 , OPB: 125 , INP_VALID : 11 
#  Expected Result : RES:   128 , COUT: 0 , OFLOW: 0 , EGL: 000 , ERR: 0 
#  DUT Result	: RES:    59 , COUT: 0 , OFLOW: 0 , EGL: 000 , ERR: 0 
# -----------------------------------------------------------------------
# -----------------------------------------------------------------------
#  [FAIL] Incorrect Output at MODE: 1 , CMD:  3 
#  Inputs:	OPA: 141 , OPB: 201 , INP_VALID : 11 
#  Expected Result : RES:   128 , COUT: 0 , OFLOW: 1 , EGL: 000 , ERR: 0 
#  DUT Result	: RES:   195 , COUT: 0 , OFLOW: 1 , EGL: 000 , ERR: 0 
# -----------------------------------------------------------------------
# -----------------------------------------------------------------------
#  [FAIL] Incorrect Output at MODE: 1 , CMD:  3 
#  Inputs:	OPA: 180 , OPB: 229 , INP_VALID : 11 
#  Expected Result : RES:   128 , COUT: 0 , OFLOW: 1 , EGL: 000 , ERR: 0 
#  DUT Result	: RES:   207 , COUT: 0 , OFLOW: 1 , EGL: 000 , ERR: 0 
# -----------------------------------------------------------------------
# -----------------------------------------------------------------------
#  [FAIL] Incorrect Output at MODE: 1 , CMD:  3 
#  Inputs:	OPA:  35 , OPB:  45 , INP_VALID : 11 
#  Expected Result : RES:   128 , COUT: 0 , OFLOW: 1 , EGL: 000 , ERR: 0 
#  DUT Result	: RES:   245 , COUT: 0 , OFLOW: 1 , EGL: 000 , ERR: 0 
# -----------------------------------------------------------------------
# -----------------------------------------------------------------------
#  [FAIL] Incorrect Output at MODE: 1 , CMD:  3 
#  Inputs:	OPA:  94 , OPB: 180 , INP_VALID : 11 
#  Expected Result : RES:     0 , COUT: 0 , OFLOW: 1 , EGL: 000 , ERR: 0 
#  DUT Result	: RES:   170 , COUT: 0 , OFLOW: 1 , EGL: 000 , ERR: 0 
# -----------------------------------------------------------------------
#  [PASS] Inputs: OPA: 100 , OPB: 100 , INP_VALID : 11 
#  Expected Result : RES:     0 , COUT: 0 , OFLOW: 0 , EGL: 000 , ERR: 0 
#  DUT Result	: RES:     0 , COUT: 0 , OFLOW: 0 , EGL: 000 , ERR: 0 
# -----------------------------------------------------------------------
#  [FAIL] Incorrect Output at MODE: 1 , CMD:  3 
#  Inputs:	OPA: 138 , OPB: 155 , INP_VALID : 11 
#  Expected Result : RES:     0 , COUT: 0 , OFLOW: 1 , EGL: 000 , ERR: 0 
#  DUT Result	: RES:   238 , COUT: 0 , OFLOW: 1 , EGL: 000 , ERR: 0 
# -----------------------------------------------------------------------
# -----------------------------------------------------------------------
#  [FAIL] Incorrect Output at MODE: 1 , CMD:  3 
#  Inputs:	OPA: 107 , OPB: 171 , INP_VALID : 11 
#  Expected Result : RES:   128 , COUT: 0 , OFLOW: 1 , EGL: 000 , ERR: 0 
#  DUT Result	: RES:   191 , COUT: 0 , OFLOW: 1 , EGL: 000 , ERR: 0 
# -----------------------------------------------------------------------
# -----------------------------------------------------------------------
#  [FAIL] Incorrect Output at MODE: 1 , CMD:  3 
#  Inputs:	OPA: 189 , OPB: 217 , INP_VALID : 11 
#  Expected Result : RES:     0 , COUT: 0 , OFLOW: 1 , EGL: 000 , ERR: 0 
#  DUT Result	: RES:   228 , COUT: 0 , OFLOW: 1 , EGL: 000 , ERR: 0 
# -----------------------------------------------------------------------
# -----------------------------------------------------------------------
#  [FAIL] Incorrect Output at MODE: 1 , CMD:  3 
#  Inputs:	OPA: 224 , OPB:  95 , INP_VALID : 11 
#  Expected Result : RES:     0 , COUT: 0 , OFLOW: 0 , EGL: 000 , ERR: 0 
#  DUT Result	: RES:   128 , COUT: 0 , OFLOW: 0 , EGL: 000 , ERR: 0 
# -----------------------------------------------------------------------
# -----------------------------------------------------------------------
#  [FAIL] Incorrect Output at MODE: 1 , CMD:  3 
#  Inputs:	OPA: 147 , OPB:  38 , INP_VALID : 11 
#  Expected Result : RES:     0 , COUT: 0 , OFLOW: 0 , EGL: 000 , ERR: 0 
#  DUT Result	: RES:   108 , COUT: 0 , OFLOW: 0 , EGL: 000 , ERR: 0 
# -----------------------------------------------------------------------
# -----------------------------------------------------------------------
#  [FAIL] Incorrect Output at MODE: 1 , CMD:  3 
#  Inputs:	OPA:   9 , OPB: 108 , INP_VALID : 11 
#  Expected Result : RES:     0 , COUT: 0 , OFLOW: 1 , EGL: 000 , ERR: 0 
#  DUT Result	: RES:   156 , COUT: 0 , OFLOW: 1 , EGL: 000 , ERR: 0 
# -----------------------------------------------------------------------
# -----------------------------------------------------------------------
#  [FAIL] Incorrect Output at MODE: 1 , CMD:  3 
#  Inputs:	OPA: 176 , OPB: 247 , INP_VALID : 11 
#  Expected Result : RES:     0 , COUT: 0 , OFLOW: 1 , EGL: 000 , ERR: 0 
#  DUT Result	: RES:   184 , COUT: 0 , OFLOW: 1 , EGL: 000 , ERR: 0 
# -----------------------------------------------------------------------
# -----------------------------------------------------------------------
#  [FAIL] Incorrect Output at MODE: 1 , CMD:  3 
#  Inputs:	OPA:  87 , OPB: 118 , INP_VALID : 11 
#  Expected Result : RES:     0 , COUT: 0 , OFLOW: 1 , EGL: 000 , ERR: 0 
#  DUT Result	: RES:   224 , COUT: 0 , OFLOW: 1 , EGL: 000 , ERR: 0 
# -----------------------------------------------------------------------
# -----------------------------------------------------------------------
#  [FAIL] Incorrect Output at MODE: 1 , CMD:  3 
#  Inputs:	OPA: 180 , OPB:  29 , INP_VALID : 11 
#  Expected Result : RES:     0 , COUT: 0 , OFLOW: 0 , EGL: 000 , ERR: 0 
#  DUT Result	: RES:   150 , COUT: 0 , OFLOW: 0 , EGL: 000 , ERR: 0 
# -----------------------------------------------------------------------
# -----------------------------------------------------------------------
#  [FAIL] Incorrect Output at MODE: 1 , CMD:  3 
#  Inputs:	OPA:  70 , OPB: 102 , INP_VALID : 11 
#  Expected Result : RES:     0 , COUT: 0 , OFLOW: 1 , EGL: 000 , ERR: 0 
#  DUT Result	: RES:   224 , COUT: 0 , OFLOW: 1 , EGL: 000 , ERR: 0 
# -----------------------------------------------------------------------
#  [PASS] Inputs: OPA:  63 , OPB:  84 , INP_VALID : 11 
#  Expected Result : RES:    64 , COUT: 0 , OFLOW: 0 , EGL: 000 , ERR: 0 
#  DUT Result	: RES:    64 , COUT: 0 , OFLOW: 0 , EGL: 000 , ERR: 0 
#  [PASS] Inputs: OPA:  76 , OPB:   6 , INP_VALID : 11 
#  Expected Result : RES:    77 , COUT: 0 , OFLOW: 0 , EGL: 000 , ERR: 0 
#  DUT Result	: RES:    77 , COUT: 0 , OFLOW: 0 , EGL: 000 , ERR: 0 
#  [PASS] Inputs: OPA:  45 , OPB: 134 , INP_VALID : 11 
#  Expected Result : RES:    46 , COUT: 0 , OFLOW: 0 , EGL: 000 , ERR: 0 
#  DUT Result	: RES:    46 , COUT: 0 , OFLOW: 0 , EGL: 000 , ERR: 0 
#  [PASS] Inputs: OPA: 184 , OPB: 239 , INP_VALID : 11 
#  Expected Result : RES:   185 , COUT: 0 , OFLOW: 0 , EGL: 000 , ERR: 0 
#  DUT Result	: RES:   185 , COUT: 0 , OFLOW: 0 , EGL: 000 , ERR: 0 
#  [PASS] Inputs: OPA:  63 , OPB:   9 , INP_VALID : 11 
#  Expected Result : RES:    64 , COUT: 0 , OFLOW: 0 , EGL: 000 , ERR: 0 
#  DUT Result	: RES:    64 , COUT: 0 , OFLOW: 0 , EGL: 000 , ERR: 0 
#  [PASS] Inputs: OPA:  85 , OPB:  30 , INP_VALID : 11 
#  Expected Result : RES:    86 , COUT: 0 , OFLOW: 0 , EGL: 000 , ERR: 0 
#  DUT Result	: RES:    86 , COUT: 0 , OFLOW: 0 , EGL: 000 , ERR: 0 
#  [PASS] Inputs: OPA: 206 , OPB: 214 , INP_VALID : 11 
#  Expected Result : RES:   207 , COUT: 0 , OFLOW: 0 , EGL: 000 , ERR: 0 
#  DUT Result	: RES:   207 , COUT: 0 , OFLOW: 0 , EGL: 000 , ERR: 0 
#  [PASS] Inputs: OPA: 169 , OPB: 207 , INP_VALID : 11 
#  Expected Result : RES:   170 , COUT: 0 , OFLOW: 0 , EGL: 000 , ERR: 0 
#  DUT Result	: RES:   170 , COUT: 0 , OFLOW: 0 , EGL: 000 , ERR: 0 
#  [PASS] Inputs: OPA:  64 , OPB: 182 , INP_VALID : 11 
#  Expected Result : RES:    65 , COUT: 0 , OFLOW: 0 , EGL: 000 , ERR: 0 
#  DUT Result	: RES:    65 , COUT: 0 , OFLOW: 0 , EGL: 000 , ERR: 0 
#  [PASS] Inputs: OPA:  90 , OPB: 225 , INP_VALID : 11 
#  Expected Result : RES:    91 , COUT: 0 , OFLOW: 0 , EGL: 000 , ERR: 0 
#  DUT Result	: RES:    91 , COUT: 0 , OFLOW: 0 , EGL: 000 , ERR: 0 
#  [PASS] Inputs: OPA:  39 , OPB:  68 , INP_VALID : 11 
#  Expected Result : RES:    40 , COUT: 0 , OFLOW: 0 , EGL: 000 , ERR: 0 
#  DUT Result	: RES:    40 , COUT: 0 , OFLOW: 0 , EGL: 000 , ERR: 0 
#  [PASS] Inputs: OPA: 159 , OPB: 168 , INP_VALID : 11 
#  Expected Result : RES:   160 , COUT: 0 , OFLOW: 0 , EGL: 000 , ERR: 0 
#  DUT Result	: RES:   160 , COUT: 0 , OFLOW: 0 , EGL: 000 , ERR: 0 
#  [PASS] Inputs: OPA: 133 , OPB: 133 , INP_VALID : 11 
#  Expected Result : RES:   134 , COUT: 0 , OFLOW: 0 , EGL: 000 , ERR: 0 
#  DUT Result	: RES:   134 , COUT: 0 , OFLOW: 0 , EGL: 000 , ERR: 0 
#  [PASS] Inputs: OPA: 136 , OPB: 150 , INP_VALID : 11 
#  Expected Result : RES:   137 , COUT: 0 , OFLOW: 0 , EGL: 000 , ERR: 0 
#  DUT Result	: RES:   137 , COUT: 0 , OFLOW: 0 , EGL: 000 , ERR: 0 
#  [PASS] Inputs: OPA:  61 , OPB:  81 , INP_VALID : 11 
#  Expected Result : RES:    62 , COUT: 0 , OFLOW: 0 , EGL: 000 , ERR: 0 
#  DUT Result	: RES:    62 , COUT: 0 , OFLOW: 0 , EGL: 000 , ERR: 0 
#  [PASS] Inputs: OPA:  28 , OPB: 189 , INP_VALID : 11 
#  Expected Result : RES:    29 , COUT: 0 , OFLOW: 0 , EGL: 000 , ERR: 0 
#  DUT Result	: RES:    29 , COUT: 0 , OFLOW: 0 , EGL: 000 , ERR: 0 
#  [PASS] Inputs: OPA:  78 , OPB:  47 , INP_VALID : 11 
#  Expected Result : RES:    79 , COUT: 0 , OFLOW: 0 , EGL: 000 , ERR: 0 
#  DUT Result	: RES:    79 , COUT: 0 , OFLOW: 0 , EGL: 000 , ERR: 0 
#  [PASS] Inputs: OPA: 236 , OPB:  30 , INP_VALID : 11 
#  Expected Result : RES:   237 , COUT: 0 , OFLOW: 0 , EGL: 000 , ERR: 0 
#  DUT Result	: RES:   237 , COUT: 0 , OFLOW: 0 , EGL: 000 , ERR: 0 
#  [PASS] Inputs: OPA: 192 , OPB: 227 , INP_VALID : 11 
#  Expected Result : RES:   193 , COUT: 0 , OFLOW: 0 , EGL: 000 , ERR: 0 
#  DUT Result	: RES:   193 , COUT: 0 , OFLOW: 0 , EGL: 000 , ERR: 0 
#  [PASS] Inputs: OPA:  75 , OPB: 145 , INP_VALID : 11 
#  Expected Result : RES:    76 , COUT: 0 , OFLOW: 0 , EGL: 000 , ERR: 0 
#  DUT Result	: RES:    76 , COUT: 0 , OFLOW: 0 , EGL: 000 , ERR: 0 
#  [PASS] Inputs: OPA:  73 , OPB:  19 , INP_VALID : 11 
#  Expected Result : RES:    74 , COUT: 0 , OFLOW: 0 , EGL: 000 , ERR: 0 
#  DUT Result	: RES:    74 , COUT: 0 , OFLOW: 0 , EGL: 000 , ERR: 0 
#  [PASS] Inputs: OPA:  28 , OPB:  40 , INP_VALID : 11 
#  Expected Result : RES:    29 , COUT: 0 , OFLOW: 0 , EGL: 000 , ERR: 0 
#  DUT Result	: RES:    29 , COUT: 0 , OFLOW: 0 , EGL: 000 , ERR: 0 
#  [PASS] Inputs: OPA:  93 , OPB: 238 , INP_VALID : 11 
#  Expected Result : RES:    94 , COUT: 0 , OFLOW: 0 , EGL: 000 , ERR: 0 
#  DUT Result	: RES:    94 , COUT: 0 , OFLOW: 0 , EGL: 000 , ERR: 0 
#  [PASS] Inputs: OPA: 187 , OPB: 120 , INP_VALID : 11 
#  Expected Result : RES:   188 , COUT: 0 , OFLOW: 0 , EGL: 000 , ERR: 0 
#  DUT Result	: RES:   188 , COUT: 0 , OFLOW: 0 , EGL: 000 , ERR: 0 
#  [PASS] Inputs: OPA:  93 , OPB:  30 , INP_VALID : 11 
#  Expected Result : RES:    94 , COUT: 0 , OFLOW: 0 , EGL: 000 , ERR: 0 
#  DUT Result	: RES:    94 , COUT: 0 , OFLOW: 0 , EGL: 000 , ERR: 0 
#  [PASS] Inputs: OPA: 203 , OPB: 219 , INP_VALID : 11 
#  Expected Result : RES:   204 , COUT: 0 , OFLOW: 0 , EGL: 000 , ERR: 0 
#  DUT Result	: RES:   204 , COUT: 0 , OFLOW: 0 , EGL: 000 , ERR: 0 
#  [PASS] Inputs: OPA:  32 , OPB:   4 , INP_VALID : 11 
#  Expected Result : RES:    33 , COUT: 0 , OFLOW: 0 , EGL: 000 , ERR: 0 
#  DUT Result	: RES:    33 , COUT: 0 , OFLOW: 0 , EGL: 000 , ERR: 0 
#  [PASS] Inputs: OPA: 205 , OPB: 146 , INP_VALID : 11 
#  Expected Result : RES:   206 , COUT: 0 , OFLOW: 0 , EGL: 000 , ERR: 0 
#  DUT Result	: RES:   206 , COUT: 0 , OFLOW: 0 , EGL: 000 , ERR: 0 
#  [PASS] Inputs: OPA: 169 , OPB: 158 , INP_VALID : 11 
#  Expected Result : RES:   170 , COUT: 0 , OFLOW: 0 , EGL: 000 , ERR: 0 
#  DUT Result	: RES:   170 , COUT: 0 , OFLOW: 0 , EGL: 000 , ERR: 0 
#  [PASS] Inputs: OPA: 192 , OPB:  75 , INP_VALID : 11 
#  Expected Result : RES:   193 , COUT: 0 , OFLOW: 0 , EGL: 000 , ERR: 0 
#  DUT Result	: RES:   193 , COUT: 0 , OFLOW: 0 , EGL: 000 , ERR: 0 
#  [PASS] Inputs: OPA: 129 , OPB: 178 , INP_VALID : 11 
#  Expected Result : RES:   130 , COUT: 0 , OFLOW: 0 , EGL: 000 , ERR: 0 
#  DUT Result	: RES:   130 , COUT: 0 , OFLOW: 0 , EGL: 000 , ERR: 0 
#  [PASS] Inputs: OPA:  11 , OPB:  72 , INP_VALID : 11 
#  Expected Result : RES:    12 , COUT: 0 , OFLOW: 0 , EGL: 000 , ERR: 0 
#  DUT Result	: RES:    12 , COUT: 0 , OFLOW: 0 , EGL: 000 , ERR: 0 
#  [PASS] Inputs: OPA: 252 , OPB: 175 , INP_VALID : 11 
#  Expected Result : RES:   253 , COUT: 0 , OFLOW: 0 , EGL: 000 , ERR: 0 
#  DUT Result	: RES:   253 , COUT: 0 , OFLOW: 0 , EGL: 000 , ERR: 0 
#  [PASS] Inputs: OPA:  14 , OPB: 117 , INP_VALID : 11 
#  Expected Result : RES:    15 , COUT: 0 , OFLOW: 0 , EGL: 000 , ERR: 0 
#  DUT Result	: RES:    15 , COUT: 0 , OFLOW: 0 , EGL: 000 , ERR: 0 
#  [PASS] Inputs: OPA:  13 , OPB:  39 , INP_VALID : 11 
#  Expected Result : RES:    14 , COUT: 0 , OFLOW: 0 , EGL: 000 , ERR: 0 
#  DUT Result	: RES:    14 , COUT: 0 , OFLOW: 0 , EGL: 000 , ERR: 0 
#  [PASS] Inputs: OPA: 252 , OPB: 191 , INP_VALID : 11 
#  Expected Result : RES:   253 , COUT: 0 , OFLOW: 0 , EGL: 000 , ERR: 0 
#  DUT Result	: RES:   253 , COUT: 0 , OFLOW: 0 , EGL: 000 , ERR: 0 
#  [PASS] Inputs: OPA: 129 , OPB: 104 , INP_VALID : 11 
#  Expected Result : RES:   130 , COUT: 0 , OFLOW: 0 , EGL: 000 , ERR: 0 
#  DUT Result	: RES:   130 , COUT: 0 , OFLOW: 0 , EGL: 000 , ERR: 0 
#  [PASS] Inputs: OPA: 251 , OPB:  25 , INP_VALID : 11 
#  Expected Result : RES:   252 , COUT: 0 , OFLOW: 0 , EGL: 000 , ERR: 0 
#  DUT Result	: RES:   252 , COUT: 0 , OFLOW: 0 , EGL: 000 , ERR: 0 
#  [PASS] Inputs: OPA:  83 , OPB: 239 , INP_VALID : 11 
#  Expected Result : RES:    84 , COUT: 0 , OFLOW: 0 , EGL: 000 , ERR: 0 
#  DUT Result	: RES:    84 , COUT: 0 , OFLOW: 0 , EGL: 000 , ERR: 0 
#  [PASS] Inputs: OPA: 177 , OPB: 100 , INP_VALID : 11 
#  Expected Result : RES:   178 , COUT: 0 , OFLOW: 0 , EGL: 000 , ERR: 0 
#  DUT Result	: RES:   178 , COUT: 0 , OFLOW: 0 , EGL: 000 , ERR: 0 
#  [PASS] Inputs: OPA: 246 , OPB: 104 , INP_VALID : 11 
#  Expected Result : RES:   247 , COUT: 0 , OFLOW: 0 , EGL: 000 , ERR: 0 
#  DUT Result	: RES:   247 , COUT: 0 , OFLOW: 0 , EGL: 000 , ERR: 0 
#  [PASS] Inputs: OPA: 111 , OPB:  42 , INP_VALID : 11 
#  Expected Result : RES:   112 , COUT: 0 , OFLOW: 0 , EGL: 000 , ERR: 0 
#  DUT Result	: RES:   112 , COUT: 0 , OFLOW: 0 , EGL: 000 , ERR: 0 
#  [PASS] Inputs: OPA: 247 , OPB:  70 , INP_VALID : 11 
#  Expected Result : RES:   248 , COUT: 0 , OFLOW: 0 , EGL: 000 , ERR: 0 
#  DUT Result	: RES:   248 , COUT: 0 , OFLOW: 0 , EGL: 000 , ERR: 0 
#  [PASS] Inputs: OPA: 160 , OPB: 250 , INP_VALID : 11 
#  Expected Result : RES:   161 , COUT: 0 , OFLOW: 0 , EGL: 000 , ERR: 0 
#  DUT Result	: RES:   161 , COUT: 0 , OFLOW: 0 , EGL: 000 , ERR: 0 
#  [PASS] Inputs: OPA:  51 , OPB:   0 , INP_VALID : 11 
#  Expected Result : RES:    52 , COUT: 0 , OFLOW: 0 , EGL: 000 , ERR: 0 
#  DUT Result	: RES:    52 , COUT: 0 , OFLOW: 0 , EGL: 000 , ERR: 0 
#  [PASS] Inputs: OPA: 112 , OPB:  41 , INP_VALID : 11 
#  Expected Result : RES:   113 , COUT: 0 , OFLOW: 0 , EGL: 000 , ERR: 0 
#  DUT Result	: RES:   113 , COUT: 0 , OFLOW: 0 , EGL: 000 , ERR: 0 
#  [PASS] Inputs: OPA: 150 , OPB: 215 , INP_VALID : 11 
#  Expected Result : RES:   151 , COUT: 0 , OFLOW: 0 , EGL: 000 , ERR: 0 
#  DUT Result	: RES:   151 , COUT: 0 , OFLOW: 0 , EGL: 000 , ERR: 0 
#  [PASS] Inputs: OPA:   6 , OPB:  74 , INP_VALID : 11 
#  Expected Result : RES:     7 , COUT: 0 , OFLOW: 0 , EGL: 000 , ERR: 0 
#  DUT Result	: RES:     7 , COUT: 0 , OFLOW: 0 , EGL: 000 , ERR: 0 
#  [PASS] Inputs: OPA:  65 , OPB: 136 , INP_VALID : 11 
#  Expected Result : RES:    66 , COUT: 0 , OFLOW: 0 , EGL: 000 , ERR: 0 
#  DUT Result	: RES:    66 , COUT: 0 , OFLOW: 0 , EGL: 000 , ERR: 0 
#  [PASS] Inputs: OPA: 113 , OPB:  40 , INP_VALID : 11 
#  Expected Result : RES:   114 , COUT: 0 , OFLOW: 0 , EGL: 000 , ERR: 0 
#  DUT Result	: RES:   114 , COUT: 0 , OFLOW: 0 , EGL: 000 , ERR: 0 
#  [PASS] Inputs: OPA: 108 , OPB:  85 , INP_VALID : 11 
#  Expected Result : RES:   109 , COUT: 0 , OFLOW: 0 , EGL: 000 , ERR: 0 
#  DUT Result	: RES:   109 , COUT: 0 , OFLOW: 0 , EGL: 000 , ERR: 0 
#  [PASS] Inputs: OPA: 111 , OPB: 244 , INP_VALID : 11 
#  Expected Result : RES:   112 , COUT: 0 , OFLOW: 0 , EGL: 000 , ERR: 0 
#  DUT Result	: RES:   112 , COUT: 0 , OFLOW: 0 , EGL: 000 , ERR: 0 
#  [PASS] Inputs: OPA: 211 , OPB:  24 , INP_VALID : 11 
#  Expected Result : RES:   212 , COUT: 0 , OFLOW: 0 , EGL: 000 , ERR: 0 
#  DUT Result	: RES:   212 , COUT: 0 , OFLOW: 0 , EGL: 000 , ERR: 0 
#  [PASS] Inputs: OPA: 249 , OPB: 200 , INP_VALID : 11 
#  Expected Result : RES:   250 , COUT: 0 , OFLOW: 0 , EGL: 000 , ERR: 0 
#  DUT Result	: RES:   250 , COUT: 0 , OFLOW: 0 , EGL: 000 , ERR: 0 
#  [PASS] Inputs: OPA:  72 , OPB: 227 , INP_VALID : 11 
#  Expected Result : RES:    73 , COUT: 0 , OFLOW: 0 , EGL: 000 , ERR: 0 
#  DUT Result	: RES:    73 , COUT: 0 , OFLOW: 0 , EGL: 000 , ERR: 0 
#  [PASS] Inputs: OPA: 138 , OPB: 103 , INP_VALID : 11 
#  Expected Result : RES:   139 , COUT: 0 , OFLOW: 0 , EGL: 000 , ERR: 0 
#  DUT Result	: RES:   139 , COUT: 0 , OFLOW: 0 , EGL: 000 , ERR: 0 
#  [PASS] Inputs: OPA:  96 , OPB:  78 , INP_VALID : 11 
#  Expected Result : RES:    97 , COUT: 0 , OFLOW: 0 , EGL: 000 , ERR: 0 
#  DUT Result	: RES:    97 , COUT: 0 , OFLOW: 0 , EGL: 000 , ERR: 0 
#  [PASS] Inputs: OPA: 114 , OPB: 242 , INP_VALID : 11 
#  Expected Result : RES:   115 , COUT: 0 , OFLOW: 0 , EGL: 000 , ERR: 0 
#  DUT Result	: RES:   115 , COUT: 0 , OFLOW: 0 , EGL: 000 , ERR: 0 
#  [PASS] Inputs: OPA: 232 , OPB: 152 , INP_VALID : 11 
#  Expected Result : RES:   233 , COUT: 0 , OFLOW: 0 , EGL: 000 , ERR: 0 
#  DUT Result	: RES:   233 , COUT: 0 , OFLOW: 0 , EGL: 000 , ERR: 0 
#  [PASS] Inputs: OPA: 248 , OPB: 141 , INP_VALID : 11 
#  Expected Result : RES:   249 , COUT: 0 , OFLOW: 0 , EGL: 000 , ERR: 0 
#  DUT Result	: RES:   249 , COUT: 0 , OFLOW: 0 , EGL: 000 , ERR: 0 
#  [PASS] Inputs: OPA: 175 , OPB:  56 , INP_VALID : 11 
#  Expected Result : RES:   176 , COUT: 0 , OFLOW: 0 , EGL: 000 , ERR: 0 
#  DUT Result	: RES:   176 , COUT: 0 , OFLOW: 0 , EGL: 000 , ERR: 0 
#  [PASS] Inputs: OPA: 161 , OPB: 148 , INP_VALID : 11 
#  Expected Result : RES:   162 , COUT: 0 , OFLOW: 0 , EGL: 000 , ERR: 0 
#  DUT Result	: RES:   162 , COUT: 0 , OFLOW: 0 , EGL: 000 , ERR: 0 
#  [PASS] Inputs: OPA:  33 , OPB:  37 , INP_VALID : 11 
#  Expected Result : RES:    34 , COUT: 0 , OFLOW: 0 , EGL: 000 , ERR: 0 
#  DUT Result	: RES:    34 , COUT: 0 , OFLOW: 0 , EGL: 000 , ERR: 0 
#  [PASS] Inputs: OPA:  59 , OPB:  46 , INP_VALID : 11 
#  Expected Result : RES:    60 , COUT: 0 , OFLOW: 0 , EGL: 000 , ERR: 0 
#  DUT Result	: RES:    60 , COUT: 0 , OFLOW: 0 , EGL: 000 , ERR: 0 
#  [PASS] Inputs: OPA:  22 , OPB:  32 , INP_VALID : 11 
#  Expected Result : RES:    23 , COUT: 0 , OFLOW: 0 , EGL: 000 , ERR: 0 
#  DUT Result	: RES:    23 , COUT: 0 , OFLOW: 0 , EGL: 000 , ERR: 0 
#  [PASS] Inputs: OPA: 149 , OPB:  45 , INP_VALID : 11 
#  Expected Result : RES:   150 , COUT: 0 , OFLOW: 0 , EGL: 000 , ERR: 0 
#  DUT Result	: RES:   150 , COUT: 0 , OFLOW: 0 , EGL: 000 , ERR: 0 
#  [PASS] Inputs: OPA:   7 , OPB: 232 , INP_VALID : 11 
#  Expected Result : RES:     8 , COUT: 0 , OFLOW: 0 , EGL: 000 , ERR: 0 
#  DUT Result	: RES:     8 , COUT: 0 , OFLOW: 0 , EGL: 000 , ERR: 0 
#  [PASS] Inputs: OPA: 104 , OPB: 151 , INP_VALID : 11 
#  Expected Result : RES:   105 , COUT: 0 , OFLOW: 0 , EGL: 000 , ERR: 0 
#  DUT Result	: RES:   105 , COUT: 0 , OFLOW: 0 , EGL: 000 , ERR: 0 
#  [PASS] Inputs: OPA:  55 , OPB:  82 , INP_VALID : 11 
#  Expected Result : RES:    56 , COUT: 0 , OFLOW: 0 , EGL: 000 , ERR: 0 
#  DUT Result	: RES:    56 , COUT: 0 , OFLOW: 0 , EGL: 000 , ERR: 0 
#  [PASS] Inputs: OPA: 134 , OPB: 113 , INP_VALID : 11 
#  Expected Result : RES:   135 , COUT: 0 , OFLOW: 0 , EGL: 000 , ERR: 0 
#  DUT Result	: RES:   135 , COUT: 0 , OFLOW: 0 , EGL: 000 , ERR: 0 
#  [PASS] Inputs: OPA: 116 , OPB: 114 , INP_VALID : 11 
#  Expected Result : RES:   117 , COUT: 0 , OFLOW: 0 , EGL: 000 , ERR: 0 
#  DUT Result	: RES:   117 , COUT: 0 , OFLOW: 0 , EGL: 000 , ERR: 0 
#  [PASS] Inputs: OPA: 204 , OPB: 136 , INP_VALID : 11 
#  Expected Result : RES:   205 , COUT: 0 , OFLOW: 0 , EGL: 000 , ERR: 0 
#  DUT Result	: RES:   205 , COUT: 0 , OFLOW: 0 , EGL: 000 , ERR: 0 
#  [PASS] Inputs: OPA: 130 , OPB: 140 , INP_VALID : 11 
#  Expected Result : RES:   131 , COUT: 0 , OFLOW: 0 , EGL: 000 , ERR: 0 
#  DUT Result	: RES:   131 , COUT: 0 , OFLOW: 0 , EGL: 000 , ERR: 0 
#  [PASS] Inputs: OPA: 143 , OPB: 197 , INP_VALID : 11 
#  Expected Result : RES:   144 , COUT: 0 , OFLOW: 0 , EGL: 000 , ERR: 0 
#  DUT Result	: RES:   144 , COUT: 0 , OFLOW: 0 , EGL: 000 , ERR: 0 
#  [PASS] Inputs: OPA:  21 , OPB: 203 , INP_VALID : 11 
#  Expected Result : RES:    22 , COUT: 0 , OFLOW: 0 , EGL: 000 , ERR: 0 
#  DUT Result	: RES:    22 , COUT: 0 , OFLOW: 0 , EGL: 000 , ERR: 0 
#  [PASS] Inputs: OPA:  42 , OPB: 245 , INP_VALID : 11 
#  Expected Result : RES:    43 , COUT: 0 , OFLOW: 0 , EGL: 000 , ERR: 0 
#  DUT Result	: RES:    43 , COUT: 0 , OFLOW: 0 , EGL: 000 , ERR: 0 
#  [PASS] Inputs: OPA:  70 , OPB:  59 , INP_VALID : 11 
#  Expected Result : RES:    71 , COUT: 0 , OFLOW: 0 , EGL: 000 , ERR: 0 
#  DUT Result	: RES:    71 , COUT: 0 , OFLOW: 0 , EGL: 000 , ERR: 0 
#  [PASS] Inputs: OPA: 147 , OPB: 228 , INP_VALID : 11 
#  Expected Result : RES:   148 , COUT: 0 , OFLOW: 0 , EGL: 000 , ERR: 0 
#  DUT Result	: RES:   148 , COUT: 0 , OFLOW: 0 , EGL: 000 , ERR: 0 
#  [PASS] Inputs: OPA: 114 , OPB: 114 , INP_VALID : 11 
#  Expected Result : RES:   115 , COUT: 0 , OFLOW: 0 , EGL: 000 , ERR: 0 
#  DUT Result	: RES:   115 , COUT: 0 , OFLOW: 0 , EGL: 000 , ERR: 0 
#  [PASS] Inputs: OPA: 181 , OPB: 163 , INP_VALID : 11 
#  Expected Result : RES:   182 , COUT: 0 , OFLOW: 0 , EGL: 000 , ERR: 0 
#  DUT Result	: RES:   182 , COUT: 0 , OFLOW: 0 , EGL: 000 , ERR: 0 
#  [PASS] Inputs: OPA: 151 , OPB:  49 , INP_VALID : 11 
#  Expected Result : RES:   152 , COUT: 0 , OFLOW: 0 , EGL: 000 , ERR: 0 
#  DUT Result	: RES:   152 , COUT: 0 , OFLOW: 0 , EGL: 000 , ERR: 0 
#  [PASS] Inputs: OPA:  87 , OPB: 118 , INP_VALID : 11 
#  Expected Result : RES:    88 , COUT: 0 , OFLOW: 0 , EGL: 000 , ERR: 0 
#  DUT Result	: RES:    88 , COUT: 0 , OFLOW: 0 , EGL: 000 , ERR: 0 
#  [PASS] Inputs: OPA:   0 , OPB: 115 , INP_VALID : 11 
#  Expected Result : RES:     1 , COUT: 0 , OFLOW: 0 , EGL: 000 , ERR: 0 
#  DUT Result	: RES:     1 , COUT: 0 , OFLOW: 0 , EGL: 000 , ERR: 0 
#  [PASS] Inputs: OPA: 114 , OPB:  30 , INP_VALID : 11 
#  Expected Result : RES:   115 , COUT: 0 , OFLOW: 0 , EGL: 000 , ERR: 0 
#  DUT Result	: RES:   115 , COUT: 0 , OFLOW: 0 , EGL: 000 , ERR: 0 
#  [PASS] Inputs: OPA: 205 , OPB: 253 , INP_VALID : 11 
#  Expected Result : RES:   206 , COUT: 0 , OFLOW: 0 , EGL: 000 , ERR: 0 
#  DUT Result	: RES:   206 , COUT: 0 , OFLOW: 0 , EGL: 000 , ERR: 0 
#  [PASS] Inputs: OPA:  27 , OPB: 206 , INP_VALID : 11 
#  Expected Result : RES:    28 , COUT: 0 , OFLOW: 0 , EGL: 000 , ERR: 0 
#  DUT Result	: RES:    28 , COUT: 0 , OFLOW: 0 , EGL: 000 , ERR: 0 
#  [PASS] Inputs: OPA: 202 , OPB: 135 , INP_VALID : 11 
#  Expected Result : RES:   203 , COUT: 0 , OFLOW: 0 , EGL: 000 , ERR: 0 
#  DUT Result	: RES:   203 , COUT: 0 , OFLOW: 0 , EGL: 000 , ERR: 0 
#  [PASS] Inputs: OPA:  44 , OPB:  37 , INP_VALID : 11 
#  Expected Result : RES:    45 , COUT: 0 , OFLOW: 0 , EGL: 000 , ERR: 0 
#  DUT Result	: RES:    45 , COUT: 0 , OFLOW: 0 , EGL: 000 , ERR: 0 
#  [PASS] Inputs: OPA: 243 , OPB: 131 , INP_VALID : 11 
#  Expected Result : RES:   244 , COUT: 0 , OFLOW: 0 , EGL: 000 , ERR: 0 
#  DUT Result	: RES:   244 , COUT: 0 , OFLOW: 0 , EGL: 000 , ERR: 0 
#  [PASS] Inputs: OPA: 176 , OPB: 185 , INP_VALID : 11 
#  Expected Result : RES:   177 , COUT: 0 , OFLOW: 0 , EGL: 000 , ERR: 0 
#  DUT Result	: RES:   177 , COUT: 0 , OFLOW: 0 , EGL: 000 , ERR: 0 
#  [PASS] Inputs: OPA: 168 , OPB: 154 , INP_VALID : 11 
#  Expected Result : RES:   169 , COUT: 0 , OFLOW: 0 , EGL: 000 , ERR: 0 
#  DUT Result	: RES:   169 , COUT: 0 , OFLOW: 0 , EGL: 000 , ERR: 0 
#  [PASS] Inputs: OPA: 157 , OPB: 252 , INP_VALID : 11 
#  Expected Result : RES:   158 , COUT: 0 , OFLOW: 0 , EGL: 000 , ERR: 0 
#  DUT Result	: RES:   158 , COUT: 0 , OFLOW: 0 , EGL: 000 , ERR: 0 
#  [PASS] Inputs: OPA: 217 , OPB:  12 , INP_VALID : 11 
#  Expected Result : RES:   218 , COUT: 0 , OFLOW: 0 , EGL: 000 , ERR: 0 
#  DUT Result	: RES:   218 , COUT: 0 , OFLOW: 0 , EGL: 000 , ERR: 0 
#  [PASS] Inputs: OPA:  92 , OPB: 129 , INP_VALID : 11 
#  Expected Result : RES:    93 , COUT: 0 , OFLOW: 0 , EGL: 000 , ERR: 0 
#  DUT Result	: RES:    93 , COUT: 0 , OFLOW: 0 , EGL: 000 , ERR: 0 
#  [PASS] Inputs: OPA: 168 , OPB: 163 , INP_VALID : 11 
#  Expected Result : RES:   169 , COUT: 0 , OFLOW: 0 , EGL: 000 , ERR: 0 
#  DUT Result	: RES:   169 , COUT: 0 , OFLOW: 0 , EGL: 000 , ERR: 0 
#  [PASS] Inputs: OPA: 249 , OPB: 189 , INP_VALID : 11 
#  Expected Result : RES:   250 , COUT: 0 , OFLOW: 0 , EGL: 000 , ERR: 0 
#  DUT Result	: RES:   250 , COUT: 0 , OFLOW: 0 , EGL: 000 , ERR: 0 
#  [PASS] Inputs: OPA:  31 , OPB: 107 , INP_VALID : 11 
#  Expected Result : RES:    32 , COUT: 0 , OFLOW: 0 , EGL: 000 , ERR: 0 
#  DUT Result	: RES:    32 , COUT: 0 , OFLOW: 0 , EGL: 000 , ERR: 0 
#  [PASS] Inputs: OPA: 150 , OPB:  11 , INP_VALID : 11 
#  Expected Result : RES:   151 , COUT: 0 , OFLOW: 0 , EGL: 000 , ERR: 0 
#  DUT Result	: RES:   151 , COUT: 0 , OFLOW: 0 , EGL: 000 , ERR: 0 
#  [PASS] Inputs: OPA: 143 , OPB:  63 , INP_VALID : 11 
#  Expected Result : RES:   144 , COUT: 0 , OFLOW: 0 , EGL: 000 , ERR: 0 
#  DUT Result	: RES:   144 , COUT: 0 , OFLOW: 0 , EGL: 000 , ERR: 0 
#  [PASS] Inputs: OPA: 123 , OPB:  45 , INP_VALID : 11 
#  Expected Result : RES:   124 , COUT: 0 , OFLOW: 0 , EGL: 000 , ERR: 0 
#  DUT Result	: RES:   124 , COUT: 0 , OFLOW: 0 , EGL: 000 , ERR: 0 
#  [PASS] Inputs: OPA: 255 , OPB:  93 , INP_VALID : 11 
#  Expected Result : RES:   254 , COUT: 0 , OFLOW: 0 , EGL: 000 , ERR: 0 
#  DUT Result	: RES:   254 , COUT: 0 , OFLOW: 0 , EGL: 000 , ERR: 0 
#  [PASS] Inputs: OPA: 215 , OPB:  61 , INP_VALID : 11 
#  Expected Result : RES:   214 , COUT: 0 , OFLOW: 0 , EGL: 000 , ERR: 0 
#  DUT Result	: RES:   214 , COUT: 0 , OFLOW: 0 , EGL: 000 , ERR: 0 
#  [PASS] Inputs: OPA:  26 , OPB: 235 , INP_VALID : 11 
#  Expected Result : RES:    25 , COUT: 0 , OFLOW: 0 , EGL: 000 , ERR: 0 
#  DUT Result	: RES:    25 , COUT: 0 , OFLOW: 0 , EGL: 000 , ERR: 0 
#  [PASS] Inputs: OPA:  41 , OPB:  19 , INP_VALID : 11 
#  Expected Result : RES:    40 , COUT: 0 , OFLOW: 0 , EGL: 000 , ERR: 0 
#  DUT Result	: RES:    40 , COUT: 0 , OFLOW: 0 , EGL: 000 , ERR: 0 
#  [PASS] Inputs: OPA:  29 , OPB: 214 , INP_VALID : 11 
#  Expected Result : RES:    28 , COUT: 0 , OFLOW: 0 , EGL: 000 , ERR: 0 
#  DUT Result	: RES:    28 , COUT: 0 , OFLOW: 0 , EGL: 000 , ERR: 0 
#  [PASS] Inputs: OPA: 142 , OPB: 146 , INP_VALID : 11 
#  Expected Result : RES:   141 , COUT: 0 , OFLOW: 0 , EGL: 000 , ERR: 0 
#  DUT Result	: RES:   141 , COUT: 0 , OFLOW: 0 , EGL: 000 , ERR: 0 
#  [PASS] Inputs: OPA: 238 , OPB:  69 , INP_VALID : 11 
#  Expected Result : RES:   237 , COUT: 0 , OFLOW: 0 , EGL: 000 , ERR: 0 
#  DUT Result	: RES:   237 , COUT: 0 , OFLOW: 0 , EGL: 000 , ERR: 0 
#  [PASS] Inputs: OPA: 109 , OPB: 167 , INP_VALID : 11 
#  Expected Result : RES:   108 , COUT: 0 , OFLOW: 0 , EGL: 000 , ERR: 0 
#  DUT Result	: RES:   108 , COUT: 0 , OFLOW: 0 , EGL: 000 , ERR: 0 
#  [PASS] Inputs: OPA:  34 , OPB:  89 , INP_VALID : 11 
#  Expected Result : RES:    33 , COUT: 0 , OFLOW: 0 , EGL: 000 , ERR: 0 
#  DUT Result	: RES:    33 , COUT: 0 , OFLOW: 0 , EGL: 000 , ERR: 0 
#  [PASS] Inputs: OPA: 141 , OPB:   5 , INP_VALID : 11 
#  Expected Result : RES:   140 , COUT: 0 , OFLOW: 0 , EGL: 000 , ERR: 0 
#  DUT Result	: RES:   140 , COUT: 0 , OFLOW: 0 , EGL: 000 , ERR: 0 
#  [PASS] Inputs: OPA: 207 , OPB:  76 , INP_VALID : 11 
#  Expected Result : RES:   206 , COUT: 0 , OFLOW: 0 , EGL: 000 , ERR: 0 
#  DUT Result	: RES:   206 , COUT: 0 , OFLOW: 0 , EGL: 000 , ERR: 0 
#  [PASS] Inputs: OPA: 167 , OPB:  24 , INP_VALID : 11 
#  Expected Result : RES:   166 , COUT: 0 , OFLOW: 0 , EGL: 000 , ERR: 0 
#  DUT Result	: RES:   166 , COUT: 0 , OFLOW: 0 , EGL: 000 , ERR: 0 
#  [PASS] Inputs: OPA: 108 , OPB:  15 , INP_VALID : 11 
#  Expected Result : RES:   107 , COUT: 0 , OFLOW: 0 , EGL: 000 , ERR: 0 
#  DUT Result	: RES:   107 , COUT: 0 , OFLOW: 0 , EGL: 000 , ERR: 0 
#  [PASS] Inputs: OPA: 208 , OPB:  47 , INP_VALID : 11 
#  Expected Result : RES:   207 , COUT: 0 , OFLOW: 0 , EGL: 000 , ERR: 0 
#  DUT Result	: RES:   207 , COUT: 0 , OFLOW: 0 , EGL: 000 , ERR: 0 
#  [PASS] Inputs: OPA:  32 , OPB: 238 , INP_VALID : 11 
#  Expected Result : RES:    31 , COUT: 0 , OFLOW: 0 , EGL: 000 , ERR: 0 
#  DUT Result	: RES:    31 , COUT: 0 , OFLOW: 0 , EGL: 000 , ERR: 0 
#  [PASS] Inputs: OPA: 114 , OPB: 180 , INP_VALID : 11 
#  Expected Result : RES:   113 , COUT: 0 , OFLOW: 0 , EGL: 000 , ERR: 0 
#  DUT Result	: RES:   113 , COUT: 0 , OFLOW: 0 , EGL: 000 , ERR: 0 
#  [PASS] Inputs: OPA: 160 , OPB: 179 , INP_VALID : 11 
#  Expected Result : RES:   159 , COUT: 0 , OFLOW: 0 , EGL: 000 , ERR: 0 
#  DUT Result	: RES:   159 , COUT: 0 , OFLOW: 0 , EGL: 000 , ERR: 0 
#  [PASS] Inputs: OPA:  31 , OPB: 220 , INP_VALID : 11 
#  Expected Result : RES:    30 , COUT: 0 , OFLOW: 0 , EGL: 000 , ERR: 0 
#  DUT Result	: RES:    30 , COUT: 0 , OFLOW: 0 , EGL: 000 , ERR: 0 
#  [PASS] Inputs: OPA:  53 , OPB: 228 , INP_VALID : 11 
#  Expected Result : RES:    52 , COUT: 0 , OFLOW: 0 , EGL: 000 , ERR: 0 
#  DUT Result	: RES:    52 , COUT: 0 , OFLOW: 0 , EGL: 000 , ERR: 0 
#  [PASS] Inputs: OPA: 174 , OPB: 185 , INP_VALID : 11 
#  Expected Result : RES:   173 , COUT: 0 , OFLOW: 0 , EGL: 000 , ERR: 0 
#  DUT Result	: RES:   173 , COUT: 0 , OFLOW: 0 , EGL: 000 , ERR: 0 
#  [PASS] Inputs: OPA:  90 , OPB:  13 , INP_VALID : 11 
#  Expected Result : RES:    89 , COUT: 0 , OFLOW: 0 , EGL: 000 , ERR: 0 
#  DUT Result	: RES:    89 , COUT: 0 , OFLOW: 0 , EGL: 000 , ERR: 0 
#  [PASS] Inputs: OPA:  84 , OPB: 220 , INP_VALID : 11 
#  Expected Result : RES:    83 , COUT: 0 , OFLOW: 0 , EGL: 000 , ERR: 0 
#  DUT Result	: RES:    83 , COUT: 0 , OFLOW: 0 , EGL: 000 , ERR: 0 
#  [PASS] Inputs: OPA: 122 , OPB:  55 , INP_VALID : 11 
#  Expected Result : RES:   121 , COUT: 0 , OFLOW: 0 , EGL: 000 , ERR: 0 
#  DUT Result	: RES:   121 , COUT: 0 , OFLOW: 0 , EGL: 000 , ERR: 0 
#  [PASS] Inputs: OPA:   7 , OPB:  89 , INP_VALID : 11 
#  Expected Result : RES:     6 , COUT: 0 , OFLOW: 0 , EGL: 000 , ERR: 0 
#  DUT Result	: RES:     6 , COUT: 0 , OFLOW: 0 , EGL: 000 , ERR: 0 
#  [PASS] Inputs: OPA: 214 , OPB:  27 , INP_VALID : 11 
#  Expected Result : RES:   213 , COUT: 0 , OFLOW: 0 , EGL: 000 , ERR: 0 
#  DUT Result	: RES:   213 , COUT: 0 , OFLOW: 0 , EGL: 000 , ERR: 0 
#  [PASS] Inputs: OPA: 202 , OPB:  91 , INP_VALID : 11 
#  Expected Result : RES:   201 , COUT: 0 , OFLOW: 0 , EGL: 000 , ERR: 0 
#  DUT Result	: RES:   201 , COUT: 0 , OFLOW: 0 , EGL: 000 , ERR: 0 
#  [PASS] Inputs: OPA:   0 , OPB:  81 , INP_VALID : 11 
#  Expected Result : RES:   255 , COUT: 0 , OFLOW: 0 , EGL: 000 , ERR: 0 
#  DUT Result	: RES:   255 , COUT: 0 , OFLOW: 0 , EGL: 000 , ERR: 0 
#  [PASS] Inputs: OPA:  29 , OPB: 241 , INP_VALID : 11 
#  Expected Result : RES:    28 , COUT: 0 , OFLOW: 0 , EGL: 000 , ERR: 0 
#  DUT Result	: RES:    28 , COUT: 0 , OFLOW: 0 , EGL: 000 , ERR: 0 
#  [PASS] Inputs: OPA: 191 , OPB: 145 , INP_VALID : 11 
#  Expected Result : RES:   190 , COUT: 0 , OFLOW: 0 , EGL: 000 , ERR: 0 
#  DUT Result	: RES:   190 , COUT: 0 , OFLOW: 0 , EGL: 000 , ERR: 0 
#  [PASS] Inputs: OPA: 194 , OPB: 127 , INP_VALID : 11 
#  Expected Result : RES:   193 , COUT: 0 , OFLOW: 0 , EGL: 000 , ERR: 0 
#  DUT Result	: RES:   193 , COUT: 0 , OFLOW: 0 , EGL: 000 , ERR: 0 
#  [PASS] Inputs: OPA: 117 , OPB:  24 , INP_VALID : 11 
#  Expected Result : RES:   116 , COUT: 0 , OFLOW: 0 , EGL: 000 , ERR: 0 
#  DUT Result	: RES:   116 , COUT: 0 , OFLOW: 0 , EGL: 000 , ERR: 0 
#  [PASS] Inputs: OPA: 238 , OPB:  17 , INP_VALID : 11 
#  Expected Result : RES:   237 , COUT: 0 , OFLOW: 0 , EGL: 000 , ERR: 0 
#  DUT Result	: RES:   237 , COUT: 0 , OFLOW: 0 , EGL: 000 , ERR: 0 
#  [PASS] Inputs: OPA:  13 , OPB: 216 , INP_VALID : 11 
#  Expected Result : RES:    12 , COUT: 0 , OFLOW: 0 , EGL: 000 , ERR: 0 
#  DUT Result	: RES:    12 , COUT: 0 , OFLOW: 0 , EGL: 000 , ERR: 0 
#  [PASS] Inputs: OPA:  66 , OPB: 171 , INP_VALID : 11 
#  Expected Result : RES:    65 , COUT: 0 , OFLOW: 0 , EGL: 000 , ERR: 0 
#  DUT Result	: RES:    65 , COUT: 0 , OFLOW: 0 , EGL: 000 , ERR: 0 
#  [PASS] Inputs: OPA:   6 , OPB: 220 , INP_VALID : 11 
#  Expected Result : RES:     5 , COUT: 0 , OFLOW: 0 , EGL: 000 , ERR: 0 
#  DUT Result	: RES:     5 , COUT: 0 , OFLOW: 0 , EGL: 000 , ERR: 0 
#  [PASS] Inputs: OPA: 177 , OPB:  55 , INP_VALID : 11 
#  Expected Result : RES:   176 , COUT: 0 , OFLOW: 0 , EGL: 000 , ERR: 0 
#  DUT Result	: RES:   176 , COUT: 0 , OFLOW: 0 , EGL: 000 , ERR: 0 
#  [PASS] Inputs: OPA:  23 , OPB:  50 , INP_VALID : 11 
#  Expected Result : RES:    22 , COUT: 0 , OFLOW: 0 , EGL: 000 , ERR: 0 
#  DUT Result	: RES:    22 , COUT: 0 , OFLOW: 0 , EGL: 000 , ERR: 0 
#  [PASS] Inputs: OPA:  59 , OPB:  13 , INP_VALID : 11 
#  Expected Result : RES:    58 , COUT: 0 , OFLOW: 0 , EGL: 000 , ERR: 0 
#  DUT Result	: RES:    58 , COUT: 0 , OFLOW: 0 , EGL: 000 , ERR: 0 
#  [PASS] Inputs: OPA:  68 , OPB: 159 , INP_VALID : 11 
#  Expected Result : RES:    67 , COUT: 0 , OFLOW: 0 , EGL: 000 , ERR: 0 
#  DUT Result	: RES:    67 , COUT: 0 , OFLOW: 0 , EGL: 000 , ERR: 0 
#  [PASS] Inputs: OPA: 207 , OPB: 242 , INP_VALID : 11 
#  Expected Result : RES:   206 , COUT: 0 , OFLOW: 0 , EGL: 000 , ERR: 0 
#  DUT Result	: RES:   206 , COUT: 0 , OFLOW: 0 , EGL: 000 , ERR: 0 
#  [PASS] Inputs: OPA: 193 , OPB:  55 , INP_VALID : 11 
#  Expected Result : RES:   192 , COUT: 0 , OFLOW: 0 , EGL: 000 , ERR: 0 
#  DUT Result	: RES:   192 , COUT: 0 , OFLOW: 0 , EGL: 000 , ERR: 0 
#  [PASS] Inputs: OPA: 113 , OPB: 223 , INP_VALID : 11 
#  Expected Result : RES:   112 , COUT: 0 , OFLOW: 0 , EGL: 000 , ERR: 0 
#  DUT Result	: RES:   112 , COUT: 0 , OFLOW: 0 , EGL: 000 , ERR: 0 
#  [PASS] Inputs: OPA: 131 , OPB: 134 , INP_VALID : 11 
#  Expected Result : RES:   130 , COUT: 0 , OFLOW: 0 , EGL: 000 , ERR: 0 
#  DUT Result	: RES:   130 , COUT: 0 , OFLOW: 0 , EGL: 000 , ERR: 0 
#  [PASS] Inputs: OPA:  19 , OPB:  80 , INP_VALID : 11 
#  Expected Result : RES:    18 , COUT: 0 , OFLOW: 0 , EGL: 000 , ERR: 0 
#  DUT Result	: RES:    18 , COUT: 0 , OFLOW: 0 , EGL: 000 , ERR: 0 
#  [PASS] Inputs: OPA: 249 , OPB:  59 , INP_VALID : 11 
#  Expected Result : RES:   248 , COUT: 0 , OFLOW: 0 , EGL: 000 , ERR: 0 
#  DUT Result	: RES:   248 , COUT: 0 , OFLOW: 0 , EGL: 000 , ERR: 0 
#  [PASS] Inputs: OPA:   8 , OPB:  18 , INP_VALID : 11 
#  Expected Result : RES:     7 , COUT: 0 , OFLOW: 0 , EGL: 000 , ERR: 0 
#  DUT Result	: RES:     7 , COUT: 0 , OFLOW: 0 , EGL: 000 , ERR: 0 
#  [PASS] Inputs: OPA: 196 , OPB: 237 , INP_VALID : 11 
#  Expected Result : RES:   195 , COUT: 0 , OFLOW: 0 , EGL: 000 , ERR: 0 
#  DUT Result	: RES:   195 , COUT: 0 , OFLOW: 0 , EGL: 000 , ERR: 0 
#  [PASS] Inputs: OPA: 196 , OPB:  47 , INP_VALID : 11 
#  Expected Result : RES:   195 , COUT: 0 , OFLOW: 0 , EGL: 000 , ERR: 0 
#  DUT Result	: RES:   195 , COUT: 0 , OFLOW: 0 , EGL: 000 , ERR: 0 
#  [PASS] Inputs: OPA:  76 , OPB: 227 , INP_VALID : 11 
#  Expected Result : RES:    75 , COUT: 0 , OFLOW: 0 , EGL: 000 , ERR: 0 
#  DUT Result	: RES:    75 , COUT: 0 , OFLOW: 0 , EGL: 000 , ERR: 0 
#  [PASS] Inputs: OPA:  21 , OPB: 172 , INP_VALID : 11 
#  Expected Result : RES:    20 , COUT: 0 , OFLOW: 0 , EGL: 000 , ERR: 0 
#  DUT Result	: RES:    20 , COUT: 0 , OFLOW: 0 , EGL: 000 , ERR: 0 
#  [PASS] Inputs: OPA: 183 , OPB: 249 , INP_VALID : 11 
#  Expected Result : RES:   182 , COUT: 0 , OFLOW: 0 , EGL: 000 , ERR: 0 
#  DUT Result	: RES:   182 , COUT: 0 , OFLOW: 0 , EGL: 000 , ERR: 0 
#  [PASS] Inputs: OPA: 211 , OPB: 128 , INP_VALID : 11 
#  Expected Result : RES:   210 , COUT: 0 , OFLOW: 0 , EGL: 000 , ERR: 0 
#  DUT Result	: RES:   210 , COUT: 0 , OFLOW: 0 , EGL: 000 , ERR: 0 
#  [PASS] Inputs: OPA: 241 , OPB: 117 , INP_VALID : 11 
#  Expected Result : RES:   240 , COUT: 0 , OFLOW: 0 , EGL: 000 , ERR: 0 
#  DUT Result	: RES:   240 , COUT: 0 , OFLOW: 0 , EGL: 000 , ERR: 0 
#  [PASS] Inputs: OPA:  42 , OPB: 162 , INP_VALID : 11 
#  Expected Result : RES:    41 , COUT: 0 , OFLOW: 0 , EGL: 000 , ERR: 0 
#  DUT Result	: RES:    41 , COUT: 0 , OFLOW: 0 , EGL: 000 , ERR: 0 
#  [PASS] Inputs: OPA: 203 , OPB:  21 , INP_VALID : 11 
#  Expected Result : RES:   202 , COUT: 0 , OFLOW: 0 , EGL: 000 , ERR: 0 
#  DUT Result	: RES:   202 , COUT: 0 , OFLOW: 0 , EGL: 000 , ERR: 0 
#  [PASS] Inputs: OPA: 185 , OPB: 243 , INP_VALID : 11 
#  Expected Result : RES:   184 , COUT: 0 , OFLOW: 0 , EGL: 000 , ERR: 0 
#  DUT Result	: RES:   184 , COUT: 0 , OFLOW: 0 , EGL: 000 , ERR: 0 
#  [PASS] Inputs: OPA: 236 , OPB:  28 , INP_VALID : 11 
#  Expected Result : RES:   235 , COUT: 0 , OFLOW: 0 , EGL: 000 , ERR: 0 
#  DUT Result	: RES:   235 , COUT: 0 , OFLOW: 0 , EGL: 000 , ERR: 0 
#  [PASS] Inputs: OPA:  57 , OPB: 128 , INP_VALID : 11 
#  Expected Result : RES:    56 , COUT: 0 , OFLOW: 0 , EGL: 000 , ERR: 0 
#  DUT Result	: RES:    56 , COUT: 0 , OFLOW: 0 , EGL: 000 , ERR: 0 
#  [PASS] Inputs: OPA: 235 , OPB:  78 , INP_VALID : 11 
#  Expected Result : RES:   234 , COUT: 0 , OFLOW: 0 , EGL: 000 , ERR: 0 
#  DUT Result	: RES:   234 , COUT: 0 , OFLOW: 0 , EGL: 000 , ERR: 0 
#  [PASS] Inputs: OPA:  59 , OPB:  29 , INP_VALID : 11 
#  Expected Result : RES:    58 , COUT: 0 , OFLOW: 0 , EGL: 000 , ERR: 0 
#  DUT Result	: RES:    58 , COUT: 0 , OFLOW: 0 , EGL: 000 , ERR: 0 
#  [PASS] Inputs: OPA: 187 , OPB: 200 , INP_VALID : 11 
#  Expected Result : RES:   186 , COUT: 0 , OFLOW: 0 , EGL: 000 , ERR: 0 
#  DUT Result	: RES:   186 , COUT: 0 , OFLOW: 0 , EGL: 000 , ERR: 0 
#  [PASS] Inputs: OPA: 192 , OPB: 151 , INP_VALID : 11 
#  Expected Result : RES:   191 , COUT: 0 , OFLOW: 0 , EGL: 000 , ERR: 0 
#  DUT Result	: RES:   191 , COUT: 0 , OFLOW: 0 , EGL: 000 , ERR: 0 
#  [PASS] Inputs: OPA: 220 , OPB: 214 , INP_VALID : 11 
#  Expected Result : RES:   219 , COUT: 0 , OFLOW: 0 , EGL: 000 , ERR: 0 
#  DUT Result	: RES:   219 , COUT: 0 , OFLOW: 0 , EGL: 000 , ERR: 0 
#  [PASS] Inputs: OPA: 178 , OPB: 168 , INP_VALID : 11 
#  Expected Result : RES:   177 , COUT: 0 , OFLOW: 0 , EGL: 000 , ERR: 0 
#  DUT Result	: RES:   177 , COUT: 0 , OFLOW: 0 , EGL: 000 , ERR: 0 
#  [PASS] Inputs: OPA:  46 , OPB: 199 , INP_VALID : 11 
#  Expected Result : RES:    45 , COUT: 0 , OFLOW: 0 , EGL: 000 , ERR: 0 
#  DUT Result	: RES:    45 , COUT: 0 , OFLOW: 0 , EGL: 000 , ERR: 0 
#  [PASS] Inputs: OPA: 150 , OPB:   1 , INP_VALID : 11 
#  Expected Result : RES:   149 , COUT: 0 , OFLOW: 0 , EGL: 000 , ERR: 0 
#  DUT Result	: RES:   149 , COUT: 0 , OFLOW: 0 , EGL: 000 , ERR: 0 
#  [PASS] Inputs: OPA: 208 , OPB: 193 , INP_VALID : 11 
#  Expected Result : RES:   207 , COUT: 0 , OFLOW: 0 , EGL: 000 , ERR: 0 
#  DUT Result	: RES:   207 , COUT: 0 , OFLOW: 0 , EGL: 000 , ERR: 0 
#  [PASS] Inputs: OPA:   2 , OPB: 126 , INP_VALID : 11 
#  Expected Result : RES:     1 , COUT: 0 , OFLOW: 0 , EGL: 000 , ERR: 0 
#  DUT Result	: RES:     1 , COUT: 0 , OFLOW: 0 , EGL: 000 , ERR: 0 
#  [PASS] Inputs: OPA: 216 , OPB: 198 , INP_VALID : 11 
#  Expected Result : RES:   215 , COUT: 0 , OFLOW: 0 , EGL: 000 , ERR: 0 
#  DUT Result	: RES:   215 , COUT: 0 , OFLOW: 0 , EGL: 000 , ERR: 0 
#  [PASS] Inputs: OPA:  89 , OPB:  68 , INP_VALID : 11 
#  Expected Result : RES:    88 , COUT: 0 , OFLOW: 0 , EGL: 000 , ERR: 0 
#  DUT Result	: RES:    88 , COUT: 0 , OFLOW: 0 , EGL: 000 , ERR: 0 
#  [PASS] Inputs: OPA:  52 , OPB:  58 , INP_VALID : 11 
#  Expected Result : RES:    51 , COUT: 0 , OFLOW: 0 , EGL: 000 , ERR: 0 
#  DUT Result	: RES:    51 , COUT: 0 , OFLOW: 0 , EGL: 000 , ERR: 0 
#  [PASS] Inputs: OPA: 239 , OPB: 149 , INP_VALID : 11 
#  Expected Result : RES:   238 , COUT: 0 , OFLOW: 0 , EGL: 000 , ERR: 0 
#  DUT Result	: RES:   238 , COUT: 0 , OFLOW: 0 , EGL: 000 , ERR: 0 
#  [PASS] Inputs: OPA: 183 , OPB: 103 , INP_VALID : 11 
#  Expected Result : RES:   182 , COUT: 0 , OFLOW: 0 , EGL: 000 , ERR: 0 
#  DUT Result	: RES:   182 , COUT: 0 , OFLOW: 0 , EGL: 000 , ERR: 0 
#  [PASS] Inputs: OPA: 206 , OPB: 222 , INP_VALID : 11 
#  Expected Result : RES:   205 , COUT: 0 , OFLOW: 0 , EGL: 000 , ERR: 0 
#  DUT Result	: RES:   205 , COUT: 0 , OFLOW: 0 , EGL: 000 , ERR: 0 
#  [PASS] Inputs: OPA:  60 , OPB:  58 , INP_VALID : 11 
#  Expected Result : RES:    59 , COUT: 0 , OFLOW: 0 , EGL: 000 , ERR: 0 
#  DUT Result	: RES:    59 , COUT: 0 , OFLOW: 0 , EGL: 000 , ERR: 0 
#  [PASS] Inputs: OPA: 229 , OPB:  75 , INP_VALID : 11 
#  Expected Result : RES:   228 , COUT: 0 , OFLOW: 0 , EGL: 000 , ERR: 0 
#  DUT Result	: RES:   228 , COUT: 0 , OFLOW: 0 , EGL: 000 , ERR: 0 
#  [PASS] Inputs: OPA: 138 , OPB:   9 , INP_VALID : 11 
#  Expected Result : RES:   137 , COUT: 0 , OFLOW: 0 , EGL: 000 , ERR: 0 
#  DUT Result	: RES:   137 , COUT: 0 , OFLOW: 0 , EGL: 000 , ERR: 0 
#  [PASS] Inputs: OPA:  35 , OPB: 119 , INP_VALID : 11 
#  Expected Result : RES:    34 , COUT: 0 , OFLOW: 0 , EGL: 000 , ERR: 0 
#  DUT Result	: RES:    34 , COUT: 0 , OFLOW: 0 , EGL: 000 , ERR: 0 
#  [PASS] Inputs: OPA:  62 , OPB:  18 , INP_VALID : 11 
#  Expected Result : RES:    61 , COUT: 0 , OFLOW: 0 , EGL: 000 , ERR: 0 
#  DUT Result	: RES:    61 , COUT: 0 , OFLOW: 0 , EGL: 000 , ERR: 0 
#  [PASS] Inputs: OPA: 245 , OPB: 226 , INP_VALID : 11 
#  Expected Result : RES:   244 , COUT: 0 , OFLOW: 0 , EGL: 000 , ERR: 0 
#  DUT Result	: RES:   244 , COUT: 0 , OFLOW: 0 , EGL: 000 , ERR: 0 
#  [PASS] Inputs: OPA: 108 , OPB: 241 , INP_VALID : 11 
#  Expected Result : RES:   107 , COUT: 0 , OFLOW: 0 , EGL: 000 , ERR: 0 
#  DUT Result	: RES:   107 , COUT: 0 , OFLOW: 0 , EGL: 000 , ERR: 0 
#  [PASS] Inputs: OPA: 137 , OPB:  15 , INP_VALID : 11 
#  Expected Result : RES:   136 , COUT: 0 , OFLOW: 0 , EGL: 000 , ERR: 0 
#  DUT Result	: RES:   136 , COUT: 0 , OFLOW: 0 , EGL: 000 , ERR: 0 
#  [PASS] Inputs: OPA:  84 , OPB: 187 , INP_VALID : 11 
#  Expected Result : RES:    83 , COUT: 0 , OFLOW: 0 , EGL: 000 , ERR: 0 
#  DUT Result	: RES:    83 , COUT: 0 , OFLOW: 0 , EGL: 000 , ERR: 0 
#  [PASS] Inputs: OPA:  23 , OPB:  47 , INP_VALID : 11 
#  Expected Result : RES:    22 , COUT: 0 , OFLOW: 0 , EGL: 000 , ERR: 0 
#  DUT Result	: RES:    22 , COUT: 0 , OFLOW: 0 , EGL: 000 , ERR: 0 
#  [PASS] Inputs: OPA:  44 , OPB: 124 , INP_VALID : 11 
#  Expected Result : RES:    43 , COUT: 0 , OFLOW: 0 , EGL: 000 , ERR: 0 
#  DUT Result	: RES:    43 , COUT: 0 , OFLOW: 0 , EGL: 000 , ERR: 0 
#  [PASS] Inputs: OPA: 241 , OPB: 230 , INP_VALID : 11 
#  Expected Result : RES:   240 , COUT: 0 , OFLOW: 0 , EGL: 000 , ERR: 0 
#  DUT Result	: RES:   240 , COUT: 0 , OFLOW: 0 , EGL: 000 , ERR: 0 
#  [PASS] Inputs: OPA: 101 , OPB:  84 , INP_VALID : 11 
#  Expected Result : RES:   100 , COUT: 0 , OFLOW: 0 , EGL: 000 , ERR: 0 
#  DUT Result	: RES:   100 , COUT: 0 , OFLOW: 0 , EGL: 000 , ERR: 0 
#  [PASS] Inputs: OPA: 109 , OPB: 243 , INP_VALID : 11 
#  Expected Result : RES:   108 , COUT: 0 , OFLOW: 0 , EGL: 000 , ERR: 0 
#  DUT Result	: RES:   108 , COUT: 0 , OFLOW: 0 , EGL: 000 , ERR: 0 
#  [PASS] Inputs: OPA: 252 , OPB: 127 , INP_VALID : 11 
#  Expected Result : RES:   251 , COUT: 0 , OFLOW: 0 , EGL: 000 , ERR: 0 
#  DUT Result	: RES:   251 , COUT: 0 , OFLOW: 0 , EGL: 000 , ERR: 0 
#  [PASS] Inputs: OPA: 115 , OPB: 106 , INP_VALID : 11 
#  Expected Result : RES:   114 , COUT: 0 , OFLOW: 0 , EGL: 000 , ERR: 0 
#  DUT Result	: RES:   114 , COUT: 0 , OFLOW: 0 , EGL: 000 , ERR: 0 
#  [PASS] Inputs: OPA:   5 , OPB: 174 , INP_VALID : 11 
#  Expected Result : RES:     4 , COUT: 0 , OFLOW: 0 , EGL: 000 , ERR: 0 
#  DUT Result	: RES:     4 , COUT: 0 , OFLOW: 0 , EGL: 000 , ERR: 0 
#  [PASS] Inputs: OPA: 155 , OPB: 237 , INP_VALID : 11 
#  Expected Result : RES:   154 , COUT: 0 , OFLOW: 0 , EGL: 000 , ERR: 0 
#  DUT Result	: RES:   154 , COUT: 0 , OFLOW: 0 , EGL: 000 , ERR: 0 
#  [PASS] Inputs: OPA: 235 , OPB: 127 , INP_VALID : 11 
#  Expected Result : RES:   234 , COUT: 0 , OFLOW: 0 , EGL: 000 , ERR: 0 
#  DUT Result	: RES:   234 , COUT: 0 , OFLOW: 0 , EGL: 000 , ERR: 0 
#  [PASS] Inputs: OPA:  46 , OPB: 245 , INP_VALID : 11 
#  Expected Result : RES:    45 , COUT: 0 , OFLOW: 0 , EGL: 000 , ERR: 0 
#  DUT Result	: RES:    45 , COUT: 0 , OFLOW: 0 , EGL: 000 , ERR: 0 
#  [PASS] Inputs: OPA:  67 , OPB:  87 , INP_VALID : 11 
#  Expected Result : RES:    66 , COUT: 0 , OFLOW: 0 , EGL: 000 , ERR: 0 
#  DUT Result	: RES:    66 , COUT: 0 , OFLOW: 0 , EGL: 000 , ERR: 0 
#  [PASS] Inputs: OPA: 240 , OPB:  49 , INP_VALID : 11 
#  Expected Result : RES:   239 , COUT: 0 , OFLOW: 0 , EGL: 000 , ERR: 0 
#  DUT Result	: RES:   239 , COUT: 0 , OFLOW: 0 , EGL: 000 , ERR: 0 
#  [PASS] Inputs: OPA: 201 , OPB: 233 , INP_VALID : 11 
#  Expected Result : RES:   200 , COUT: 0 , OFLOW: 0 , EGL: 000 , ERR: 0 
#  DUT Result	: RES:   200 , COUT: 0 , OFLOW: 0 , EGL: 000 , ERR: 0 
#  [PASS] Inputs: OPA:  26 , OPB: 157 , INP_VALID : 11 
#  Expected Result : RES:    25 , COUT: 0 , OFLOW: 0 , EGL: 000 , ERR: 0 
#  DUT Result	: RES:    25 , COUT: 0 , OFLOW: 0 , EGL: 000 , ERR: 0 
#  [PASS] Inputs: OPA: 232 , OPB:  13 , INP_VALID : 11 
#  Expected Result : RES:   231 , COUT: 0 , OFLOW: 0 , EGL: 000 , ERR: 0 
#  DUT Result	: RES:   231 , COUT: 0 , OFLOW: 0 , EGL: 000 , ERR: 0 
#  [PASS] Inputs: OPA: 118 , OPB: 201 , INP_VALID : 11 
#  Expected Result : RES:   117 , COUT: 0 , OFLOW: 0 , EGL: 000 , ERR: 0 
#  DUT Result	: RES:   117 , COUT: 0 , OFLOW: 0 , EGL: 000 , ERR: 0 
#  [PASS] Inputs: OPA: 223 , OPB: 238 , INP_VALID : 11 
#  Expected Result : RES:   239 , COUT: 0 , OFLOW: 0 , EGL: 000 , ERR: 0 
#  DUT Result	: RES:   239 , COUT: 0 , OFLOW: 0 , EGL: 000 , ERR: 0 
#  [PASS] Inputs: OPA: 168 , OPB: 226 , INP_VALID : 11 
#  Expected Result : RES:   227 , COUT: 0 , OFLOW: 0 , EGL: 000 , ERR: 0 
#  DUT Result	: RES:   227 , COUT: 0 , OFLOW: 0 , EGL: 000 , ERR: 0 
#  [PASS] Inputs: OPA:  48 , OPB: 242 , INP_VALID : 11 
#  Expected Result : RES:   243 , COUT: 0 , OFLOW: 0 , EGL: 000 , ERR: 0 
#  DUT Result	: RES:   243 , COUT: 0 , OFLOW: 0 , EGL: 000 , ERR: 0 
#  [PASS] Inputs: OPA: 164 , OPB:  36 , INP_VALID : 11 
#  Expected Result : RES:    37 , COUT: 0 , OFLOW: 0 , EGL: 000 , ERR: 0 
#  DUT Result	: RES:    37 , COUT: 0 , OFLOW: 0 , EGL: 000 , ERR: 0 
#  [PASS] Inputs: OPA:  47 , OPB:  54 , INP_VALID : 11 
#  Expected Result : RES:    55 , COUT: 0 , OFLOW: 0 , EGL: 000 , ERR: 0 
#  DUT Result	: RES:    55 , COUT: 0 , OFLOW: 0 , EGL: 000 , ERR: 0 
#  [PASS] Inputs: OPA: 166 , OPB: 134 , INP_VALID : 11 
#  Expected Result : RES:   135 , COUT: 0 , OFLOW: 0 , EGL: 000 , ERR: 0 
#  DUT Result	: RES:   135 , COUT: 0 , OFLOW: 0 , EGL: 000 , ERR: 0 
#  [PASS] Inputs: OPA: 131 , OPB: 121 , INP_VALID : 11 
#  Expected Result : RES:   122 , COUT: 0 , OFLOW: 0 , EGL: 000 , ERR: 0 
#  DUT Result	: RES:   122 , COUT: 0 , OFLOW: 0 , EGL: 000 , ERR: 0 
#  [PASS] Inputs: OPA: 196 , OPB:  96 , INP_VALID : 11 
#  Expected Result : RES:    97 , COUT: 0 , OFLOW: 0 , EGL: 000 , ERR: 0 
#  DUT Result	: RES:    97 , COUT: 0 , OFLOW: 0 , EGL: 000 , ERR: 0 
#  [PASS] Inputs: OPA: 133 , OPB:   3 , INP_VALID : 11 
#  Expected Result : RES:     4 , COUT: 0 , OFLOW: 0 , EGL: 000 , ERR: 0 
#  DUT Result	: RES:     4 , COUT: 0 , OFLOW: 0 , EGL: 000 , ERR: 0 
#  [PASS] Inputs: OPA:  60 , OPB:  76 , INP_VALID : 11 
#  Expected Result : RES:    77 , COUT: 0 , OFLOW: 0 , EGL: 000 , ERR: 0 
#  DUT Result	: RES:    77 , COUT: 0 , OFLOW: 0 , EGL: 000 , ERR: 0 
#  [PASS] Inputs: OPA:  55 , OPB: 116 , INP_VALID : 11 
#  Expected Result : RES:   117 , COUT: 0 , OFLOW: 0 , EGL: 000 , ERR: 0 
#  DUT Result	: RES:   117 , COUT: 0 , OFLOW: 0 , EGL: 000 , ERR: 0 
#  [PASS] Inputs: OPA: 200 , OPB: 247 , INP_VALID : 11 
#  Expected Result : RES:   248 , COUT: 0 , OFLOW: 0 , EGL: 000 , ERR: 0 
#  DUT Result	: RES:   248 , COUT: 0 , OFLOW: 0 , EGL: 000 , ERR: 0 
#  [PASS] Inputs: OPA:  48 , OPB: 245 , INP_VALID : 11 
#  Expected Result : RES:   246 , COUT: 0 , OFLOW: 0 , EGL: 000 , ERR: 0 
#  DUT Result	: RES:   246 , COUT: 0 , OFLOW: 0 , EGL: 000 , ERR: 0 
#  [PASS] Inputs: OPA: 124 , OPB: 241 , INP_VALID : 11 
#  Expected Result : RES:   242 , COUT: 0 , OFLOW: 0 , EGL: 000 , ERR: 0 
#  DUT Result	: RES:   242 , COUT: 0 , OFLOW: 0 , EGL: 000 , ERR: 0 
#  [PASS] Inputs: OPA: 234 , OPB:  28 , INP_VALID : 11 
#  Expected Result : RES:    29 , COUT: 0 , OFLOW: 0 , EGL: 000 , ERR: 0 
#  DUT Result	: RES:    29 , COUT: 0 , OFLOW: 0 , EGL: 000 , ERR: 0 
#  [PASS] Inputs: OPA: 174 , OPB: 213 , INP_VALID : 11 
#  Expected Result : RES:   214 , COUT: 0 , OFLOW: 0 , EGL: 000 , ERR: 0 
#  DUT Result	: RES:   214 , COUT: 0 , OFLOW: 0 , EGL: 000 , ERR: 0 
#  [PASS] Inputs: OPA: 150 , OPB:  26 , INP_VALID : 11 
#  Expected Result : RES:    27 , COUT: 0 , OFLOW: 0 , EGL: 000 , ERR: 0 
#  DUT Result	: RES:    27 , COUT: 0 , OFLOW: 0 , EGL: 000 , ERR: 0 
#  [PASS] Inputs: OPA: 100 , OPB:  30 , INP_VALID : 11 
#  Expected Result : RES:    31 , COUT: 0 , OFLOW: 0 , EGL: 000 , ERR: 0 
#  DUT Result	: RES:    31 , COUT: 0 , OFLOW: 0 , EGL: 000 , ERR: 0 
#  [PASS] Inputs: OPA: 103 , OPB: 137 , INP_VALID : 11 
#  Expected Result : RES:   138 , COUT: 0 , OFLOW: 0 , EGL: 000 , ERR: 0 
#  DUT Result	: RES:   138 , COUT: 0 , OFLOW: 0 , EGL: 000 , ERR: 0 
#  [PASS] Inputs: OPA:  22 , OPB:  91 , INP_VALID : 11 
#  Expected Result : RES:    92 , COUT: 0 , OFLOW: 0 , EGL: 000 , ERR: 0 
#  DUT Result	: RES:    92 , COUT: 0 , OFLOW: 0 , EGL: 000 , ERR: 0 
#  [PASS] Inputs: OPA: 124 , OPB: 108 , INP_VALID : 11 
#  Expected Result : RES:   109 , COUT: 0 , OFLOW: 0 , EGL: 000 , ERR: 0 
#  DUT Result	: RES:   109 , COUT: 0 , OFLOW: 0 , EGL: 000 , ERR: 0 
#  [PASS] Inputs: OPA: 184 , OPB: 168 , INP_VALID : 11 
#  Expected Result : RES:   169 , COUT: 0 , OFLOW: 0 , EGL: 000 , ERR: 0 
#  DUT Result	: RES:   169 , COUT: 0 , OFLOW: 0 , EGL: 000 , ERR: 0 
#  [PASS] Inputs: OPA: 192 , OPB: 126 , INP_VALID : 11 
#  Expected Result : RES:   127 , COUT: 0 , OFLOW: 0 , EGL: 000 , ERR: 0 
#  DUT Result	: RES:   127 , COUT: 0 , OFLOW: 0 , EGL: 000 , ERR: 0 
#  [PASS] Inputs: OPA:  64 , OPB: 100 , INP_VALID : 11 
#  Expected Result : RES:   101 , COUT: 0 , OFLOW: 0 , EGL: 000 , ERR: 0 
#  DUT Result	: RES:   101 , COUT: 0 , OFLOW: 0 , EGL: 000 , ERR: 0 
#  [PASS] Inputs: OPA:  65 , OPB:  93 , INP_VALID : 11 
#  Expected Result : RES:    94 , COUT: 0 , OFLOW: 0 , EGL: 000 , ERR: 0 
#  DUT Result	: RES:    94 , COUT: 0 , OFLOW: 0 , EGL: 000 , ERR: 0 
#  [PASS] Inputs: OPA: 165 , OPB: 211 , INP_VALID : 11 
#  Expected Result : RES:   212 , COUT: 0 , OFLOW: 0 , EGL: 000 , ERR: 0 
#  DUT Result	: RES:   212 , COUT: 0 , OFLOW: 0 , EGL: 000 , ERR: 0 
#  [PASS] Inputs: OPA: 127 , OPB: 239 , INP_VALID : 11 
#  Expected Result : RES:   240 , COUT: 0 , OFLOW: 0 , EGL: 000 , ERR: 0 
#  DUT Result	: RES:   240 , COUT: 0 , OFLOW: 0 , EGL: 000 , ERR: 0 
#  [PASS] Inputs: OPA:   8 , OPB: 195 , INP_VALID : 11 
#  Expected Result : RES:   196 , COUT: 0 , OFLOW: 0 , EGL: 000 , ERR: 0 
#  DUT Result	: RES:   196 , COUT: 0 , OFLOW: 0 , EGL: 000 , ERR: 0 
#  [PASS] Inputs: OPA: 216 , OPB: 179 , INP_VALID : 11 
#  Expected Result : RES:   180 , COUT: 0 , OFLOW: 0 , EGL: 000 , ERR: 0 
#  DUT Result	: RES:   180 , COUT: 0 , OFLOW: 0 , EGL: 000 , ERR: 0 
#  [PASS] Inputs: OPA: 139 , OPB: 244 , INP_VALID : 11 
#  Expected Result : RES:   245 , COUT: 0 , OFLOW: 0 , EGL: 000 , ERR: 0 
#  DUT Result	: RES:   245 , COUT: 0 , OFLOW: 0 , EGL: 000 , ERR: 0 
#  [PASS] Inputs: OPA: 151 , OPB:  44 , INP_VALID : 11 
#  Expected Result : RES:    45 , COUT: 0 , OFLOW: 0 , EGL: 000 , ERR: 0 
#  DUT Result	: RES:    45 , COUT: 0 , OFLOW: 0 , EGL: 000 , ERR: 0 
#  [PASS] Inputs: OPA:  27 , OPB:  82 , INP_VALID : 11 
#  Expected Result : RES:    83 , COUT: 0 , OFLOW: 0 , EGL: 000 , ERR: 0 
#  DUT Result	: RES:    83 , COUT: 0 , OFLOW: 0 , EGL: 000 , ERR: 0 
#  [PASS] Inputs: OPA: 198 , OPB:  64 , INP_VALID : 11 
#  Expected Result : RES:    65 , COUT: 0 , OFLOW: 0 , EGL: 000 , ERR: 0 
#  DUT Result	: RES:    65 , COUT: 0 , OFLOW: 0 , EGL: 000 , ERR: 0 
#  [PASS] Inputs: OPA: 219 , OPB:  39 , INP_VALID : 11 
#  Expected Result : RES:    40 , COUT: 0 , OFLOW: 0 , EGL: 000 , ERR: 0 
#  DUT Result	: RES:    40 , COUT: 0 , OFLOW: 0 , EGL: 000 , ERR: 0 
#  [PASS] Inputs: OPA:   4 , OPB:  24 , INP_VALID : 11 
#  Expected Result : RES:    25 , COUT: 0 , OFLOW: 0 , EGL: 000 , ERR: 0 
#  DUT Result	: RES:    25 , COUT: 0 , OFLOW: 0 , EGL: 000 , ERR: 0 
#  [PASS] Inputs: OPA: 252 , OPB:  11 , INP_VALID : 11 
#  Expected Result : RES:    12 , COUT: 0 , OFLOW: 0 , EGL: 000 , ERR: 0 
#  DUT Result	: RES:    12 , COUT: 0 , OFLOW: 0 , EGL: 000 , ERR: 0 
#  [PASS] Inputs: OPA: 235 , OPB: 168 , INP_VALID : 11 
#  Expected Result : RES:   169 , COUT: 0 , OFLOW: 0 , EGL: 000 , ERR: 0 
#  DUT Result	: RES:   169 , COUT: 0 , OFLOW: 0 , EGL: 000 , ERR: 0 
#  [PASS] Inputs: OPA: 118 , OPB: 116 , INP_VALID : 11 
#  Expected Result : RES:   117 , COUT: 0 , OFLOW: 0 , EGL: 000 , ERR: 0 
#  DUT Result	: RES:   117 , COUT: 0 , OFLOW: 0 , EGL: 000 , ERR: 0 
#  [PASS] Inputs: OPA: 180 , OPB:  76 , INP_VALID : 11 
#  Expected Result : RES:    77 , COUT: 0 , OFLOW: 0 , EGL: 000 , ERR: 0 
#  DUT Result	: RES:    77 , COUT: 0 , OFLOW: 0 , EGL: 000 , ERR: 0 
#  [PASS] Inputs: OPA:  13 , OPB:  63 , INP_VALID : 11 
#  Expected Result : RES:    64 , COUT: 0 , OFLOW: 0 , EGL: 000 , ERR: 0 
#  DUT Result	: RES:    64 , COUT: 0 , OFLOW: 0 , EGL: 000 , ERR: 0 
#  [PASS] Inputs: OPA: 105 , OPB: 236 , INP_VALID : 11 
#  Expected Result : RES:   237 , COUT: 0 , OFLOW: 0 , EGL: 000 , ERR: 0 
#  DUT Result	: RES:   237 , COUT: 0 , OFLOW: 0 , EGL: 000 , ERR: 0 
#  [PASS] Inputs: OPA: 101 , OPB:  25 , INP_VALID : 11 
#  Expected Result : RES:    26 , COUT: 0 , OFLOW: 0 , EGL: 000 , ERR: 0 
#  DUT Result	: RES:    26 , COUT: 0 , OFLOW: 0 , EGL: 000 , ERR: 0 
#  [PASS] Inputs: OPA: 178 , OPB: 164 , INP_VALID : 11 
#  Expected Result : RES:   165 , COUT: 0 , OFLOW: 0 , EGL: 000 , ERR: 0 
#  DUT Result	: RES:   165 , COUT: 0 , OFLOW: 0 , EGL: 000 , ERR: 0 
#  [PASS] Inputs: OPA:  60 , OPB: 114 , INP_VALID : 11 
#  Expected Result : RES:   115 , COUT: 0 , OFLOW: 0 , EGL: 000 , ERR: 0 
#  DUT Result	: RES:   115 , COUT: 0 , OFLOW: 0 , EGL: 000 , ERR: 0 
#  [PASS] Inputs: OPA:  97 , OPB: 193 , INP_VALID : 11 
#  Expected Result : RES:   194 , COUT: 0 , OFLOW: 0 , EGL: 000 , ERR: 0 
#  DUT Result	: RES:   194 , COUT: 0 , OFLOW: 0 , EGL: 000 , ERR: 0 
#  [PASS] Inputs: OPA: 105 , OPB:  82 , INP_VALID : 11 
#  Expected Result : RES:    83 , COUT: 0 , OFLOW: 0 , EGL: 000 , ERR: 0 
#  DUT Result	: RES:    83 , COUT: 0 , OFLOW: 0 , EGL: 000 , ERR: 0 
#  [PASS] Inputs: OPA:  43 , OPB:   2 , INP_VALID : 11 
#  Expected Result : RES:     3 , COUT: 0 , OFLOW: 0 , EGL: 000 , ERR: 0 
#  DUT Result	: RES:     3 , COUT: 0 , OFLOW: 0 , EGL: 000 , ERR: 0 
#  [PASS] Inputs: OPA: 132 , OPB: 214 , INP_VALID : 11 
#  Expected Result : RES:   215 , COUT: 0 , OFLOW: 0 , EGL: 000 , ERR: 0 
#  DUT Result	: RES:   215 , COUT: 0 , OFLOW: 0 , EGL: 000 , ERR: 0 
#  [PASS] Inputs: OPA: 212 , OPB: 130 , INP_VALID : 11 
#  Expected Result : RES:   131 , COUT: 0 , OFLOW: 0 , EGL: 000 , ERR: 0 
#  DUT Result	: RES:   131 , COUT: 0 , OFLOW: 0 , EGL: 000 , ERR: 0 
#  [PASS] Inputs: OPA:  51 , OPB:  87 , INP_VALID : 11 
#  Expected Result : RES:    88 , COUT: 0 , OFLOW: 0 , EGL: 000 , ERR: 0 
#  DUT Result	: RES:    88 , COUT: 0 , OFLOW: 0 , EGL: 000 , ERR: 0 
#  [PASS] Inputs: OPA:  72 , OPB: 195 , INP_VALID : 11 
#  Expected Result : RES:   196 , COUT: 0 , OFLOW: 0 , EGL: 000 , ERR: 0 
#  DUT Result	: RES:   196 , COUT: 0 , OFLOW: 0 , EGL: 000 , ERR: 0 
#  [PASS] Inputs: OPA: 224 , OPB:   2 , INP_VALID : 11 
#  Expected Result : RES:     3 , COUT: 0 , OFLOW: 0 , EGL: 000 , ERR: 0 
#  DUT Result	: RES:     3 , COUT: 0 , OFLOW: 0 , EGL: 000 , ERR: 0 
#  [PASS] Inputs: OPA: 123 , OPB: 194 , INP_VALID : 11 
#  Expected Result : RES:   195 , COUT: 0 , OFLOW: 0 , EGL: 000 , ERR: 0 
#  DUT Result	: RES:   195 , COUT: 0 , OFLOW: 0 , EGL: 000 , ERR: 0 
#  [PASS] Inputs: OPA: 192 , OPB: 226 , INP_VALID : 11 
#  Expected Result : RES:   227 , COUT: 0 , OFLOW: 0 , EGL: 000 , ERR: 0 
#  DUT Result	: RES:   227 , COUT: 0 , OFLOW: 0 , EGL: 000 , ERR: 0 
#  [PASS] Inputs: OPA: 101 , OPB: 196 , INP_VALID : 11 
#  Expected Result : RES:   197 , COUT: 0 , OFLOW: 0 , EGL: 000 , ERR: 0 
#  DUT Result	: RES:   197 , COUT: 0 , OFLOW: 0 , EGL: 000 , ERR: 0 
#  [PASS] Inputs: OPA: 227 , OPB: 221 , INP_VALID : 11 
#  Expected Result : RES:   222 , COUT: 0 , OFLOW: 0 , EGL: 000 , ERR: 0 
#  DUT Result	: RES:   222 , COUT: 0 , OFLOW: 0 , EGL: 000 , ERR: 0 
#  [PASS] Inputs: OPA: 201 , OPB:  64 , INP_VALID : 11 
#  Expected Result : RES:    65 , COUT: 0 , OFLOW: 0 , EGL: 000 , ERR: 0 
#  DUT Result	: RES:    65 , COUT: 0 , OFLOW: 0 , EGL: 000 , ERR: 0 
#  [PASS] Inputs: OPA: 180 , OPB:   6 , INP_VALID : 11 
#  Expected Result : RES:     7 , COUT: 0 , OFLOW: 0 , EGL: 000 , ERR: 0 
#  DUT Result	: RES:     7 , COUT: 0 , OFLOW: 0 , EGL: 000 , ERR: 0 
#  [PASS] Inputs: OPA: 190 , OPB: 105 , INP_VALID : 11 
#  Expected Result : RES:   106 , COUT: 0 , OFLOW: 0 , EGL: 000 , ERR: 0 
#  DUT Result	: RES:   106 , COUT: 0 , OFLOW: 0 , EGL: 000 , ERR: 0 
#  [PASS] Inputs: OPA: 148 , OPB:  77 , INP_VALID : 11 
#  Expected Result : RES:    78 , COUT: 0 , OFLOW: 0 , EGL: 000 , ERR: 0 
#  DUT Result	: RES:    78 , COUT: 0 , OFLOW: 0 , EGL: 000 , ERR: 0 
#  [PASS] Inputs: OPA: 243 , OPB:  84 , INP_VALID : 11 
#  Expected Result : RES:    85 , COUT: 0 , OFLOW: 0 , EGL: 000 , ERR: 0 
#  DUT Result	: RES:    85 , COUT: 0 , OFLOW: 0 , EGL: 000 , ERR: 0 
#  [PASS] Inputs: OPA:  32 , OPB: 150 , INP_VALID : 11 
#  Expected Result : RES:   151 , COUT: 0 , OFLOW: 0 , EGL: 000 , ERR: 0 
#  DUT Result	: RES:   151 , COUT: 0 , OFLOW: 0 , EGL: 000 , ERR: 0 
#  [PASS] Inputs: OPA: 254 , OPB: 129 , INP_VALID : 11 
#  Expected Result : RES:   130 , COUT: 0 , OFLOW: 0 , EGL: 000 , ERR: 0 
#  DUT Result	: RES:   130 , COUT: 0 , OFLOW: 0 , EGL: 000 , ERR: 0 
#  [PASS] Inputs: OPA: 186 , OPB: 170 , INP_VALID : 11 
#  Expected Result : RES:   171 , COUT: 0 , OFLOW: 0 , EGL: 000 , ERR: 0 
#  DUT Result	: RES:   171 , COUT: 0 , OFLOW: 0 , EGL: 000 , ERR: 0 
#  [PASS] Inputs: OPA:  59 , OPB: 135 , INP_VALID : 11 
#  Expected Result : RES:   136 , COUT: 0 , OFLOW: 0 , EGL: 000 , ERR: 0 
#  DUT Result	: RES:   136 , COUT: 0 , OFLOW: 0 , EGL: 000 , ERR: 0 
#  [PASS] Inputs: OPA: 161 , OPB: 237 , INP_VALID : 11 
#  Expected Result : RES:   238 , COUT: 0 , OFLOW: 0 , EGL: 000 , ERR: 0 
#  DUT Result	: RES:   238 , COUT: 0 , OFLOW: 0 , EGL: 000 , ERR: 0 
#  [PASS] Inputs: OPA: 213 , OPB: 118 , INP_VALID : 11 
#  Expected Result : RES:   119 , COUT: 0 , OFLOW: 0 , EGL: 000 , ERR: 0 
#  DUT Result	: RES:   119 , COUT: 0 , OFLOW: 0 , EGL: 000 , ERR: 0 
#  [PASS] Inputs: OPA:  63 , OPB: 142 , INP_VALID : 11 
#  Expected Result : RES:   143 , COUT: 0 , OFLOW: 0 , EGL: 000 , ERR: 0 
#  DUT Result	: RES:   143 , COUT: 0 , OFLOW: 0 , EGL: 000 , ERR: 0 
#  [PASS] Inputs: OPA:  71 , OPB: 121 , INP_VALID : 11 
#  Expected Result : RES:   122 , COUT: 0 , OFLOW: 0 , EGL: 000 , ERR: 0 
#  DUT Result	: RES:   122 , COUT: 0 , OFLOW: 0 , EGL: 000 , ERR: 0 
#  [PASS] Inputs: OPA:  50 , OPB:  91 , INP_VALID : 11 
#  Expected Result : RES:    92 , COUT: 0 , OFLOW: 0 , EGL: 000 , ERR: 0 
#  DUT Result	: RES:    92 , COUT: 0 , OFLOW: 0 , EGL: 000 , ERR: 0 
#  [PASS] Inputs: OPA:   7 , OPB: 181 , INP_VALID : 11 
#  Expected Result : RES:   182 , COUT: 0 , OFLOW: 0 , EGL: 000 , ERR: 0 
#  DUT Result	: RES:   182 , COUT: 0 , OFLOW: 0 , EGL: 000 , ERR: 0 
#  [PASS] Inputs: OPA: 215 , OPB: 240 , INP_VALID : 11 
#  Expected Result : RES:   241 , COUT: 0 , OFLOW: 0 , EGL: 000 , ERR: 0 
#  DUT Result	: RES:   241 , COUT: 0 , OFLOW: 0 , EGL: 000 , ERR: 0 
#  [PASS] Inputs: OPA: 204 , OPB: 191 , INP_VALID : 11 
#  Expected Result : RES:   192 , COUT: 0 , OFLOW: 0 , EGL: 000 , ERR: 0 
#  DUT Result	: RES:   192 , COUT: 0 , OFLOW: 0 , EGL: 000 , ERR: 0 
#  [PASS] Inputs: OPA: 171 , OPB: 252 , INP_VALID : 11 
#  Expected Result : RES:   253 , COUT: 0 , OFLOW: 0 , EGL: 000 , ERR: 0 
#  DUT Result	: RES:   253 , COUT: 0 , OFLOW: 0 , EGL: 000 , ERR: 0 
#  [PASS] Inputs: OPA:   7 , OPB: 170 , INP_VALID : 11 
#  Expected Result : RES:   171 , COUT: 0 , OFLOW: 0 , EGL: 000 , ERR: 0 
#  DUT Result	: RES:   171 , COUT: 0 , OFLOW: 0 , EGL: 000 , ERR: 0 
#  [PASS] Inputs: OPA: 133 , OPB:  44 , INP_VALID : 11 
#  Expected Result : RES:    45 , COUT: 0 , OFLOW: 0 , EGL: 000 , ERR: 0 
#  DUT Result	: RES:    45 , COUT: 0 , OFLOW: 0 , EGL: 000 , ERR: 0 
#  [PASS] Inputs: OPA:  96 , OPB: 224 , INP_VALID : 11 
#  Expected Result : RES:   225 , COUT: 0 , OFLOW: 0 , EGL: 000 , ERR: 0 
#  DUT Result	: RES:   225 , COUT: 0 , OFLOW: 0 , EGL: 000 , ERR: 0 
#  [PASS] Inputs: OPA:  66 , OPB:  78 , INP_VALID : 11 
#  Expected Result : RES:    79 , COUT: 0 , OFLOW: 0 , EGL: 000 , ERR: 0 
#  DUT Result	: RES:    79 , COUT: 0 , OFLOW: 0 , EGL: 000 , ERR: 0 
#  [PASS] Inputs: OPA: 166 , OPB:  77 , INP_VALID : 11 
#  Expected Result : RES:    78 , COUT: 0 , OFLOW: 0 , EGL: 000 , ERR: 0 
#  DUT Result	: RES:    78 , COUT: 0 , OFLOW: 0 , EGL: 000 , ERR: 0 
#  [PASS] Inputs: OPA:  60 , OPB: 240 , INP_VALID : 11 
#  Expected Result : RES:   241 , COUT: 0 , OFLOW: 0 , EGL: 000 , ERR: 0 
#  DUT Result	: RES:   241 , COUT: 0 , OFLOW: 0 , EGL: 000 , ERR: 0 
#  [PASS] Inputs: OPA: 163 , OPB:  26 , INP_VALID : 11 
#  Expected Result : RES:    27 , COUT: 0 , OFLOW: 0 , EGL: 000 , ERR: 0 
#  DUT Result	: RES:    27 , COUT: 0 , OFLOW: 0 , EGL: 000 , ERR: 0 
#  [PASS] Inputs: OPA:   9 , OPB:  54 , INP_VALID : 11 
#  Expected Result : RES:    55 , COUT: 0 , OFLOW: 0 , EGL: 000 , ERR: 0 
#  DUT Result	: RES:    55 , COUT: 0 , OFLOW: 0 , EGL: 000 , ERR: 0 
#  [PASS] Inputs: OPA: 215 , OPB: 135 , INP_VALID : 11 
#  Expected Result : RES:   136 , COUT: 0 , OFLOW: 0 , EGL: 000 , ERR: 0 
#  DUT Result	: RES:   136 , COUT: 0 , OFLOW: 0 , EGL: 000 , ERR: 0 
#  [PASS] Inputs: OPA:  44 , OPB: 153 , INP_VALID : 11 
#  Expected Result : RES:   154 , COUT: 0 , OFLOW: 0 , EGL: 000 , ERR: 0 
#  DUT Result	: RES:   154 , COUT: 0 , OFLOW: 0 , EGL: 000 , ERR: 0 
#  [PASS] Inputs: OPA: 160 , OPB:  26 , INP_VALID : 11 
#  Expected Result : RES:    27 , COUT: 0 , OFLOW: 0 , EGL: 000 , ERR: 0 
#  DUT Result	: RES:    27 , COUT: 0 , OFLOW: 0 , EGL: 000 , ERR: 0 
#  [PASS] Inputs: OPA: 188 , OPB: 217 , INP_VALID : 11 
#  Expected Result : RES:   218 , COUT: 0 , OFLOW: 0 , EGL: 000 , ERR: 0 
#  DUT Result	: RES:   218 , COUT: 0 , OFLOW: 0 , EGL: 000 , ERR: 0 
#  [PASS] Inputs: OPA:  25 , OPB: 125 , INP_VALID : 11 
#  Expected Result : RES:   126 , COUT: 0 , OFLOW: 0 , EGL: 000 , ERR: 0 
#  DUT Result	: RES:   126 , COUT: 0 , OFLOW: 0 , EGL: 000 , ERR: 0 
#  [PASS] Inputs: OPA: 246 , OPB:  13 , INP_VALID : 11 
#  Expected Result : RES:    14 , COUT: 0 , OFLOW: 0 , EGL: 000 , ERR: 0 
#  DUT Result	: RES:    14 , COUT: 0 , OFLOW: 0 , EGL: 000 , ERR: 0 
#  [PASS] Inputs: OPA: 163 , OPB:  64 , INP_VALID : 11 
#  Expected Result : RES:    65 , COUT: 0 , OFLOW: 0 , EGL: 000 , ERR: 0 
#  DUT Result	: RES:    65 , COUT: 0 , OFLOW: 0 , EGL: 000 , ERR: 0 
#  [PASS] Inputs: OPA: 226 , OPB: 248 , INP_VALID : 11 
#  Expected Result : RES:   249 , COUT: 0 , OFLOW: 0 , EGL: 000 , ERR: 0 
#  DUT Result	: RES:   249 , COUT: 0 , OFLOW: 0 , EGL: 000 , ERR: 0 
#  [PASS] Inputs: OPA: 133 , OPB:  11 , INP_VALID : 11 
#  Expected Result : RES:    12 , COUT: 0 , OFLOW: 0 , EGL: 000 , ERR: 0 
#  DUT Result	: RES:    12 , COUT: 0 , OFLOW: 0 , EGL: 000 , ERR: 0 
#  [PASS] Inputs: OPA: 101 , OPB: 148 , INP_VALID : 11 
#  Expected Result : RES:   149 , COUT: 0 , OFLOW: 0 , EGL: 000 , ERR: 0 
#  DUT Result	: RES:   149 , COUT: 0 , OFLOW: 0 , EGL: 000 , ERR: 0 
#  [PASS] Inputs: OPA:  69 , OPB: 177 , INP_VALID : 11 
#  Expected Result : RES:   178 , COUT: 0 , OFLOW: 0 , EGL: 000 , ERR: 0 
#  DUT Result	: RES:   178 , COUT: 0 , OFLOW: 0 , EGL: 000 , ERR: 0 
#  [PASS] Inputs: OPA: 136 , OPB:  40 , INP_VALID : 11 
#  Expected Result : RES:    41 , COUT: 0 , OFLOW: 0 , EGL: 000 , ERR: 0 
#  DUT Result	: RES:    41 , COUT: 0 , OFLOW: 0 , EGL: 000 , ERR: 0 
#  [PASS] Inputs: OPA:  21 , OPB: 104 , INP_VALID : 11 
#  Expected Result : RES:   105 , COUT: 0 , OFLOW: 0 , EGL: 000 , ERR: 0 
#  DUT Result	: RES:   105 , COUT: 0 , OFLOW: 0 , EGL: 000 , ERR: 0 
#  [PASS] Inputs: OPA: 210 , OPB: 188 , INP_VALID : 11 
#  Expected Result : RES:   189 , COUT: 0 , OFLOW: 0 , EGL: 000 , ERR: 0 
#  DUT Result	: RES:   189 , COUT: 0 , OFLOW: 0 , EGL: 000 , ERR: 0 
#  [PASS] Inputs: OPA:   8 , OPB: 201 , INP_VALID : 11 
#  Expected Result : RES:   202 , COUT: 0 , OFLOW: 0 , EGL: 000 , ERR: 0 
#  DUT Result	: RES:   202 , COUT: 0 , OFLOW: 0 , EGL: 000 , ERR: 0 
#  [PASS] Inputs: OPA: 158 , OPB: 165 , INP_VALID : 11 
#  Expected Result : RES:   166 , COUT: 0 , OFLOW: 0 , EGL: 000 , ERR: 0 
#  DUT Result	: RES:   166 , COUT: 0 , OFLOW: 0 , EGL: 000 , ERR: 0 
#  [PASS] Inputs: OPA:  29 , OPB:  80 , INP_VALID : 11 
#  Expected Result : RES:    81 , COUT: 0 , OFLOW: 0 , EGL: 000 , ERR: 0 
#  DUT Result	: RES:    81 , COUT: 0 , OFLOW: 0 , EGL: 000 , ERR: 0 
#  [PASS] Inputs: OPA: 235 , OPB: 203 , INP_VALID : 11 
#  Expected Result : RES:   204 , COUT: 0 , OFLOW: 0 , EGL: 000 , ERR: 0 
#  DUT Result	: RES:   204 , COUT: 0 , OFLOW: 0 , EGL: 000 , ERR: 0 
#  [PASS] Inputs: OPA:  53 , OPB:  28 , INP_VALID : 11 
#  Expected Result : RES:    27 , COUT: 0 , OFLOW: 0 , EGL: 000 , ERR: 0 
#  DUT Result	: RES:    27 , COUT: 0 , OFLOW: 0 , EGL: 000 , ERR: 0 
#  [PASS] Inputs: OPA:  71 , OPB:   7 , INP_VALID : 11 
#  Expected Result : RES:     6 , COUT: 0 , OFLOW: 0 , EGL: 000 , ERR: 0 
#  DUT Result	: RES:     6 , COUT: 0 , OFLOW: 0 , EGL: 000 , ERR: 0 
#  [PASS] Inputs: OPA: 138 , OPB: 172 , INP_VALID : 11 
#  Expected Result : RES:   171 , COUT: 0 , OFLOW: 0 , EGL: 000 , ERR: 0 
#  DUT Result	: RES:   171 , COUT: 0 , OFLOW: 0 , EGL: 000 , ERR: 0 
#  [PASS] Inputs: OPA: 238 , OPB: 210 , INP_VALID : 11 
#  Expected Result : RES:   209 , COUT: 0 , OFLOW: 0 , EGL: 000 , ERR: 0 
#  DUT Result	: RES:   209 , COUT: 0 , OFLOW: 0 , EGL: 000 , ERR: 0 
#  [PASS] Inputs: OPA:  92 , OPB: 174 , INP_VALID : 11 
#  Expected Result : RES:   173 , COUT: 0 , OFLOW: 0 , EGL: 000 , ERR: 0 
#  DUT Result	: RES:   173 , COUT: 0 , OFLOW: 0 , EGL: 000 , ERR: 0 
#  [PASS] Inputs: OPA:  16 , OPB: 173 , INP_VALID : 11 
#  Expected Result : RES:   172 , COUT: 0 , OFLOW: 0 , EGL: 000 , ERR: 0 
#  DUT Result	: RES:   172 , COUT: 0 , OFLOW: 0 , EGL: 000 , ERR: 0 
#  [PASS] Inputs: OPA: 232 , OPB:   7 , INP_VALID : 11 
#  Expected Result : RES:     6 , COUT: 0 , OFLOW: 0 , EGL: 000 , ERR: 0 
#  DUT Result	: RES:     6 , COUT: 0 , OFLOW: 0 , EGL: 000 , ERR: 0 
#  [PASS] Inputs: OPA:  15 , OPB: 216 , INP_VALID : 11 
#  Expected Result : RES:   215 , COUT: 0 , OFLOW: 0 , EGL: 000 , ERR: 0 
#  DUT Result	: RES:   215 , COUT: 0 , OFLOW: 0 , EGL: 000 , ERR: 0 
#  [PASS] Inputs: OPA:  39 , OPB: 146 , INP_VALID : 11 
#  Expected Result : RES:   145 , COUT: 0 , OFLOW: 0 , EGL: 000 , ERR: 0 
#  DUT Result	: RES:   145 , COUT: 0 , OFLOW: 0 , EGL: 000 , ERR: 0 
#  [PASS] Inputs: OPA: 114 , OPB:  22 , INP_VALID : 11 
#  Expected Result : RES:    21 , COUT: 0 , OFLOW: 0 , EGL: 000 , ERR: 0 
#  DUT Result	: RES:    21 , COUT: 0 , OFLOW: 0 , EGL: 000 , ERR: 0 
#  [PASS] Inputs: OPA: 190 , OPB: 211 , INP_VALID : 11 
#  Expected Result : RES:   210 , COUT: 0 , OFLOW: 0 , EGL: 000 , ERR: 0 
#  DUT Result	: RES:   210 , COUT: 0 , OFLOW: 0 , EGL: 000 , ERR: 0 
#  [PASS] Inputs: OPA:  50 , OPB:  57 , INP_VALID : 11 
#  Expected Result : RES:    56 , COUT: 0 , OFLOW: 0 , EGL: 000 , ERR: 0 
#  DUT Result	: RES:    56 , COUT: 0 , OFLOW: 0 , EGL: 000 , ERR: 0 
#  [PASS] Inputs: OPA: 214 , OPB: 133 , INP_VALID : 11 
#  Expected Result : RES:   132 , COUT: 0 , OFLOW: 0 , EGL: 000 , ERR: 0 
#  DUT Result	: RES:   132 , COUT: 0 , OFLOW: 0 , EGL: 000 , ERR: 0 
#  [PASS] Inputs: OPA: 133 , OPB: 248 , INP_VALID : 11 
#  Expected Result : RES:   247 , COUT: 0 , OFLOW: 0 , EGL: 000 , ERR: 0 
#  DUT Result	: RES:   247 , COUT: 0 , OFLOW: 0 , EGL: 000 , ERR: 0 
#  [PASS] Inputs: OPA:  61 , OPB: 213 , INP_VALID : 11 
#  Expected Result : RES:   212 , COUT: 0 , OFLOW: 0 , EGL: 000 , ERR: 0 
#  DUT Result	: RES:   212 , COUT: 0 , OFLOW: 0 , EGL: 000 , ERR: 0 
#  [PASS] Inputs: OPA: 150 , OPB: 169 , INP_VALID : 11 
#  Expected Result : RES:   168 , COUT: 0 , OFLOW: 0 , EGL: 000 , ERR: 0 
#  DUT Result	: RES:   168 , COUT: 0 , OFLOW: 0 , EGL: 000 , ERR: 0 
#  [PASS] Inputs: OPA:  43 , OPB: 195 , INP_VALID : 11 
#  Expected Result : RES:   194 , COUT: 0 , OFLOW: 0 , EGL: 000 , ERR: 0 
#  DUT Result	: RES:   194 , COUT: 0 , OFLOW: 0 , EGL: 000 , ERR: 0 
#  [PASS] Inputs: OPA:  84 , OPB: 100 , INP_VALID : 11 
#  Expected Result : RES:    99 , COUT: 0 , OFLOW: 0 , EGL: 000 , ERR: 0 
#  DUT Result	: RES:    99 , COUT: 0 , OFLOW: 0 , EGL: 000 , ERR: 0 
#  [PASS] Inputs: OPA: 213 , OPB: 159 , INP_VALID : 11 
#  Expected Result : RES:   158 , COUT: 0 , OFLOW: 0 , EGL: 000 , ERR: 0 
#  DUT Result	: RES:   158 , COUT: 0 , OFLOW: 0 , EGL: 000 , ERR: 0 
#  [PASS] Inputs: OPA: 164 , OPB: 255 , INP_VALID : 11 
#  Expected Result : RES:   254 , COUT: 0 , OFLOW: 0 , EGL: 000 , ERR: 0 
#  DUT Result	: RES:   254 , COUT: 0 , OFLOW: 0 , EGL: 000 , ERR: 0 
#  [PASS] Inputs: OPA:  10 , OPB: 170 , INP_VALID : 11 
#  Expected Result : RES:   169 , COUT: 0 , OFLOW: 0 , EGL: 000 , ERR: 0 
#  DUT Result	: RES:   169 , COUT: 0 , OFLOW: 0 , EGL: 000 , ERR: 0 
#  [PASS] Inputs: OPA: 174 , OPB: 172 , INP_VALID : 11 
#  Expected Result : RES:   171 , COUT: 0 , OFLOW: 0 , EGL: 000 , ERR: 0 
#  DUT Result	: RES:   171 , COUT: 0 , OFLOW: 0 , EGL: 000 , ERR: 0 
#  [PASS] Inputs: OPA: 178 , OPB: 144 , INP_VALID : 11 
#  Expected Result : RES:   143 , COUT: 0 , OFLOW: 0 , EGL: 000 , ERR: 0 
#  DUT Result	: RES:   143 , COUT: 0 , OFLOW: 0 , EGL: 000 , ERR: 0 
#  [PASS] Inputs: OPA: 130 , OPB:  56 , INP_VALID : 11 
#  Expected Result : RES:    55 , COUT: 0 , OFLOW: 0 , EGL: 000 , ERR: 0 
#  DUT Result	: RES:    55 , COUT: 0 , OFLOW: 0 , EGL: 000 , ERR: 0 
#  [PASS] Inputs: OPA: 148 , OPB: 104 , INP_VALID : 11 
#  Expected Result : RES:   103 , COUT: 0 , OFLOW: 0 , EGL: 000 , ERR: 0 
#  DUT Result	: RES:   103 , COUT: 0 , OFLOW: 0 , EGL: 000 , ERR: 0 
#  [PASS] Inputs: OPA: 232 , OPB: 104 , INP_VALID : 11 
#  Expected Result : RES:   103 , COUT: 0 , OFLOW: 0 , EGL: 000 , ERR: 0 
#  DUT Result	: RES:   103 , COUT: 0 , OFLOW: 0 , EGL: 000 , ERR: 0 
#  [PASS] Inputs: OPA: 173 , OPB:  50 , INP_VALID : 11 
#  Expected Result : RES:    49 , COUT: 0 , OFLOW: 0 , EGL: 000 , ERR: 0 
#  DUT Result	: RES:    49 , COUT: 0 , OFLOW: 0 , EGL: 000 , ERR: 0 
#  [PASS] Inputs: OPA: 156 , OPB: 200 , INP_VALID : 11 
#  Expected Result : RES:   199 , COUT: 0 , OFLOW: 0 , EGL: 000 , ERR: 0 
#  DUT Result	: RES:   199 , COUT: 0 , OFLOW: 0 , EGL: 000 , ERR: 0 
#  [PASS] Inputs: OPA:  11 , OPB:  67 , INP_VALID : 11 
#  Expected Result : RES:    66 , COUT: 0 , OFLOW: 0 , EGL: 000 , ERR: 0 
#  DUT Result	: RES:    66 , COUT: 0 , OFLOW: 0 , EGL: 000 , ERR: 0 
#  [PASS] Inputs: OPA: 112 , OPB:  87 , INP_VALID : 11 
#  Expected Result : RES:    86 , COUT: 0 , OFLOW: 0 , EGL: 000 , ERR: 0 
#  DUT Result	: RES:    86 , COUT: 0 , OFLOW: 0 , EGL: 000 , ERR: 0 
#  [PASS] Inputs: OPA: 176 , OPB:  95 , INP_VALID : 11 
#  Expected Result : RES:    94 , COUT: 0 , OFLOW: 0 , EGL: 000 , ERR: 0 
#  DUT Result	: RES:    94 , COUT: 0 , OFLOW: 0 , EGL: 000 , ERR: 0 
#  [PASS] Inputs: OPA: 184 , OPB: 182 , INP_VALID : 11 
#  Expected Result : RES:   181 , COUT: 0 , OFLOW: 0 , EGL: 000 , ERR: 0 
#  DUT Result	: RES:   181 , COUT: 0 , OFLOW: 0 , EGL: 000 , ERR: 0 
#  [PASS] Inputs: OPA:  65 , OPB: 189 , INP_VALID : 11 
#  Expected Result : RES:   188 , COUT: 0 , OFLOW: 0 , EGL: 000 , ERR: 0 
#  DUT Result	: RES:   188 , COUT: 0 , OFLOW: 0 , EGL: 000 , ERR: 0 
#  [PASS] Inputs: OPA: 153 , OPB:  93 , INP_VALID : 11 
#  Expected Result : RES:    92 , COUT: 0 , OFLOW: 0 , EGL: 000 , ERR: 0 
#  DUT Result	: RES:    92 , COUT: 0 , OFLOW: 0 , EGL: 000 , ERR: 0 
#  [PASS] Inputs: OPA:  35 , OPB:  35 , INP_VALID : 11 
#  Expected Result : RES:    34 , COUT: 0 , OFLOW: 0 , EGL: 000 , ERR: 0 
#  DUT Result	: RES:    34 , COUT: 0 , OFLOW: 0 , EGL: 000 , ERR: 0 
#  [PASS] Inputs: OPA: 218 , OPB: 156 , INP_VALID : 11 
#  Expected Result : RES:   155 , COUT: 0 , OFLOW: 0 , EGL: 000 , ERR: 0 
#  DUT Result	: RES:   155 , COUT: 0 , OFLOW: 0 , EGL: 000 , ERR: 0 
#  [PASS] Inputs: OPA: 223 , OPB:  38 , INP_VALID : 11 
#  Expected Result : RES:    37 , COUT: 0 , OFLOW: 0 , EGL: 000 , ERR: 0 
#  DUT Result	: RES:    37 , COUT: 0 , OFLOW: 0 , EGL: 000 , ERR: 0 
#  [PASS] Inputs: OPA: 145 , OPB: 123 , INP_VALID : 11 
#  Expected Result : RES:   122 , COUT: 0 , OFLOW: 0 , EGL: 000 , ERR: 0 
#  DUT Result	: RES:   122 , COUT: 0 , OFLOW: 0 , EGL: 000 , ERR: 0 
#  [PASS] Inputs: OPA:  95 , OPB: 178 , INP_VALID : 11 
#  Expected Result : RES:   177 , COUT: 0 , OFLOW: 0 , EGL: 000 , ERR: 0 
#  DUT Result	: RES:   177 , COUT: 0 , OFLOW: 0 , EGL: 000 , ERR: 0 
#  [PASS] Inputs: OPA: 128 , OPB:   2 , INP_VALID : 11 
#  Expected Result : RES:     1 , COUT: 0 , OFLOW: 0 , EGL: 000 , ERR: 0 
#  DUT Result	: RES:     1 , COUT: 0 , OFLOW: 0 , EGL: 000 , ERR: 0 
#  [PASS] Inputs: OPA:  70 , OPB: 211 , INP_VALID : 11 
#  Expected Result : RES:   210 , COUT: 0 , OFLOW: 0 , EGL: 000 , ERR: 0 
#  DUT Result	: RES:   210 , COUT: 0 , OFLOW: 0 , EGL: 000 , ERR: 0 
#  [PASS] Inputs: OPA: 219 , OPB: 244 , INP_VALID : 11 
#  Expected Result : RES:   243 , COUT: 0 , OFLOW: 0 , EGL: 000 , ERR: 0 
#  DUT Result	: RES:   243 , COUT: 0 , OFLOW: 0 , EGL: 000 , ERR: 0 
#  [PASS] Inputs: OPA: 176 , OPB: 101 , INP_VALID : 11 
#  Expected Result : RES:   100 , COUT: 0 , OFLOW: 0 , EGL: 000 , ERR: 0 
#  DUT Result	: RES:   100 , COUT: 0 , OFLOW: 0 , EGL: 000 , ERR: 0 
#  [PASS] Inputs: OPA: 122 , OPB:  30 , INP_VALID : 11 
#  Expected Result : RES:    29 , COUT: 0 , OFLOW: 0 , EGL: 000 , ERR: 0 
#  DUT Result	: RES:    29 , COUT: 0 , OFLOW: 0 , EGL: 000 , ERR: 0 
#  [PASS] Inputs: OPA:  88 , OPB: 155 , INP_VALID : 11 
#  Expected Result : RES:   154 , COUT: 0 , OFLOW: 0 , EGL: 000 , ERR: 0 
#  DUT Result	: RES:   154 , COUT: 0 , OFLOW: 0 , EGL: 000 , ERR: 0 
#  [PASS] Inputs: OPA:  66 , OPB: 114 , INP_VALID : 11 
#  Expected Result : RES:   113 , COUT: 0 , OFLOW: 0 , EGL: 000 , ERR: 0 
#  DUT Result	: RES:   113 , COUT: 0 , OFLOW: 0 , EGL: 000 , ERR: 0 
#  [PASS] Inputs: OPA: 248 , OPB:  34 , INP_VALID : 11 
#  Expected Result : RES:    33 , COUT: 0 , OFLOW: 0 , EGL: 000 , ERR: 0 
#  DUT Result	: RES:    33 , COUT: 0 , OFLOW: 0 , EGL: 000 , ERR: 0 
#  [PASS] Inputs: OPA: 240 , OPB: 146 , INP_VALID : 11 
#  Expected Result : RES:   145 , COUT: 0 , OFLOW: 0 , EGL: 000 , ERR: 0 
#  DUT Result	: RES:   145 , COUT: 0 , OFLOW: 0 , EGL: 000 , ERR: 0 
#  [PASS] Inputs: OPA: 242 , OPB: 197 , INP_VALID : 11 
#  Expected Result : RES:   196 , COUT: 0 , OFLOW: 0 , EGL: 000 , ERR: 0 
#  DUT Result	: RES:   196 , COUT: 0 , OFLOW: 0 , EGL: 000 , ERR: 0 
#  [PASS] Inputs: OPA: 168 , OPB: 115 , INP_VALID : 11 
#  Expected Result : RES:   114 , COUT: 0 , OFLOW: 0 , EGL: 000 , ERR: 0 
#  DUT Result	: RES:   114 , COUT: 0 , OFLOW: 0 , EGL: 000 , ERR: 0 
#  [PASS] Inputs: OPA: 108 , OPB:  22 , INP_VALID : 11 
#  Expected Result : RES:    21 , COUT: 0 , OFLOW: 0 , EGL: 000 , ERR: 0 
#  DUT Result	: RES:    21 , COUT: 0 , OFLOW: 0 , EGL: 000 , ERR: 0 
#  [PASS] Inputs: OPA: 205 , OPB:  22 , INP_VALID : 11 
#  Expected Result : RES:    21 , COUT: 0 , OFLOW: 0 , EGL: 000 , ERR: 0 
#  DUT Result	: RES:    21 , COUT: 0 , OFLOW: 0 , EGL: 000 , ERR: 0 
#  [PASS] Inputs: OPA:  80 , OPB:   7 , INP_VALID : 11 
#  Expected Result : RES:     6 , COUT: 0 , OFLOW: 0 , EGL: 000 , ERR: 0 
#  DUT Result	: RES:     6 , COUT: 0 , OFLOW: 0 , EGL: 000 , ERR: 0 
#  [PASS] Inputs: OPA: 144 , OPB: 189 , INP_VALID : 11 
#  Expected Result : RES:   188 , COUT: 0 , OFLOW: 0 , EGL: 000 , ERR: 0 
#  DUT Result	: RES:   188 , COUT: 0 , OFLOW: 0 , EGL: 000 , ERR: 0 
#  [PASS] Inputs: OPA: 123 , OPB:  46 , INP_VALID : 11 
#  Expected Result : RES:    45 , COUT: 0 , OFLOW: 0 , EGL: 000 , ERR: 0 
#  DUT Result	: RES:    45 , COUT: 0 , OFLOW: 0 , EGL: 000 , ERR: 0 
#  [PASS] Inputs: OPA:  46 , OPB: 175 , INP_VALID : 11 
#  Expected Result : RES:   174 , COUT: 0 , OFLOW: 0 , EGL: 000 , ERR: 0 
#  DUT Result	: RES:   174 , COUT: 0 , OFLOW: 0 , EGL: 000 , ERR: 0 
#  [PASS] Inputs: OPA:  61 , OPB: 206 , INP_VALID : 11 
#  Expected Result : RES:   205 , COUT: 0 , OFLOW: 0 , EGL: 000 , ERR: 0 
#  DUT Result	: RES:   205 , COUT: 0 , OFLOW: 0 , EGL: 000 , ERR: 0 
#  [PASS] Inputs: OPA: 224 , OPB:  45 , INP_VALID : 11 
#  Expected Result : RES:    44 , COUT: 0 , OFLOW: 0 , EGL: 000 , ERR: 0 
#  DUT Result	: RES:    44 , COUT: 0 , OFLOW: 0 , EGL: 000 , ERR: 0 
#  [PASS] Inputs: OPA: 111 , OPB:  45 , INP_VALID : 11 
#  Expected Result : RES:    44 , COUT: 0 , OFLOW: 0 , EGL: 000 , ERR: 0 
#  DUT Result	: RES:    44 , COUT: 0 , OFLOW: 0 , EGL: 000 , ERR: 0 
#  [PASS] Inputs: OPA:   6 , OPB: 103 , INP_VALID : 11 
#  Expected Result : RES:   102 , COUT: 0 , OFLOW: 0 , EGL: 000 , ERR: 0 
#  DUT Result	: RES:   102 , COUT: 0 , OFLOW: 0 , EGL: 000 , ERR: 0 
#  [PASS] Inputs: OPA:  62 , OPB: 105 , INP_VALID : 11 
#  Expected Result : RES:   104 , COUT: 0 , OFLOW: 0 , EGL: 000 , ERR: 0 
#  DUT Result	: RES:   104 , COUT: 0 , OFLOW: 0 , EGL: 000 , ERR: 0 
#  [PASS] Inputs: OPA: 173 , OPB: 165 , INP_VALID : 11 
#  Expected Result : RES:   164 , COUT: 0 , OFLOW: 0 , EGL: 000 , ERR: 0 
#  DUT Result	: RES:   164 , COUT: 0 , OFLOW: 0 , EGL: 000 , ERR: 0 
#  [PASS] Inputs: OPA: 186 , OPB: 214 , INP_VALID : 11 
#  Expected Result : RES:   213 , COUT: 0 , OFLOW: 0 , EGL: 000 , ERR: 0 
#  DUT Result	: RES:   213 , COUT: 0 , OFLOW: 0 , EGL: 000 , ERR: 0 
#  [PASS] Inputs: OPA: 147 , OPB:  27 , INP_VALID : 11 
#  Expected Result : RES:    26 , COUT: 0 , OFLOW: 0 , EGL: 000 , ERR: 0 
#  DUT Result	: RES:    26 , COUT: 0 , OFLOW: 0 , EGL: 000 , ERR: 0 
#  [PASS] Inputs: OPA: 143 , OPB:  64 , INP_VALID : 11 
#  Expected Result : RES:    63 , COUT: 0 , OFLOW: 0 , EGL: 000 , ERR: 0 
#  DUT Result	: RES:    63 , COUT: 0 , OFLOW: 0 , EGL: 000 , ERR: 0 
#  [PASS] Inputs: OPA: 133 , OPB:  88 , INP_VALID : 11 
#  Expected Result : RES:    87 , COUT: 0 , OFLOW: 0 , EGL: 000 , ERR: 0 
#  DUT Result	: RES:    87 , COUT: 0 , OFLOW: 0 , EGL: 000 , ERR: 0 
#  [PASS] Inputs: OPA: 146 , OPB:   4 , INP_VALID : 11 
#  Expected Result : RES:     3 , COUT: 0 , OFLOW: 0 , EGL: 000 , ERR: 0 
#  DUT Result	: RES:     3 , COUT: 0 , OFLOW: 0 , EGL: 000 , ERR: 0 
#  [PASS] Inputs: OPA: 215 , OPB:  95 , INP_VALID : 11 
#  Expected Result : RES:    94 , COUT: 0 , OFLOW: 0 , EGL: 000 , ERR: 0 
#  DUT Result	: RES:    94 , COUT: 0 , OFLOW: 0 , EGL: 000 , ERR: 0 
#  [PASS] Inputs: OPA:  51 , OPB: 199 , INP_VALID : 11 
#  Expected Result : RES:   198 , COUT: 0 , OFLOW: 0 , EGL: 000 , ERR: 0 
#  DUT Result	: RES:   198 , COUT: 0 , OFLOW: 0 , EGL: 000 , ERR: 0 
#  [PASS] Inputs: OPA:  32 , OPB:  76 , INP_VALID : 11 
#  Expected Result : RES:    75 , COUT: 0 , OFLOW: 0 , EGL: 000 , ERR: 0 
#  DUT Result	: RES:    75 , COUT: 0 , OFLOW: 0 , EGL: 000 , ERR: 0 
#  [PASS] Inputs: OPA: 205 , OPB:  28 , INP_VALID : 11 
#  Expected Result : RES:    27 , COUT: 0 , OFLOW: 0 , EGL: 000 , ERR: 0 
#  DUT Result	: RES:    27 , COUT: 0 , OFLOW: 0 , EGL: 000 , ERR: 0 
#  [PASS] Inputs: OPA: 180 , OPB:  10 , INP_VALID : 11 
#  Expected Result : RES:     9 , COUT: 0 , OFLOW: 0 , EGL: 000 , ERR: 0 
#  DUT Result	: RES:     9 , COUT: 0 , OFLOW: 0 , EGL: 000 , ERR: 0 
#  [PASS] Inputs: OPA: 230 , OPB:  83 , INP_VALID : 11 
#  Expected Result : RES:    82 , COUT: 0 , OFLOW: 0 , EGL: 000 , ERR: 0 
#  DUT Result	: RES:    82 , COUT: 0 , OFLOW: 0 , EGL: 000 , ERR: 0 
#  [PASS] Inputs: OPA: 214 , OPB:  74 , INP_VALID : 11 
#  Expected Result : RES:    73 , COUT: 0 , OFLOW: 0 , EGL: 000 , ERR: 0 
#  DUT Result	: RES:    73 , COUT: 0 , OFLOW: 0 , EGL: 000 , ERR: 0 
#  [PASS] Inputs: OPA: 145 , OPB: 201 , INP_VALID : 11 
#  Expected Result : RES:   200 , COUT: 0 , OFLOW: 0 , EGL: 000 , ERR: 0 
#  DUT Result	: RES:   200 , COUT: 0 , OFLOW: 0 , EGL: 000 , ERR: 0 
#  [PASS] Inputs: OPA: 225 , OPB: 101 , INP_VALID : 11 
#  Expected Result : RES:   100 , COUT: 0 , OFLOW: 0 , EGL: 000 , ERR: 0 
#  DUT Result	: RES:   100 , COUT: 0 , OFLOW: 0 , EGL: 000 , ERR: 0 
#  [PASS] Inputs: OPA:  47 , OPB: 109 , INP_VALID : 11 
#  Expected Result : RES:   108 , COUT: 0 , OFLOW: 0 , EGL: 000 , ERR: 0 
#  DUT Result	: RES:   108 , COUT: 0 , OFLOW: 0 , EGL: 000 , ERR: 0 
#  [PASS] Inputs: OPA: 209 , OPB:  18 , INP_VALID : 11 
#  Expected Result : RES:    17 , COUT: 0 , OFLOW: 0 , EGL: 000 , ERR: 0 
#  DUT Result	: RES:    17 , COUT: 0 , OFLOW: 0 , EGL: 000 , ERR: 0 
#  [PASS] Inputs: OPA: 225 , OPB:  93 , INP_VALID : 11 
#  Expected Result : RES:    92 , COUT: 0 , OFLOW: 0 , EGL: 000 , ERR: 0 
#  DUT Result	: RES:    92 , COUT: 0 , OFLOW: 0 , EGL: 000 , ERR: 0 
#  [PASS] Inputs: OPA:  70 , OPB: 140 , INP_VALID : 11 
#  Expected Result : RES:   139 , COUT: 0 , OFLOW: 0 , EGL: 000 , ERR: 0 
#  DUT Result	: RES:   139 , COUT: 0 , OFLOW: 0 , EGL: 000 , ERR: 0 
#  [PASS] Inputs: OPA: 100 , OPB: 224 , INP_VALID : 11 
#  Expected Result : RES:   223 , COUT: 0 , OFLOW: 0 , EGL: 000 , ERR: 0 
#  DUT Result	: RES:   223 , COUT: 0 , OFLOW: 0 , EGL: 000 , ERR: 0 
#  [PASS] Inputs: OPA:  80 , OPB:  15 , INP_VALID : 11 
#  Expected Result : RES:    14 , COUT: 0 , OFLOW: 0 , EGL: 000 , ERR: 0 
#  DUT Result	: RES:    14 , COUT: 0 , OFLOW: 0 , EGL: 000 , ERR: 0 
#  [PASS] Inputs: OPA: 136 , OPB: 201 , INP_VALID : 11 
#  Expected Result : RES:   200 , COUT: 0 , OFLOW: 0 , EGL: 000 , ERR: 0 
#  DUT Result	: RES:   200 , COUT: 0 , OFLOW: 0 , EGL: 000 , ERR: 0 
#  [PASS] Inputs: OPA:  11 , OPB:  14 , INP_VALID : 11 
#  Expected Result : RES:    13 , COUT: 0 , OFLOW: 0 , EGL: 000 , ERR: 0 
#  DUT Result	: RES:    13 , COUT: 0 , OFLOW: 0 , EGL: 000 , ERR: 0 
#  [PASS] Inputs: OPA: 223 , OPB:  20 , INP_VALID : 11 
#  Expected Result : RES:    19 , COUT: 0 , OFLOW: 0 , EGL: 000 , ERR: 0 
#  DUT Result	: RES:    19 , COUT: 0 , OFLOW: 0 , EGL: 000 , ERR: 0 
#  [PASS] Inputs: OPA: 246 , OPB:  94 , INP_VALID : 11 
#  Expected Result : RES:    93 , COUT: 0 , OFLOW: 0 , EGL: 000 , ERR: 0 
#  DUT Result	: RES:    93 , COUT: 0 , OFLOW: 0 , EGL: 000 , ERR: 0 
#  [PASS] Inputs: OPA: 109 , OPB: 143 , INP_VALID : 11 
#  Expected Result : RES:   142 , COUT: 0 , OFLOW: 0 , EGL: 000 , ERR: 0 
#  DUT Result	: RES:   142 , COUT: 0 , OFLOW: 0 , EGL: 000 , ERR: 0 
#  [PASS] Inputs: OPA: 224 , OPB:  72 , INP_VALID : 11 
#  Expected Result : RES:    71 , COUT: 0 , OFLOW: 0 , EGL: 000 , ERR: 0 
#  DUT Result	: RES:    71 , COUT: 0 , OFLOW: 0 , EGL: 000 , ERR: 0 
#  [PASS] Inputs: OPA:  53 , OPB: 243 , INP_VALID : 11 
#  Expected Result : RES:   242 , COUT: 0 , OFLOW: 0 , EGL: 000 , ERR: 0 
#  DUT Result	: RES:   242 , COUT: 0 , OFLOW: 0 , EGL: 000 , ERR: 0 
#  [PASS] Inputs: OPA: 132 , OPB: 100 , INP_VALID : 11 
#  Expected Result : RES:    99 , COUT: 0 , OFLOW: 0 , EGL: 000 , ERR: 0 
#  DUT Result	: RES:    99 , COUT: 0 , OFLOW: 0 , EGL: 000 , ERR: 0 
#  [PASS] Inputs: OPA: 218 , OPB: 154 , INP_VALID : 11 
#  Expected Result : RES:   153 , COUT: 0 , OFLOW: 0 , EGL: 000 , ERR: 0 
#  DUT Result	: RES:   153 , COUT: 0 , OFLOW: 0 , EGL: 000 , ERR: 0 
#  [PASS] Inputs: OPA: 185 , OPB: 141 , INP_VALID : 11 
#  Expected Result : RES:   140 , COUT: 0 , OFLOW: 0 , EGL: 000 , ERR: 0 
#  DUT Result	: RES:   140 , COUT: 0 , OFLOW: 0 , EGL: 000 , ERR: 0 
#  [PASS] Inputs: OPA: 176 , OPB: 233 , INP_VALID : 11 
#  Expected Result : RES:   232 , COUT: 0 , OFLOW: 0 , EGL: 000 , ERR: 0 
#  DUT Result	: RES:   232 , COUT: 0 , OFLOW: 0 , EGL: 000 , ERR: 0 
#  [PASS] Inputs: OPA: 224 , OPB: 200 , INP_VALID : 11 
#  Expected Result : RES:   199 , COUT: 0 , OFLOW: 0 , EGL: 000 , ERR: 0 
#  DUT Result	: RES:   199 , COUT: 0 , OFLOW: 0 , EGL: 000 , ERR: 0 
#  [PASS] Inputs: OPA: 190 , OPB:  95 , INP_VALID : 11 
#  Expected Result : RES:    94 , COUT: 0 , OFLOW: 0 , EGL: 000 , ERR: 0 
#  DUT Result	: RES:    94 , COUT: 0 , OFLOW: 0 , EGL: 000 , ERR: 0 
#  [PASS] Inputs: OPA: 164 , OPB: 159 , INP_VALID : 11 
#  Expected Result : RES:   158 , COUT: 0 , OFLOW: 0 , EGL: 000 , ERR: 0 
#  DUT Result	: RES:   158 , COUT: 0 , OFLOW: 0 , EGL: 000 , ERR: 0 
#  [PASS] Inputs: OPA: 216 , OPB:  65 , INP_VALID : 11 
#  Expected Result : RES:    64 , COUT: 0 , OFLOW: 0 , EGL: 000 , ERR: 0 
#  DUT Result	: RES:    64 , COUT: 0 , OFLOW: 0 , EGL: 000 , ERR: 0 
#  [PASS] Inputs: OPA: 222 , OPB:  13 , INP_VALID : 11 
#  Expected Result : RES:    12 , COUT: 0 , OFLOW: 0 , EGL: 000 , ERR: 0 
#  DUT Result	: RES:    12 , COUT: 0 , OFLOW: 0 , EGL: 000 , ERR: 0 
#  [PASS] Inputs: OPA: 109 , OPB:  48 , INP_VALID : 11 
#  Expected Result : RES:    47 , COUT: 0 , OFLOW: 0 , EGL: 000 , ERR: 0 
#  DUT Result	: RES:    47 , COUT: 0 , OFLOW: 0 , EGL: 000 , ERR: 0 
#  [PASS] Inputs: OPA: 219 , OPB: 129 , INP_VALID : 11 
#  Expected Result : RES:   128 , COUT: 0 , OFLOW: 0 , EGL: 000 , ERR: 0 
#  DUT Result	: RES:   128 , COUT: 0 , OFLOW: 0 , EGL: 000 , ERR: 0 
#  [PASS] Inputs: OPA:  77 , OPB: 110 , INP_VALID : 11 
#  Expected Result : RES:     0 , COUT: 0 , OFLOW: 0 , EGL: 001 , ERR: 0 
#  DUT Result	: RES:     0 , COUT: 0 , OFLOW: 0 , EGL: 001 , ERR: 0 
#  [PASS] Inputs: OPA: 168 , OPB: 160 , INP_VALID : 11 
#  Expected Result : RES:     0 , COUT: 0 , OFLOW: 0 , EGL: 010 , ERR: 0 
#  DUT Result	: RES:     0 , COUT: 0 , OFLOW: 0 , EGL: 010 , ERR: 0 
#  [PASS] Inputs: OPA: 235 , OPB:  46 , INP_VALID : 11 
#  Expected Result : RES:     0 , COUT: 0 , OFLOW: 0 , EGL: 010 , ERR: 0 
#  DUT Result	: RES:     0 , COUT: 0 , OFLOW: 0 , EGL: 010 , ERR: 0 
#  [PASS] Inputs: OPA: 193 , OPB:  45 , INP_VALID : 11 
#  Expected Result : RES:     0 , COUT: 0 , OFLOW: 0 , EGL: 010 , ERR: 0 
#  DUT Result	: RES:     0 , COUT: 0 , OFLOW: 0 , EGL: 010 , ERR: 0 
#  [PASS] Inputs: OPA: 201 , OPB: 124 , INP_VALID : 11 
#  Expected Result : RES:     0 , COUT: 0 , OFLOW: 0 , EGL: 010 , ERR: 0 
#  DUT Result	: RES:     0 , COUT: 0 , OFLOW: 0 , EGL: 010 , ERR: 0 
#  [PASS] Inputs: OPA:  56 , OPB: 147 , INP_VALID : 11 
#  Expected Result : RES:     0 , COUT: 0 , OFLOW: 0 , EGL: 001 , ERR: 0 
#  DUT Result	: RES:     0 , COUT: 0 , OFLOW: 0 , EGL: 001 , ERR: 0 
#  [PASS] Inputs: OPA:  77 , OPB: 191 , INP_VALID : 11 
#  Expected Result : RES:     0 , COUT: 0 , OFLOW: 0 , EGL: 001 , ERR: 0 
#  DUT Result	: RES:     0 , COUT: 0 , OFLOW: 0 , EGL: 001 , ERR: 0 
#  [PASS] Inputs: OPA: 233 , OPB:  43 , INP_VALID : 11 
#  Expected Result : RES:     0 , COUT: 0 , OFLOW: 0 , EGL: 010 , ERR: 0 
#  DUT Result	: RES:     0 , COUT: 0 , OFLOW: 0 , EGL: 010 , ERR: 0 
#  [PASS] Inputs: OPA: 118 , OPB:  67 , INP_VALID : 11 
#  Expected Result : RES:     0 , COUT: 0 , OFLOW: 0 , EGL: 010 , ERR: 0 
#  DUT Result	: RES:     0 , COUT: 0 , OFLOW: 0 , EGL: 010 , ERR: 0 
#  [PASS] Inputs: OPA: 187 , OPB: 220 , INP_VALID : 11 
#  Expected Result : RES:     0 , COUT: 0 , OFLOW: 0 , EGL: 001 , ERR: 0 
#  DUT Result	: RES:     0 , COUT: 0 , OFLOW: 0 , EGL: 001 , ERR: 0 
#  [PASS] Inputs: OPA:  39 , OPB: 236 , INP_VALID : 11 
#  Expected Result : RES:     0 , COUT: 0 , OFLOW: 0 , EGL: 001 , ERR: 0 
#  DUT Result	: RES:     0 , COUT: 0 , OFLOW: 0 , EGL: 001 , ERR: 0 
#  [PASS] Inputs: OPA: 218 , OPB: 169 , INP_VALID : 11 
#  Expected Result : RES:     0 , COUT: 0 , OFLOW: 0 , EGL: 010 , ERR: 0 
#  DUT Result	: RES:     0 , COUT: 0 , OFLOW: 0 , EGL: 010 , ERR: 0 
#  [PASS] Inputs: OPA: 137 , OPB: 139 , INP_VALID : 11 
#  Expected Result : RES:     0 , COUT: 0 , OFLOW: 0 , EGL: 001 , ERR: 0 
#  DUT Result	: RES:     0 , COUT: 0 , OFLOW: 0 , EGL: 001 , ERR: 0 
#  [PASS] Inputs: OPA:  93 , OPB:  88 , INP_VALID : 11 
#  Expected Result : RES:     0 , COUT: 0 , OFLOW: 0 , EGL: 010 , ERR: 0 
#  DUT Result	: RES:     0 , COUT: 0 , OFLOW: 0 , EGL: 010 , ERR: 0 
#  [PASS] Inputs: OPA: 173 , OPB: 148 , INP_VALID : 11 
#  Expected Result : RES:     0 , COUT: 0 , OFLOW: 0 , EGL: 010 , ERR: 0 
#  DUT Result	: RES:     0 , COUT: 0 , OFLOW: 0 , EGL: 010 , ERR: 0 
#  [PASS] Inputs: OPA: 178 , OPB: 251 , INP_VALID : 11 
#  Expected Result : RES:     0 , COUT: 0 , OFLOW: 0 , EGL: 001 , ERR: 0 
#  DUT Result	: RES:     0 , COUT: 0 , OFLOW: 0 , EGL: 001 , ERR: 0 
#  [PASS] Inputs: OPA:  57 , OPB: 201 , INP_VALID : 11 
#  Expected Result : RES:     0 , COUT: 0 , OFLOW: 0 , EGL: 001 , ERR: 0 
#  DUT Result	: RES:     0 , COUT: 0 , OFLOW: 0 , EGL: 001 , ERR: 0 
#  [PASS] Inputs: OPA:  73 , OPB:  91 , INP_VALID : 11 
#  Expected Result : RES:     0 , COUT: 0 , OFLOW: 0 , EGL: 001 , ERR: 0 
#  DUT Result	: RES:     0 , COUT: 0 , OFLOW: 0 , EGL: 001 , ERR: 0 
#  [PASS] Inputs: OPA: 109 , OPB: 217 , INP_VALID : 11 
#  Expected Result : RES:     0 , COUT: 0 , OFLOW: 0 , EGL: 001 , ERR: 0 
#  DUT Result	: RES:     0 , COUT: 0 , OFLOW: 0 , EGL: 001 , ERR: 0 
#  [PASS] Inputs: OPA:  74 , OPB:  41 , INP_VALID : 11 
#  Expected Result : RES:     0 , COUT: 0 , OFLOW: 0 , EGL: 010 , ERR: 0 
#  DUT Result	: RES:     0 , COUT: 0 , OFLOW: 0 , EGL: 010 , ERR: 0 
#  [PASS] Inputs: OPA:   9 , OPB: 154 , INP_VALID : 11 
#  Expected Result : RES:     0 , COUT: 0 , OFLOW: 0 , EGL: 001 , ERR: 0 
#  DUT Result	: RES:     0 , COUT: 0 , OFLOW: 0 , EGL: 001 , ERR: 0 
#  [PASS] Inputs: OPA: 101 , OPB:  19 , INP_VALID : 11 
#  Expected Result : RES:     0 , COUT: 0 , OFLOW: 0 , EGL: 010 , ERR: 0 
#  DUT Result	: RES:     0 , COUT: 0 , OFLOW: 0 , EGL: 010 , ERR: 0 
#  [PASS] Inputs: OPA:  72 , OPB: 183 , INP_VALID : 11 
#  Expected Result : RES:     0 , COUT: 0 , OFLOW: 0 , EGL: 001 , ERR: 0 
#  DUT Result	: RES:     0 , COUT: 0 , OFLOW: 0 , EGL: 001 , ERR: 0 
#  [PASS] Inputs: OPA:  21 , OPB: 130 , INP_VALID : 11 
#  Expected Result : RES:     0 , COUT: 0 , OFLOW: 0 , EGL: 001 , ERR: 0 
#  DUT Result	: RES:     0 , COUT: 0 , OFLOW: 0 , EGL: 001 , ERR: 0 
#  [PASS] Inputs: OPA: 138 , OPB: 166 , INP_VALID : 11 
#  Expected Result : RES:     0 , COUT: 0 , OFLOW: 0 , EGL: 001 , ERR: 0 
#  DUT Result	: RES:     0 , COUT: 0 , OFLOW: 0 , EGL: 001 , ERR: 0 
#  [PASS] Inputs: OPA: 145 , OPB: 144 , INP_VALID : 11 
#  Expected Result : RES:     0 , COUT: 0 , OFLOW: 0 , EGL: 010 , ERR: 0 
#  DUT Result	: RES:     0 , COUT: 0 , OFLOW: 0 , EGL: 010 , ERR: 0 
#  [PASS] Inputs: OPA: 152 , OPB:  28 , INP_VALID : 11 
#  Expected Result : RES:     0 , COUT: 0 , OFLOW: 0 , EGL: 010 , ERR: 0 
#  DUT Result	: RES:     0 , COUT: 0 , OFLOW: 0 , EGL: 010 , ERR: 0 
#  [PASS] Inputs: OPA:  73 , OPB: 191 , INP_VALID : 11 
#  Expected Result : RES:     0 , COUT: 0 , OFLOW: 0 , EGL: 001 , ERR: 0 
#  DUT Result	: RES:     0 , COUT: 0 , OFLOW: 0 , EGL: 001 , ERR: 0 
#  [PASS] Inputs: OPA: 112 , OPB:  19 , INP_VALID : 11 
#  Expected Result : RES:     0 , COUT: 0 , OFLOW: 0 , EGL: 010 , ERR: 0 
#  DUT Result	: RES:     0 , COUT: 0 , OFLOW: 0 , EGL: 010 , ERR: 0 
#  [PASS] Inputs: OPA: 241 , OPB: 168 , INP_VALID : 11 
#  Expected Result : RES:     0 , COUT: 0 , OFLOW: 0 , EGL: 010 , ERR: 0 
#  DUT Result	: RES:     0 , COUT: 0 , OFLOW: 0 , EGL: 010 , ERR: 0 
#  [PASS] Inputs: OPA:  34 , OPB: 127 , INP_VALID : 11 
#  Expected Result : RES:     0 , COUT: 0 , OFLOW: 0 , EGL: 001 , ERR: 0 
#  DUT Result	: RES:     0 , COUT: 0 , OFLOW: 0 , EGL: 001 , ERR: 0 
#  [PASS] Inputs: OPA: 149 , OPB: 195 , INP_VALID : 11 
#  Expected Result : RES:     0 , COUT: 0 , OFLOW: 0 , EGL: 001 , ERR: 0 
#  DUT Result	: RES:     0 , COUT: 0 , OFLOW: 0 , EGL: 001 , ERR: 0 
#  [PASS] Inputs: OPA:  61 , OPB:  45 , INP_VALID : 11 
#  Expected Result : RES:     0 , COUT: 0 , OFLOW: 0 , EGL: 010 , ERR: 0 
#  DUT Result	: RES:     0 , COUT: 0 , OFLOW: 0 , EGL: 010 , ERR: 0 
#  [PASS] Inputs: OPA:  13 , OPB: 142 , INP_VALID : 11 
#  Expected Result : RES:     0 , COUT: 0 , OFLOW: 0 , EGL: 001 , ERR: 0 
#  DUT Result	: RES:     0 , COUT: 0 , OFLOW: 0 , EGL: 001 , ERR: 0 
#  [PASS] Inputs: OPA: 205 , OPB:  71 , INP_VALID : 11 
#  Expected Result : RES:     0 , COUT: 0 , OFLOW: 0 , EGL: 010 , ERR: 0 
#  DUT Result	: RES:     0 , COUT: 0 , OFLOW: 0 , EGL: 010 , ERR: 0 
#  [PASS] Inputs: OPA: 242 , OPB: 124 , INP_VALID : 11 
#  Expected Result : RES:     0 , COUT: 0 , OFLOW: 0 , EGL: 010 , ERR: 0 
#  DUT Result	: RES:     0 , COUT: 0 , OFLOW: 0 , EGL: 010 , ERR: 0 
#  [PASS] Inputs: OPA:  71 , OPB: 113 , INP_VALID : 11 
#  Expected Result : RES:     0 , COUT: 0 , OFLOW: 0 , EGL: 001 , ERR: 0 
#  DUT Result	: RES:     0 , COUT: 0 , OFLOW: 0 , EGL: 001 , ERR: 0 
#  [PASS] Inputs: OPA:  73 , OPB:  96 , INP_VALID : 11 
#  Expected Result : RES:     0 , COUT: 0 , OFLOW: 0 , EGL: 001 , ERR: 0 
#  DUT Result	: RES:     0 , COUT: 0 , OFLOW: 0 , EGL: 001 , ERR: 0 
#  [PASS] Inputs: OPA: 168 , OPB: 254 , INP_VALID : 11 
#  Expected Result : RES:     0 , COUT: 0 , OFLOW: 0 , EGL: 001 , ERR: 0 
#  DUT Result	: RES:     0 , COUT: 0 , OFLOW: 0 , EGL: 001 , ERR: 0 
#  [PASS] Inputs: OPA: 206 , OPB: 231 , INP_VALID : 11 
#  Expected Result : RES:     0 , COUT: 0 , OFLOW: 0 , EGL: 001 , ERR: 0 
#  DUT Result	: RES:     0 , COUT: 0 , OFLOW: 0 , EGL: 001 , ERR: 0 
#  [PASS] Inputs: OPA:  98 , OPB: 159 , INP_VALID : 11 
#  Expected Result : RES:     0 , COUT: 0 , OFLOW: 0 , EGL: 001 , ERR: 0 
#  DUT Result	: RES:     0 , COUT: 0 , OFLOW: 0 , EGL: 001 , ERR: 0 
#  [PASS] Inputs: OPA: 130 , OPB: 109 , INP_VALID : 11 
#  Expected Result : RES:     0 , COUT: 0 , OFLOW: 0 , EGL: 010 , ERR: 0 
#  DUT Result	: RES:     0 , COUT: 0 , OFLOW: 0 , EGL: 010 , ERR: 0 
#  [PASS] Inputs: OPA:  81 , OPB: 174 , INP_VALID : 11 
#  Expected Result : RES:     0 , COUT: 0 , OFLOW: 0 , EGL: 001 , ERR: 0 
#  DUT Result	: RES:     0 , COUT: 0 , OFLOW: 0 , EGL: 001 , ERR: 0 
#  [PASS] Inputs: OPA:  39 , OPB: 209 , INP_VALID : 11 
#  Expected Result : RES:     0 , COUT: 0 , OFLOW: 0 , EGL: 001 , ERR: 0 
#  DUT Result	: RES:     0 , COUT: 0 , OFLOW: 0 , EGL: 001 , ERR: 0 
#  [PASS] Inputs: OPA: 255 , OPB: 247 , INP_VALID : 11 
#  Expected Result : RES:     0 , COUT: 0 , OFLOW: 0 , EGL: 010 , ERR: 0 
#  DUT Result	: RES:     0 , COUT: 0 , OFLOW: 0 , EGL: 010 , ERR: 0 
#  [PASS] Inputs: OPA:  87 , OPB: 133 , INP_VALID : 11 
#  Expected Result : RES:     0 , COUT: 0 , OFLOW: 0 , EGL: 001 , ERR: 0 
#  DUT Result	: RES:     0 , COUT: 0 , OFLOW: 0 , EGL: 001 , ERR: 0 
#  [PASS] Inputs: OPA:  52 , OPB:  76 , INP_VALID : 11 
#  Expected Result : RES:     0 , COUT: 0 , OFLOW: 0 , EGL: 001 , ERR: 0 
#  DUT Result	: RES:     0 , COUT: 0 , OFLOW: 0 , EGL: 001 , ERR: 0 
#  [PASS] Inputs: OPA: 201 , OPB:  72 , INP_VALID : 11 
#  Expected Result : RES:     0 , COUT: 0 , OFLOW: 0 , EGL: 010 , ERR: 0 
#  DUT Result	: RES:     0 , COUT: 0 , OFLOW: 0 , EGL: 010 , ERR: 0 
#  [PASS] Inputs: OPA: 248 , OPB:  84 , INP_VALID : 11 
#  Expected Result : RES:     0 , COUT: 0 , OFLOW: 0 , EGL: 010 , ERR: 0 
#  DUT Result	: RES:     0 , COUT: 0 , OFLOW: 0 , EGL: 010 , ERR: 0 
#  [PASS] Inputs: OPA: 232 , OPB:  22 , INP_VALID : 11 
#  Expected Result : RES:     0 , COUT: 0 , OFLOW: 0 , EGL: 010 , ERR: 0 
#  DUT Result	: RES:     0 , COUT: 0 , OFLOW: 0 , EGL: 010 , ERR: 0 
#  [PASS] Inputs: OPA: 186 , OPB: 168 , INP_VALID : 11 
#  Expected Result : RES:     0 , COUT: 0 , OFLOW: 0 , EGL: 010 , ERR: 0 
#  DUT Result	: RES:     0 , COUT: 0 , OFLOW: 0 , EGL: 010 , ERR: 0 
#  [PASS] Inputs: OPA:  84 , OPB:  81 , INP_VALID : 11 
#  Expected Result : RES:     0 , COUT: 0 , OFLOW: 0 , EGL: 010 , ERR: 0 
#  DUT Result	: RES:     0 , COUT: 0 , OFLOW: 0 , EGL: 010 , ERR: 0 
#  [PASS] Inputs: OPA: 222 , OPB:  67 , INP_VALID : 11 
#  Expected Result : RES:     0 , COUT: 0 , OFLOW: 0 , EGL: 010 , ERR: 0 
#  DUT Result	: RES:     0 , COUT: 0 , OFLOW: 0 , EGL: 010 , ERR: 0 
#  [PASS] Inputs: OPA: 135 , OPB:  89 , INP_VALID : 11 
#  Expected Result : RES:     0 , COUT: 0 , OFLOW: 0 , EGL: 010 , ERR: 0 
#  DUT Result	: RES:     0 , COUT: 0 , OFLOW: 0 , EGL: 010 , ERR: 0 
#  [PASS] Inputs: OPA: 233 , OPB: 181 , INP_VALID : 11 
#  Expected Result : RES:     0 , COUT: 0 , OFLOW: 0 , EGL: 010 , ERR: 0 
#  DUT Result	: RES:     0 , COUT: 0 , OFLOW: 0 , EGL: 010 , ERR: 0 
#  [PASS] Inputs: OPA:  49 , OPB: 231 , INP_VALID : 11 
#  Expected Result : RES:     0 , COUT: 0 , OFLOW: 0 , EGL: 001 , ERR: 0 
#  DUT Result	: RES:     0 , COUT: 0 , OFLOW: 0 , EGL: 001 , ERR: 0 
#  [PASS] Inputs: OPA:  10 , OPB: 191 , INP_VALID : 11 
#  Expected Result : RES:     0 , COUT: 0 , OFLOW: 0 , EGL: 001 , ERR: 0 
#  DUT Result	: RES:     0 , COUT: 0 , OFLOW: 0 , EGL: 001 , ERR: 0 
#  [PASS] Inputs: OPA:  60 , OPB: 103 , INP_VALID : 11 
#  Expected Result : RES:     0 , COUT: 0 , OFLOW: 0 , EGL: 001 , ERR: 0 
#  DUT Result	: RES:     0 , COUT: 0 , OFLOW: 0 , EGL: 001 , ERR: 0 
#  [PASS] Inputs: OPA: 123 , OPB: 168 , INP_VALID : 11 
#  Expected Result : RES:     0 , COUT: 0 , OFLOW: 0 , EGL: 001 , ERR: 0 
#  DUT Result	: RES:     0 , COUT: 0 , OFLOW: 0 , EGL: 001 , ERR: 0 
#  [PASS] Inputs: OPA:  26 , OPB: 207 , INP_VALID : 11 
#  Expected Result : RES:     0 , COUT: 0 , OFLOW: 0 , EGL: 001 , ERR: 0 
#  DUT Result	: RES:     0 , COUT: 0 , OFLOW: 0 , EGL: 001 , ERR: 0 
#  [PASS] Inputs: OPA:  66 , OPB: 195 , INP_VALID : 11 
#  Expected Result : RES:     0 , COUT: 0 , OFLOW: 0 , EGL: 001 , ERR: 0 
#  DUT Result	: RES:     0 , COUT: 0 , OFLOW: 0 , EGL: 001 , ERR: 0 
#  [PASS] Inputs: OPA: 130 , OPB: 108 , INP_VALID : 11 
#  Expected Result : RES:     0 , COUT: 0 , OFLOW: 0 , EGL: 010 , ERR: 0 
#  DUT Result	: RES:     0 , COUT: 0 , OFLOW: 0 , EGL: 010 , ERR: 0 
#  [PASS] Inputs: OPA: 248 , OPB: 196 , INP_VALID : 11 
#  Expected Result : RES:     0 , COUT: 0 , OFLOW: 0 , EGL: 010 , ERR: 0 
#  DUT Result	: RES:     0 , COUT: 0 , OFLOW: 0 , EGL: 010 , ERR: 0 
#  [PASS] Inputs: OPA: 106 , OPB:  60 , INP_VALID : 11 
#  Expected Result : RES:     0 , COUT: 0 , OFLOW: 0 , EGL: 010 , ERR: 0 
#  DUT Result	: RES:     0 , COUT: 0 , OFLOW: 0 , EGL: 010 , ERR: 0 
#  [PASS] Inputs: OPA:  40 , OPB:  79 , INP_VALID : 11 
#  Expected Result : RES:     0 , COUT: 0 , OFLOW: 0 , EGL: 001 , ERR: 0 
#  DUT Result	: RES:     0 , COUT: 0 , OFLOW: 0 , EGL: 001 , ERR: 0 
#  [PASS] Inputs: OPA:  43 , OPB: 197 , INP_VALID : 11 
#  Expected Result : RES:     0 , COUT: 0 , OFLOW: 0 , EGL: 001 , ERR: 0 
#  DUT Result	: RES:     0 , COUT: 0 , OFLOW: 0 , EGL: 001 , ERR: 0 
#  [PASS] Inputs: OPA: 218 , OPB:  64 , INP_VALID : 11 
#  Expected Result : RES:     0 , COUT: 0 , OFLOW: 0 , EGL: 010 , ERR: 0 
#  DUT Result	: RES:     0 , COUT: 0 , OFLOW: 0 , EGL: 010 , ERR: 0 
#  [PASS] Inputs: OPA: 206 , OPB: 226 , INP_VALID : 11 
#  Expected Result : RES:     0 , COUT: 0 , OFLOW: 0 , EGL: 001 , ERR: 0 
#  DUT Result	: RES:     0 , COUT: 0 , OFLOW: 0 , EGL: 001 , ERR: 0 
#  [PASS] Inputs: OPA:  82 , OPB:  11 , INP_VALID : 11 
#  Expected Result : RES:     0 , COUT: 0 , OFLOW: 0 , EGL: 010 , ERR: 0 
#  DUT Result	: RES:     0 , COUT: 0 , OFLOW: 0 , EGL: 010 , ERR: 0 
#  [PASS] Inputs: OPA: 204 , OPB:  92 , INP_VALID : 11 
#  Expected Result : RES:     0 , COUT: 0 , OFLOW: 0 , EGL: 010 , ERR: 0 
#  DUT Result	: RES:     0 , COUT: 0 , OFLOW: 0 , EGL: 010 , ERR: 0 
#  [PASS] Inputs: OPA:  64 , OPB:  54 , INP_VALID : 11 
#  Expected Result : RES:     0 , COUT: 0 , OFLOW: 0 , EGL: 010 , ERR: 0 
#  DUT Result	: RES:     0 , COUT: 0 , OFLOW: 0 , EGL: 010 , ERR: 0 
#  [PASS] Inputs: OPA: 133 , OPB: 101 , INP_VALID : 11 
#  Expected Result : RES:     0 , COUT: 0 , OFLOW: 0 , EGL: 010 , ERR: 0 
#  DUT Result	: RES:     0 , COUT: 0 , OFLOW: 0 , EGL: 010 , ERR: 0 
#  [PASS] Inputs: OPA:  62 , OPB:  57 , INP_VALID : 11 
#  Expected Result : RES:     0 , COUT: 0 , OFLOW: 0 , EGL: 010 , ERR: 0 
#  DUT Result	: RES:     0 , COUT: 0 , OFLOW: 0 , EGL: 010 , ERR: 0 
#  [PASS] Inputs: OPA: 158 , OPB: 251 , INP_VALID : 11 
#  Expected Result : RES:     0 , COUT: 0 , OFLOW: 0 , EGL: 001 , ERR: 0 
#  DUT Result	: RES:     0 , COUT: 0 , OFLOW: 0 , EGL: 001 , ERR: 0 
#  [PASS] Inputs: OPA:  64 , OPB: 249 , INP_VALID : 11 
#  Expected Result : RES:     0 , COUT: 0 , OFLOW: 0 , EGL: 001 , ERR: 0 
#  DUT Result	: RES:     0 , COUT: 0 , OFLOW: 0 , EGL: 001 , ERR: 0 
#  [PASS] Inputs: OPA: 223 , OPB: 196 , INP_VALID : 11 
#  Expected Result : RES:     0 , COUT: 0 , OFLOW: 0 , EGL: 010 , ERR: 0 
#  DUT Result	: RES:     0 , COUT: 0 , OFLOW: 0 , EGL: 010 , ERR: 0 
#  [PASS] Inputs: OPA: 254 , OPB:  12 , INP_VALID : 11 
#  Expected Result : RES:     0 , COUT: 0 , OFLOW: 0 , EGL: 010 , ERR: 0 
#  DUT Result	: RES:     0 , COUT: 0 , OFLOW: 0 , EGL: 010 , ERR: 0 
#  [PASS] Inputs: OPA:  62 , OPB: 232 , INP_VALID : 11 
#  Expected Result : RES:     0 , COUT: 0 , OFLOW: 0 , EGL: 001 , ERR: 0 
#  DUT Result	: RES:     0 , COUT: 0 , OFLOW: 0 , EGL: 001 , ERR: 0 
#  [PASS] Inputs: OPA:  80 , OPB: 192 , INP_VALID : 11 
#  Expected Result : RES:     0 , COUT: 0 , OFLOW: 0 , EGL: 001 , ERR: 0 
#  DUT Result	: RES:     0 , COUT: 0 , OFLOW: 0 , EGL: 001 , ERR: 0 
#  [PASS] Inputs: OPA:  19 , OPB: 184 , INP_VALID : 11 
#  Expected Result : RES:     0 , COUT: 0 , OFLOW: 0 , EGL: 001 , ERR: 0 
#  DUT Result	: RES:     0 , COUT: 0 , OFLOW: 0 , EGL: 001 , ERR: 0 
#  [PASS] Inputs: OPA: 206 , OPB:  29 , INP_VALID : 11 
#  Expected Result : RES:     0 , COUT: 0 , OFLOW: 0 , EGL: 010 , ERR: 0 
#  DUT Result	: RES:     0 , COUT: 0 , OFLOW: 0 , EGL: 010 , ERR: 0 
#  [PASS] Inputs: OPA:  41 , OPB: 138 , INP_VALID : 11 
#  Expected Result : RES:     0 , COUT: 0 , OFLOW: 0 , EGL: 001 , ERR: 0 
#  DUT Result	: RES:     0 , COUT: 0 , OFLOW: 0 , EGL: 001 , ERR: 0 
#  [PASS] Inputs: OPA: 232 , OPB:  15 , INP_VALID : 11 
#  Expected Result : RES:     0 , COUT: 0 , OFLOW: 0 , EGL: 010 , ERR: 0 
#  DUT Result	: RES:     0 , COUT: 0 , OFLOW: 0 , EGL: 010 , ERR: 0 
#  [PASS] Inputs: OPA:  32 , OPB: 150 , INP_VALID : 11 
#  Expected Result : RES:     0 , COUT: 0 , OFLOW: 0 , EGL: 001 , ERR: 0 
#  DUT Result	: RES:     0 , COUT: 0 , OFLOW: 0 , EGL: 001 , ERR: 0 
#  [PASS] Inputs: OPA: 113 , OPB:  35 , INP_VALID : 11 
#  Expected Result : RES:     0 , COUT: 0 , OFLOW: 0 , EGL: 010 , ERR: 0 
#  DUT Result	: RES:     0 , COUT: 0 , OFLOW: 0 , EGL: 010 , ERR: 0 
#  [PASS] Inputs: OPA: 105 , OPB: 107 , INP_VALID : 11 
#  Expected Result : RES:     0 , COUT: 0 , OFLOW: 0 , EGL: 001 , ERR: 0 
#  DUT Result	: RES:     0 , COUT: 0 , OFLOW: 0 , EGL: 001 , ERR: 0 
#  [PASS] Inputs: OPA: 197 , OPB: 192 , INP_VALID : 11 
#  Expected Result : RES:     0 , COUT: 0 , OFLOW: 0 , EGL: 010 , ERR: 0 
#  DUT Result	: RES:     0 , COUT: 0 , OFLOW: 0 , EGL: 010 , ERR: 0 
#  [PASS] Inputs: OPA: 221 , OPB: 183 , INP_VALID : 11 
#  Expected Result : RES:     0 , COUT: 0 , OFLOW: 0 , EGL: 010 , ERR: 0 
#  DUT Result	: RES:     0 , COUT: 0 , OFLOW: 0 , EGL: 010 , ERR: 0 
#  [PASS] Inputs: OPA: 139 , OPB: 135 , INP_VALID : 11 
#  Expected Result : RES:     0 , COUT: 0 , OFLOW: 0 , EGL: 010 , ERR: 0 
#  DUT Result	: RES:     0 , COUT: 0 , OFLOW: 0 , EGL: 010 , ERR: 0 
#  [PASS] Inputs: OPA:  86 , OPB:  79 , INP_VALID : 11 
#  Expected Result : RES:     0 , COUT: 0 , OFLOW: 0 , EGL: 010 , ERR: 0 
#  DUT Result	: RES:     0 , COUT: 0 , OFLOW: 0 , EGL: 010 , ERR: 0 
#  [PASS] Inputs: OPA: 242 , OPB:  21 , INP_VALID : 11 
#  Expected Result : RES:     0 , COUT: 0 , OFLOW: 0 , EGL: 010 , ERR: 0 
#  DUT Result	: RES:     0 , COUT: 0 , OFLOW: 0 , EGL: 010 , ERR: 0 
#  [PASS] Inputs: OPA: 229 , OPB: 251 , INP_VALID : 11 
#  Expected Result : RES:     0 , COUT: 0 , OFLOW: 0 , EGL: 001 , ERR: 0 
#  DUT Result	: RES:     0 , COUT: 0 , OFLOW: 0 , EGL: 001 , ERR: 0 
#  [PASS] Inputs: OPA: 210 , OPB:  20 , INP_VALID : 11 
#  Expected Result : RES:     0 , COUT: 0 , OFLOW: 0 , EGL: 010 , ERR: 0 
#  DUT Result	: RES:     0 , COUT: 0 , OFLOW: 0 , EGL: 010 , ERR: 0 
#  [PASS] Inputs: OPA: 206 , OPB: 182 , INP_VALID : 11 
#  Expected Result : RES:     0 , COUT: 0 , OFLOW: 0 , EGL: 010 , ERR: 0 
#  DUT Result	: RES:     0 , COUT: 0 , OFLOW: 0 , EGL: 010 , ERR: 0 
#  [PASS] Inputs: OPA:  13 , OPB: 200 , INP_VALID : 11 
#  Expected Result : RES:     0 , COUT: 0 , OFLOW: 0 , EGL: 001 , ERR: 0 
#  DUT Result	: RES:     0 , COUT: 0 , OFLOW: 0 , EGL: 001 , ERR: 0 
#  [PASS] Inputs: OPA: 120 , OPB:  91 , INP_VALID : 11 
#  Expected Result : RES:     0 , COUT: 0 , OFLOW: 0 , EGL: 010 , ERR: 0 
#  DUT Result	: RES:     0 , COUT: 0 , OFLOW: 0 , EGL: 010 , ERR: 0 
#  [PASS] Inputs: OPA:  76 , OPB:  86 , INP_VALID : 11 
#  Expected Result : RES:     0 , COUT: 0 , OFLOW: 0 , EGL: 001 , ERR: 0 
#  DUT Result	: RES:     0 , COUT: 0 , OFLOW: 0 , EGL: 001 , ERR: 0 
#  [PASS] Inputs: OPA: 212 , OPB: 140 , INP_VALID : 11 
#  Expected Result : RES:     0 , COUT: 0 , OFLOW: 0 , EGL: 010 , ERR: 0 
#  DUT Result	: RES:     0 , COUT: 0 , OFLOW: 0 , EGL: 010 , ERR: 0 
#  [PASS] Inputs: OPA: 213 , OPB: 106 , INP_VALID : 11 
#  Expected Result : RES:     0 , COUT: 0 , OFLOW: 0 , EGL: 010 , ERR: 0 
#  DUT Result	: RES:     0 , COUT: 0 , OFLOW: 0 , EGL: 010 , ERR: 0 
#  [PASS] Inputs: OPA:  16 , OPB:  33 , INP_VALID : 11 
#  Expected Result : RES:     0 , COUT: 0 , OFLOW: 0 , EGL: 001 , ERR: 0 
#  DUT Result	: RES:     0 , COUT: 0 , OFLOW: 0 , EGL: 001 , ERR: 0 
#  [PASS] Inputs: OPA: 114 , OPB: 220 , INP_VALID : 11 
#  Expected Result : RES: 25415 , COUT: 0 , OFLOW: 0 , EGL: 000 , ERR: 0 
#  DUT Result	: RES: 25415 , COUT: 0 , OFLOW: 0 , EGL: 000 , ERR: 0 
#  [PASS] Inputs: OPA: 251 , OPB:  72 , INP_VALID : 11 
#  Expected Result : RES: 18396 , COUT: 0 , OFLOW: 0 , EGL: 000 , ERR: 0 
#  DUT Result	: RES: 18396 , COUT: 0 , OFLOW: 0 , EGL: 000 , ERR: 0 
# -----------------------------------------------------------------------
#  [FAIL] Incorrect Output at MODE: 1 , CMD:  9 
#  Inputs:	OPA: 137 , OPB:  13 , INP_VALID : 11 
#  Expected Result : RES:  1932 , COUT: 0 , OFLOW: 0 , EGL: 000 , ERR: 0 
#  DUT Result	: RES: 18396 , COUT: 0 , OFLOW: 0 , EGL: 000 , ERR: 0 
# -----------------------------------------------------------------------
#  [PASS] Inputs: OPA: 185 , OPB: 203 , INP_VALID : 11 
#  Expected Result : RES: 37944 , COUT: 0 , OFLOW: 0 , EGL: 000 , ERR: 0 
#  DUT Result	: RES: 37944 , COUT: 0 , OFLOW: 0 , EGL: 000 , ERR: 0 
#  [PASS] Inputs: OPA: 111 , OPB:   2 , INP_VALID : 11 
#  Expected Result : RES:   336 , COUT: 0 , OFLOW: 0 , EGL: 000 , ERR: 0 
#  DUT Result	: RES:   336 , COUT: 0 , OFLOW: 0 , EGL: 000 , ERR: 0 
# -----------------------------------------------------------------------
#  [FAIL] Incorrect Output at MODE: 1 , CMD:  9 
#  Inputs:	OPA: 130 , OPB:  82 , INP_VALID : 11 
#  Expected Result : RES: 10873 , COUT: 0 , OFLOW: 0 , EGL: 000 , ERR: 0 
#  DUT Result	: RES:   336 , COUT: 0 , OFLOW: 0 , EGL: 000 , ERR: 0 
# -----------------------------------------------------------------------
#  [PASS] Inputs: OPA:  42 , OPB: 154 , INP_VALID : 11 
#  Expected Result : RES:  6665 , COUT: 0 , OFLOW: 0 , EGL: 000 , ERR: 0 
#  DUT Result	: RES:  6665 , COUT: 0 , OFLOW: 0 , EGL: 000 , ERR: 0 
#  [PASS] Inputs: OPA: 238 , OPB:  27 , INP_VALID : 11 
#  Expected Result : RES:  6692 , COUT: 0 , OFLOW: 0 , EGL: 000 , ERR: 0 
#  DUT Result	: RES:  6692 , COUT: 0 , OFLOW: 0 , EGL: 000 , ERR: 0 
# -----------------------------------------------------------------------
#  [FAIL] Incorrect Output at MODE: 1 , CMD:  9 
#  Inputs:	OPA:  85 , OPB: 104 , INP_VALID : 11 
#  Expected Result : RES:  9030 , COUT: 0 , OFLOW: 0 , EGL: 000 , ERR: 0 
#  DUT Result	: RES:  6692 , COUT: 0 , OFLOW: 0 , EGL: 000 , ERR: 0 
# -----------------------------------------------------------------------
#  [PASS] Inputs: OPA: 139 , OPB: 231 , INP_VALID : 11 
#  Expected Result : RES: 32480 , COUT: 0 , OFLOW: 0 , EGL: 000 , ERR: 0 
#  DUT Result	: RES: 32480 , COUT: 0 , OFLOW: 0 , EGL: 000 , ERR: 0 
#  [PASS] Inputs: OPA:  13 , OPB: 180 , INP_VALID : 11 
#  Expected Result : RES:  2534 , COUT: 0 , OFLOW: 0 , EGL: 000 , ERR: 0 
#  DUT Result	: RES:  2534 , COUT: 0 , OFLOW: 0 , EGL: 000 , ERR: 0 
# -----------------------------------------------------------------------
#  [FAIL] Incorrect Output at MODE: 1 , CMD:  9 
#  Inputs:	OPA:  10 , OPB: 104 , INP_VALID : 11 
#  Expected Result : RES:  1155 , COUT: 0 , OFLOW: 0 , EGL: 000 , ERR: 0 
#  DUT Result	: RES:  2534 , COUT: 0 , OFLOW: 0 , EGL: 000 , ERR: 0 
# -----------------------------------------------------------------------
#  [PASS] Inputs: OPA: 134 , OPB: 194 , INP_VALID : 11 
#  Expected Result : RES: 26325 , COUT: 0 , OFLOW: 0 , EGL: 000 , ERR: 0 
#  DUT Result	: RES: 26325 , COUT: 0 , OFLOW: 0 , EGL: 000 , ERR: 0 
#  [PASS] Inputs: OPA:  93 , OPB:  75 , INP_VALID : 11 
#  Expected Result : RES:  7144 , COUT: 0 , OFLOW: 0 , EGL: 000 , ERR: 0 
#  DUT Result	: RES:  7144 , COUT: 0 , OFLOW: 0 , EGL: 000 , ERR: 0 
# -----------------------------------------------------------------------
#  [FAIL] Incorrect Output at MODE: 1 , CMD:  9 
#  Inputs:	OPA: 230 , OPB: 156 , INP_VALID : 11 
#  Expected Result : RES: 36267 , COUT: 0 , OFLOW: 0 , EGL: 000 , ERR: 0 
#  DUT Result	: RES:  7144 , COUT: 0 , OFLOW: 0 , EGL: 000 , ERR: 0 
# -----------------------------------------------------------------------
#  [PASS] Inputs: OPA:   5 , OPB: 166 , INP_VALID : 11 
#  Expected Result : RES:  1002 , COUT: 0 , OFLOW: 0 , EGL: 000 , ERR: 0 
#  DUT Result	: RES:  1002 , COUT: 0 , OFLOW: 0 , EGL: 000 , ERR: 0 
#  [PASS] Inputs: OPA:  23 , OPB:  39 , INP_VALID : 11 
#  Expected Result : RES:   960 , COUT: 0 , OFLOW: 0 , EGL: 000 , ERR: 0 
#  DUT Result	: RES:   960 , COUT: 0 , OFLOW: 0 , EGL: 000 , ERR: 0 
# -----------------------------------------------------------------------
#  [FAIL] Incorrect Output at MODE: 1 , CMD:  9 
#  Inputs:	OPA:   2 , OPB: 152 , INP_VALID : 11 
#  Expected Result : RES:   459 , COUT: 0 , OFLOW: 0 , EGL: 000 , ERR: 0 
#  DUT Result	: RES:   960 , COUT: 0 , OFLOW: 0 , EGL: 000 , ERR: 0 
# -----------------------------------------------------------------------
#  [PASS] Inputs: OPA: 190 , OPB: 251 , INP_VALID : 11 
#  Expected Result : RES: 48132 , COUT: 0 , OFLOW: 0 , EGL: 000 , ERR: 0 
#  DUT Result	: RES: 48132 , COUT: 0 , OFLOW: 0 , EGL: 000 , ERR: 0 
#  [PASS] Inputs: OPA: 162 , OPB:  67 , INP_VALID : 11 
#  Expected Result : RES: 11084 , COUT: 0 , OFLOW: 0 , EGL: 000 , ERR: 0 
#  DUT Result	: RES: 11084 , COUT: 0 , OFLOW: 0 , EGL: 000 , ERR: 0 
# -----------------------------------------------------------------------
#  [FAIL] Incorrect Output at MODE: 1 , CMD:  9 
#  Inputs:	OPA: 122 , OPB: 139 , INP_VALID : 11 
#  Expected Result : RES: 17220 , COUT: 0 , OFLOW: 0 , EGL: 000 , ERR: 0 
#  DUT Result	: RES: 11084 , COUT: 0 , OFLOW: 0 , EGL: 000 , ERR: 0 
# -----------------------------------------------------------------------
#  [PASS] Inputs: OPA:  77 , OPB: 223 , INP_VALID : 11 
#  Expected Result : RES: 17472 , COUT: 0 , OFLOW: 0 , EGL: 000 , ERR: 0 
#  DUT Result	: RES: 17472 , COUT: 0 , OFLOW: 0 , EGL: 000 , ERR: 0 
#  [PASS] Inputs: OPA: 227 , OPB: 237 , INP_VALID : 11 
#  Expected Result : RES: 54264 , COUT: 0 , OFLOW: 0 , EGL: 000 , ERR: 0 
#  DUT Result	: RES: 54264 , COUT: 0 , OFLOW: 0 , EGL: 000 , ERR: 0 
# -----------------------------------------------------------------------
#  [FAIL] Incorrect Output at MODE: 1 , CMD:  9 
#  Inputs:	OPA: 177 , OPB:  73 , INP_VALID : 11 
#  Expected Result : RES: 13172 , COUT: 0 , OFLOW: 0 , EGL: 000 , ERR: 0 
#  DUT Result	: RES: 54264 , COUT: 0 , OFLOW: 0 , EGL: 000 , ERR: 0 
# -----------------------------------------------------------------------
#  [PASS] Inputs: OPA:  57 , OPB: 130 , INP_VALID : 11 
#  Expected Result : RES:  7598 , COUT: 0 , OFLOW: 0 , EGL: 000 , ERR: 0 
#  DUT Result	: RES:  7598 , COUT: 0 , OFLOW: 0 , EGL: 000 , ERR: 0 
#  [PASS] Inputs: OPA: 136 , OPB: 250 , INP_VALID : 11 
#  Expected Result : RES: 34387 , COUT: 0 , OFLOW: 0 , EGL: 000 , ERR: 0 
#  DUT Result	: RES: 34387 , COUT: 0 , OFLOW: 0 , EGL: 000 , ERR: 0 
# -----------------------------------------------------------------------
#  [FAIL] Incorrect Output at MODE: 1 , CMD:  9 
#  Inputs:	OPA:  89 , OPB:  75 , INP_VALID : 11 
#  Expected Result : RES:  6840 , COUT: 0 , OFLOW: 0 , EGL: 000 , ERR: 0 
#  DUT Result	: RES: 34387 , COUT: 0 , OFLOW: 0 , EGL: 000 , ERR: 0 
# -----------------------------------------------------------------------
#  [PASS] Inputs: OPA: 149 , OPB: 232 , INP_VALID : 11 
#  Expected Result : RES: 34950 , COUT: 0 , OFLOW: 0 , EGL: 000 , ERR: 0 
#  DUT Result	: RES: 34950 , COUT: 0 , OFLOW: 0 , EGL: 000 , ERR: 0 
#  [PASS] Inputs: OPA:   0 , OPB: 253 , INP_VALID : 11 
#  Expected Result : RES:   254 , COUT: 0 , OFLOW: 0 , EGL: 000 , ERR: 0 
#  DUT Result	: RES:   254 , COUT: 0 , OFLOW: 0 , EGL: 000 , ERR: 0 
# -----------------------------------------------------------------------
#  [FAIL] Incorrect Output at MODE: 1 , CMD:  9 
#  Inputs:	OPA: 212 , OPB: 194 , INP_VALID : 11 
#  Expected Result : RES: 41535 , COUT: 0 , OFLOW: 0 , EGL: 000 , ERR: 0 
#  DUT Result	: RES:   254 , COUT: 0 , OFLOW: 0 , EGL: 000 , ERR: 0 
# -----------------------------------------------------------------------
#  [PASS] Inputs: OPA: 214 , OPB: 140 , INP_VALID : 11 
#  Expected Result : RES: 30315 , COUT: 0 , OFLOW: 0 , EGL: 000 , ERR: 0 
#  DUT Result	: RES: 30315 , COUT: 0 , OFLOW: 0 , EGL: 000 , ERR: 0 
#  [PASS] Inputs: OPA: 173 , OPB: 213 , INP_VALID : 11 
#  Expected Result : RES: 37236 , COUT: 0 , OFLOW: 0 , EGL: 000 , ERR: 0 
#  DUT Result	: RES: 37236 , COUT: 0 , OFLOW: 0 , EGL: 000 , ERR: 0 
# -----------------------------------------------------------------------
#  [FAIL] Incorrect Output at MODE: 1 , CMD:  9 
#  Inputs:	OPA: 201 , OPB:  46 , INP_VALID : 11 
#  Expected Result : RES:  9494 , COUT: 0 , OFLOW: 0 , EGL: 000 , ERR: 0 
#  DUT Result	: RES: 37236 , COUT: 0 , OFLOW: 0 , EGL: 000 , ERR: 0 
# -----------------------------------------------------------------------
# -----------------------------------------------------------------------
#  [FAIL] Incorrect Output at MODE: 1 , CMD:  9 
#  Inputs:	OPA: 137 , OPB: 255 , INP_VALID : 11 
#  Expected Result : RES: 35328 , COUT: 0 , OFLOW: 0 , EGL: 000 , ERR: 0 
#  DUT Result	: RES:     0 , COUT: 0 , OFLOW: 0 , EGL: 000 , ERR: 0 
# -----------------------------------------------------------------------
#  [PASS] Inputs: OPA: 208 , OPB:  36 , INP_VALID : 11 
#  Expected Result : RES:  7733 , COUT: 0 , OFLOW: 0 , EGL: 000 , ERR: 0 
#  DUT Result	: RES:  7733 , COUT: 0 , OFLOW: 0 , EGL: 000 , ERR: 0 
# -----------------------------------------------------------------------
#  [FAIL] Incorrect Output at MODE: 1 , CMD:  9 
#  Inputs:	OPA: 206 , OPB: 150 , INP_VALID : 11 
#  Expected Result : RES: 31257 , COUT: 0 , OFLOW: 0 , EGL: 000 , ERR: 0 
#  DUT Result	: RES:  7733 , COUT: 0 , OFLOW: 0 , EGL: 000 , ERR: 0 
# -----------------------------------------------------------------------
#  [PASS] Inputs: OPA: 112 , OPB:  35 , INP_VALID : 11 
#  Expected Result : RES:  4068 , COUT: 0 , OFLOW: 0 , EGL: 000 , ERR: 0 
#  DUT Result	: RES:  4068 , COUT: 0 , OFLOW: 0 , EGL: 000 , ERR: 0 
#  [PASS] Inputs: OPA: 150 , OPB: 216 , INP_VALID : 11 
#  Expected Result : RES: 32767 , COUT: 0 , OFLOW: 0 , EGL: 000 , ERR: 0 
#  DUT Result	: RES: 32767 , COUT: 0 , OFLOW: 0 , EGL: 000 , ERR: 0 
# -----------------------------------------------------------------------
#  [FAIL] Incorrect Output at MODE: 1 , CMD:  9 
#  Inputs:	OPA: 159 , OPB: 217 , INP_VALID : 11 
#  Expected Result : RES: 34880 , COUT: 0 , OFLOW: 0 , EGL: 000 , ERR: 0 
#  DUT Result	: RES: 32767 , COUT: 0 , OFLOW: 0 , EGL: 000 , ERR: 0 
# -----------------------------------------------------------------------
#  [PASS] Inputs: OPA: 119 , OPB:  71 , INP_VALID : 11 
#  Expected Result : RES:  8640 , COUT: 0 , OFLOW: 0 , EGL: 000 , ERR: 0 
#  DUT Result	: RES:  8640 , COUT: 0 , OFLOW: 0 , EGL: 000 , ERR: 0 
#  [PASS] Inputs: OPA: 106 , OPB: 100 , INP_VALID : 11 
#  Expected Result : RES: 10807 , COUT: 0 , OFLOW: 0 , EGL: 000 , ERR: 0 
#  DUT Result	: RES: 10807 , COUT: 0 , OFLOW: 0 , EGL: 000 , ERR: 0 
# -----------------------------------------------------------------------
#  [FAIL] Incorrect Output at MODE: 1 , CMD:  9 
#  Inputs:	OPA:  47 , OPB:   3 , INP_VALID : 11 
#  Expected Result : RES:   192 , COUT: 0 , OFLOW: 0 , EGL: 000 , ERR: 0 
#  DUT Result	: RES: 10807 , COUT: 0 , OFLOW: 0 , EGL: 000 , ERR: 0 
# -----------------------------------------------------------------------
#  [PASS] Inputs: OPA:  75 , OPB: 230 , INP_VALID : 11 
#  Expected Result : RES: 17556 , COUT: 0 , OFLOW: 0 , EGL: 000 , ERR: 0 
#  DUT Result	: RES: 17556 , COUT: 0 , OFLOW: 0 , EGL: 000 , ERR: 0 
#  [PASS] Inputs: OPA: 224 , OPB: 203 , INP_VALID : 11 
#  Expected Result : RES: 45900 , COUT: 0 , OFLOW: 0 , EGL: 000 , ERR: 0 
#  DUT Result	: RES: 45900 , COUT: 0 , OFLOW: 0 , EGL: 000 , ERR: 0 
# -----------------------------------------------------------------------
#  [FAIL] Incorrect Output at MODE: 1 , CMD:  9 
#  Inputs:	OPA:   1 , OPB:  25 , INP_VALID : 11 
#  Expected Result : RES:    52 , COUT: 0 , OFLOW: 0 , EGL: 000 , ERR: 0 
#  DUT Result	: RES: 45900 , COUT: 0 , OFLOW: 0 , EGL: 000 , ERR: 0 
# -----------------------------------------------------------------------
#  [PASS] Inputs: OPA: 202 , OPB: 132 , INP_VALID : 11 
#  Expected Result : RES: 26999 , COUT: 0 , OFLOW: 0 , EGL: 000 , ERR: 0 
#  DUT Result	: RES: 26999 , COUT: 0 , OFLOW: 0 , EGL: 000 , ERR: 0 
#  [PASS] Inputs: OPA: 248 , OPB:  83 , INP_VALID : 11 
#  Expected Result : RES: 20916 , COUT: 0 , OFLOW: 0 , EGL: 000 , ERR: 0 
#  DUT Result	: RES: 20916 , COUT: 0 , OFLOW: 0 , EGL: 000 , ERR: 0 
# -----------------------------------------------------------------------
#  [FAIL] Incorrect Output at MODE: 1 , CMD:  9 
#  Inputs:	OPA: 150 , OPB:  10 , INP_VALID : 11 
#  Expected Result : RES:  1661 , COUT: 0 , OFLOW: 0 , EGL: 000 , ERR: 0 
#  DUT Result	: RES: 20916 , COUT: 0 , OFLOW: 0 , EGL: 000 , ERR: 0 
# -----------------------------------------------------------------------
#  [PASS] Inputs: OPA: 189 , OPB: 246 , INP_VALID : 11 
#  Expected Result : RES: 46930 , COUT: 0 , OFLOW: 0 , EGL: 000 , ERR: 0 
#  DUT Result	: RES: 46930 , COUT: 0 , OFLOW: 0 , EGL: 000 , ERR: 0 
#  [PASS] Inputs: OPA: 192 , OPB:  69 , INP_VALID : 11 
#  Expected Result : RES: 13510 , COUT: 0 , OFLOW: 0 , EGL: 000 , ERR: 0 
#  DUT Result	: RES: 13510 , COUT: 0 , OFLOW: 0 , EGL: 000 , ERR: 0 
# -----------------------------------------------------------------------
#  [FAIL] Incorrect Output at MODE: 1 , CMD:  9 
#  Inputs:	OPA: 139 , OPB: 130 , INP_VALID : 11 
#  Expected Result : RES: 18340 , COUT: 0 , OFLOW: 0 , EGL: 000 , ERR: 0 
#  DUT Result	: RES: 13510 , COUT: 0 , OFLOW: 0 , EGL: 000 , ERR: 0 
# -----------------------------------------------------------------------
#  [PASS] Inputs: OPA: 190 , OPB:  52 , INP_VALID : 11 
#  Expected Result : RES: 10123 , COUT: 0 , OFLOW: 0 , EGL: 000 , ERR: 0 
#  DUT Result	: RES: 10123 , COUT: 0 , OFLOW: 0 , EGL: 000 , ERR: 0 
#  [PASS] Inputs: OPA:  98 , OPB: 145 , INP_VALID : 11 
#  Expected Result : RES: 14454 , COUT: 0 , OFLOW: 0 , EGL: 000 , ERR: 0 
#  DUT Result	: RES: 14454 , COUT: 0 , OFLOW: 0 , EGL: 000 , ERR: 0 
# -----------------------------------------------------------------------
#  [FAIL] Incorrect Output at MODE: 1 , CMD:  9 
#  Inputs:	OPA: 134 , OPB:  74 , INP_VALID : 11 
#  Expected Result : RES: 10125 , COUT: 0 , OFLOW: 0 , EGL: 000 , ERR: 0 
#  DUT Result	: RES: 14454 , COUT: 0 , OFLOW: 0 , EGL: 000 , ERR: 0 
# -----------------------------------------------------------------------
#  [PASS] Inputs: OPA: 135 , OPB:  51 , INP_VALID : 11 
#  Expected Result : RES:  7072 , COUT: 0 , OFLOW: 0 , EGL: 000 , ERR: 0 
#  DUT Result	: RES:  7072 , COUT: 0 , OFLOW: 0 , EGL: 000 , ERR: 0 
#  [PASS] Inputs: OPA: 189 , OPB: 149 , INP_VALID : 11 
#  Expected Result : RES: 28500 , COUT: 0 , OFLOW: 0 , EGL: 000 , ERR: 0 
#  DUT Result	: RES: 28500 , COUT: 0 , OFLOW: 0 , EGL: 000 , ERR: 0 
# -----------------------------------------------------------------------
#  [FAIL] Incorrect Output at MODE: 1 , CMD:  9 
#  Inputs:	OPA:  44 , OPB:  64 , INP_VALID : 11 
#  Expected Result : RES:  2925 , COUT: 0 , OFLOW: 0 , EGL: 000 , ERR: 0 
#  DUT Result	: RES: 28500 , COUT: 0 , OFLOW: 0 , EGL: 000 , ERR: 0 
# -----------------------------------------------------------------------
#  [PASS] Inputs: OPA: 222 , OPB: 196 , INP_VALID : 11 
#  Expected Result : RES: 43931 , COUT: 0 , OFLOW: 0 , EGL: 000 , ERR: 0 
#  DUT Result	: RES: 43931 , COUT: 0 , OFLOW: 0 , EGL: 000 , ERR: 0 
#  [PASS] Inputs: OPA: 169 , OPB:   8 , INP_VALID : 11 
#  Expected Result : RES:  1530 , COUT: 0 , OFLOW: 0 , EGL: 000 , ERR: 0 
#  DUT Result	: RES:  1530 , COUT: 0 , OFLOW: 0 , EGL: 000 , ERR: 0 
# -----------------------------------------------------------------------
#  [FAIL] Incorrect Output at MODE: 1 , CMD:  9 
#  Inputs:	OPA:  78 , OPB:   3 , INP_VALID : 11 
#  Expected Result : RES:   316 , COUT: 0 , OFLOW: 0 , EGL: 000 , ERR: 0 
#  DUT Result	: RES:  1530 , COUT: 0 , OFLOW: 0 , EGL: 000 , ERR: 0 
# -----------------------------------------------------------------------
#  [PASS] Inputs: OPA: 177 , OPB:  56 , INP_VALID : 11 
#  Expected Result : RES: 10146 , COUT: 0 , OFLOW: 0 , EGL: 000 , ERR: 0 
#  DUT Result	: RES: 10146 , COUT: 0 , OFLOW: 0 , EGL: 000 , ERR: 0 
#  [PASS] Inputs: OPA: 238 , OPB: 222 , INP_VALID : 11 
#  Expected Result : RES: 53297 , COUT: 0 , OFLOW: 0 , EGL: 000 , ERR: 0 
#  DUT Result	: RES: 53297 , COUT: 0 , OFLOW: 0 , EGL: 000 , ERR: 0 
# -----------------------------------------------------------------------
#  [FAIL] Incorrect Output at MODE: 1 , CMD:  9 
#  Inputs:	OPA:  81 , OPB: 231 , INP_VALID : 11 
#  Expected Result : RES: 19024 , COUT: 0 , OFLOW: 0 , EGL: 000 , ERR: 0 
#  DUT Result	: RES: 53297 , COUT: 0 , OFLOW: 0 , EGL: 000 , ERR: 0 
# -----------------------------------------------------------------------
#  [PASS] Inputs: OPA: 210 , OPB: 111 , INP_VALID : 11 
#  Expected Result : RES: 23632 , COUT: 0 , OFLOW: 0 , EGL: 000 , ERR: 0 
#  DUT Result	: RES: 23632 , COUT: 0 , OFLOW: 0 , EGL: 000 , ERR: 0 
#  [PASS] Inputs: OPA:  16 , OPB:   2 , INP_VALID : 11 
#  Expected Result : RES:    51 , COUT: 0 , OFLOW: 0 , EGL: 000 , ERR: 0 
#  DUT Result	: RES:    51 , COUT: 0 , OFLOW: 0 , EGL: 000 , ERR: 0 
# -----------------------------------------------------------------------
#  [FAIL] Incorrect Output at MODE: 1 , CMD:  9 
#  Inputs:	OPA: 160 , OPB: 115 , INP_VALID : 11 
#  Expected Result : RES: 18676 , COUT: 0 , OFLOW: 0 , EGL: 000 , ERR: 0 
#  DUT Result	: RES:    51 , COUT: 0 , OFLOW: 0 , EGL: 000 , ERR: 0 
# -----------------------------------------------------------------------
#  [PASS] Inputs: OPA:  56 , OPB:  17 , INP_VALID : 11 
#  Expected Result : RES:  1026 , COUT: 0 , OFLOW: 0 , EGL: 000 , ERR: 0 
#  DUT Result	: RES:  1026 , COUT: 0 , OFLOW: 0 , EGL: 000 , ERR: 0 
#  [PASS] Inputs: OPA: 224 , OPB: 157 , INP_VALID : 11 
#  Expected Result : RES: 35550 , COUT: 0 , OFLOW: 0 , EGL: 000 , ERR: 0 
#  DUT Result	: RES: 35550 , COUT: 0 , OFLOW: 0 , EGL: 000 , ERR: 0 
# -----------------------------------------------------------------------
#  [FAIL] Incorrect Output at MODE: 1 , CMD:  9 
#  Inputs:	OPA: 213 , OPB: 253 , INP_VALID : 11 
#  Expected Result : RES: 54356 , COUT: 0 , OFLOW: 0 , EGL: 000 , ERR: 0 
#  DUT Result	: RES: 35550 , COUT: 0 , OFLOW: 0 , EGL: 000 , ERR: 0 
# -----------------------------------------------------------------------
#  [PASS] Inputs: OPA:  59 , OPB: 138 , INP_VALID : 11 
#  Expected Result : RES:  8340 , COUT: 0 , OFLOW: 0 , EGL: 000 , ERR: 0 
#  DUT Result	: RES:  8340 , COUT: 0 , OFLOW: 0 , EGL: 000 , ERR: 0 
#  [PASS] Inputs: OPA: 135 , OPB: 116 , INP_VALID : 11 
#  Expected Result : RES: 15912 , COUT: 0 , OFLOW: 0 , EGL: 000 , ERR: 0 
#  DUT Result	: RES: 15912 , COUT: 0 , OFLOW: 0 , EGL: 000 , ERR: 0 
# -----------------------------------------------------------------------
#  [FAIL] Incorrect Output at MODE: 1 , CMD:  9 
#  Inputs:	OPA: 211 , OPB: 144 , INP_VALID : 11 
#  Expected Result : RES: 30740 , COUT: 0 , OFLOW: 0 , EGL: 000 , ERR: 0 
#  DUT Result	: RES: 15912 , COUT: 0 , OFLOW: 0 , EGL: 000 , ERR: 0 
# -----------------------------------------------------------------------
#  [PASS] Inputs: OPA:  61 , OPB:  17 , INP_VALID : 11 
#  Expected Result : RES:  1116 , COUT: 0 , OFLOW: 0 , EGL: 000 , ERR: 0 
#  DUT Result	: RES:  1116 , COUT: 0 , OFLOW: 0 , EGL: 000 , ERR: 0 
#  [PASS] Inputs: OPA: 144 , OPB: 211 , INP_VALID : 11 
#  Expected Result : RES: 30740 , COUT: 0 , OFLOW: 0 , EGL: 000 , ERR: 0 
#  DUT Result	: RES: 30740 , COUT: 0 , OFLOW: 0 , EGL: 000 , ERR: 0 
# -----------------------------------------------------------------------
#  [FAIL] Incorrect Output at MODE: 1 , CMD:  9 
#  Inputs:	OPA: 199 , OPB:  10 , INP_VALID : 11 
#  Expected Result : RES:  2200 , COUT: 0 , OFLOW: 0 , EGL: 000 , ERR: 0 
#  DUT Result	: RES: 30740 , COUT: 0 , OFLOW: 0 , EGL: 000 , ERR: 0 
# -----------------------------------------------------------------------
#  [PASS] Inputs: OPA: 126 , OPB: 172 , INP_VALID : 11 
#  Expected Result : RES: 21971 , COUT: 0 , OFLOW: 0 , EGL: 000 , ERR: 0 
#  DUT Result	: RES: 21971 , COUT: 0 , OFLOW: 0 , EGL: 000 , ERR: 0 
#  [PASS] Inputs: OPA:  57 , OPB:  50 , INP_VALID : 11 
#  Expected Result : RES:  2958 , COUT: 0 , OFLOW: 0 , EGL: 000 , ERR: 0 
#  DUT Result	: RES:  2958 , COUT: 0 , OFLOW: 0 , EGL: 000 , ERR: 0 
# -----------------------------------------------------------------------
#  [FAIL] Incorrect Output at MODE: 1 , CMD:  9 
#  Inputs:	OPA: 175 , OPB: 247 , INP_VALID : 11 
#  Expected Result : RES: 43648 , COUT: 0 , OFLOW: 0 , EGL: 000 , ERR: 0 
#  DUT Result	: RES:  2958 , COUT: 0 , OFLOW: 0 , EGL: 000 , ERR: 0 
# -----------------------------------------------------------------------
#  [PASS] Inputs: OPA: 189 , OPB: 176 , INP_VALID : 11 
#  Expected Result : RES: 33630 , COUT: 0 , OFLOW: 0 , EGL: 000 , ERR: 0 
#  DUT Result	: RES: 33630 , COUT: 0 , OFLOW: 0 , EGL: 000 , ERR: 0 
#  [PASS] Inputs: OPA: 153 , OPB:  30 , INP_VALID : 11 
#  Expected Result : RES:  4774 , COUT: 0 , OFLOW: 0 , EGL: 000 , ERR: 0 
#  DUT Result	: RES:  4774 , COUT: 0 , OFLOW: 0 , EGL: 000 , ERR: 0 
# -----------------------------------------------------------------------
#  [FAIL] Incorrect Output at MODE: 1 , CMD:  9 
#  Inputs:	OPA: 233 , OPB: 238 , INP_VALID : 11 
#  Expected Result : RES: 55926 , COUT: 0 , OFLOW: 0 , EGL: 000 , ERR: 0 
#  DUT Result	: RES:  4774 , COUT: 0 , OFLOW: 0 , EGL: 000 , ERR: 0 
# -----------------------------------------------------------------------
#  [PASS] Inputs: OPA: 137 , OPB: 241 , INP_VALID : 11 
#  Expected Result : RES: 33396 , COUT: 0 , OFLOW: 0 , EGL: 000 , ERR: 0 
#  DUT Result	: RES: 33396 , COUT: 0 , OFLOW: 0 , EGL: 000 , ERR: 0 
#  [PASS] Inputs: OPA: 190 , OPB: 104 , INP_VALID : 11 
#  Expected Result : RES: 20055 , COUT: 0 , OFLOW: 0 , EGL: 000 , ERR: 0 
#  DUT Result	: RES: 20055 , COUT: 0 , OFLOW: 0 , EGL: 000 , ERR: 0 
# -----------------------------------------------------------------------
#  [FAIL] Incorrect Output at MODE: 1 , CMD:  9 
#  Inputs:	OPA:  42 , OPB: 140 , INP_VALID : 11 
#  Expected Result : RES:  6063 , COUT: 0 , OFLOW: 0 , EGL: 000 , ERR: 0 
#  DUT Result	: RES: 20055 , COUT: 0 , OFLOW: 0 , EGL: 000 , ERR: 0 
# -----------------------------------------------------------------------
#  [PASS] Inputs: OPA: 225 , OPB: 149 , INP_VALID : 11 
#  Expected Result : RES: 33900 , COUT: 0 , OFLOW: 0 , EGL: 000 , ERR: 0 
#  DUT Result	: RES: 33900 , COUT: 0 , OFLOW: 0 , EGL: 000 , ERR: 0 
#  [PASS] Inputs: OPA:  95 , OPB:  87 , INP_VALID : 11 
#  Expected Result : RES:  8448 , COUT: 0 , OFLOW: 0 , EGL: 000 , ERR: 0 
#  DUT Result	: RES:  8448 , COUT: 0 , OFLOW: 0 , EGL: 000 , ERR: 0 
# -----------------------------------------------------------------------
#  [FAIL] Incorrect Output at MODE: 1 , CMD:  9 
#  Inputs:	OPA: 115 , OPB:  96 , INP_VALID : 11 
#  Expected Result : RES: 11252 , COUT: 0 , OFLOW: 0 , EGL: 000 , ERR: 0 
#  DUT Result	: RES:  8448 , COUT: 0 , OFLOW: 0 , EGL: 000 , ERR: 0 
# -----------------------------------------------------------------------
#  [PASS] Inputs: OPA: 127 , OPB: 147 , INP_VALID : 11 
#  Expected Result : RES: 18944 , COUT: 0 , OFLOW: 0 , EGL: 000 , ERR: 0 
#  DUT Result	: RES: 18944 , COUT: 0 , OFLOW: 0 , EGL: 000 , ERR: 0 
#  [PASS] Inputs: OPA: 245 , OPB:  60 , INP_VALID : 11 
#  Expected Result : RES: 15006 , COUT: 0 , OFLOW: 0 , EGL: 000 , ERR: 0 
#  DUT Result	: RES: 15006 , COUT: 0 , OFLOW: 0 , EGL: 000 , ERR: 0 
# -----------------------------------------------------------------------
#  [FAIL] Incorrect Output at MODE: 1 , CMD:  9 
#  Inputs:	OPA: 116 , OPB: 184 , INP_VALID : 11 
#  Expected Result : RES: 21645 , COUT: 0 , OFLOW: 0 , EGL: 000 , ERR: 0 
#  DUT Result	: RES: 15006 , COUT: 0 , OFLOW: 0 , EGL: 000 , ERR: 0 
# -----------------------------------------------------------------------
#  [PASS] Inputs: OPA: 164 , OPB: 176 , INP_VALID : 11 
#  Expected Result : RES: 29205 , COUT: 0 , OFLOW: 0 , EGL: 000 , ERR: 0 
#  DUT Result	: RES: 29205 , COUT: 0 , OFLOW: 0 , EGL: 000 , ERR: 0 
#  [PASS] Inputs: OPA: 234 , OPB:  35 , INP_VALID : 11 
#  Expected Result : RES:  8460 , COUT: 0 , OFLOW: 0 , EGL: 000 , ERR: 0 
#  DUT Result	: RES:  8460 , COUT: 0 , OFLOW: 0 , EGL: 000 , ERR: 0 
# -----------------------------------------------------------------------
#  [FAIL] Incorrect Output at MODE: 1 , CMD:  9 
#  Inputs:	OPA: 229 , OPB:  49 , INP_VALID : 11 
#  Expected Result : RES: 11500 , COUT: 0 , OFLOW: 0 , EGL: 000 , ERR: 0 
#  DUT Result	: RES:  8460 , COUT: 0 , OFLOW: 0 , EGL: 000 , ERR: 0 
# -----------------------------------------------------------------------
#  [PASS] Inputs: OPA: 221 , OPB: 239 , INP_VALID : 11 
#  Expected Result : RES: 53280 , COUT: 0 , OFLOW: 0 , EGL: 000 , ERR: 0 
#  DUT Result	: RES: 53280 , COUT: 0 , OFLOW: 0 , EGL: 000 , ERR: 0 
#  [PASS] Inputs: OPA:  13 , OPB:  51 , INP_VALID : 11 
#  Expected Result : RES:   728 , COUT: 0 , OFLOW: 0 , EGL: 000 , ERR: 0 
#  DUT Result	: RES:   728 , COUT: 0 , OFLOW: 0 , EGL: 000 , ERR: 0 
# -----------------------------------------------------------------------
#  [FAIL] Incorrect Output at MODE: 1 , CMD:  9 
#  Inputs:	OPA: 229 , OPB:  59 , INP_VALID : 11 
#  Expected Result : RES: 13800 , COUT: 0 , OFLOW: 0 , EGL: 000 , ERR: 0 
#  DUT Result	: RES:   728 , COUT: 0 , OFLOW: 0 , EGL: 000 , ERR: 0 
# -----------------------------------------------------------------------
#  [PASS] Inputs: OPA: 152 , OPB:  18 , INP_VALID : 11 
#  Expected Result : RES:  2907 , COUT: 0 , OFLOW: 0 , EGL: 000 , ERR: 0 
#  DUT Result	: RES:  2907 , COUT: 0 , OFLOW: 0 , EGL: 000 , ERR: 0 
#  [PASS] Inputs: OPA: 227 , OPB: 173 , INP_VALID : 11 
#  Expected Result : RES: 39672 , COUT: 0 , OFLOW: 0 , EGL: 000 , ERR: 0 
#  DUT Result	: RES: 39672 , COUT: 0 , OFLOW: 0 , EGL: 000 , ERR: 0 
# -----------------------------------------------------------------------
#  [FAIL] Incorrect Output at MODE: 1 , CMD:  9 
#  Inputs:	OPA: 191 , OPB:  99 , INP_VALID : 11 
#  Expected Result : RES: 19200 , COUT: 0 , OFLOW: 0 , EGL: 000 , ERR: 0 
#  DUT Result	: RES: 39672 , COUT: 0 , OFLOW: 0 , EGL: 000 , ERR: 0 
# -----------------------------------------------------------------------
#  [PASS] Inputs: OPA: 194 , OPB:  13 , INP_VALID : 11 
#  Expected Result : RES:  2730 , COUT: 0 , OFLOW: 0 , EGL: 000 , ERR: 0 
#  DUT Result	: RES:  2730 , COUT: 0 , OFLOW: 0 , EGL: 000 , ERR: 0 
#  [PASS] Inputs: OPA:  75 , OPB:  40 , INP_VALID : 11 
#  Expected Result : RES:  6000 , COUT: 0 , OFLOW: 0 , EGL: 000 , ERR: 0 
#  DUT Result	: RES:  6000 , COUT: 0 , OFLOW: 0 , EGL: 000 , ERR: 0 
# -----------------------------------------------------------------------
#  [FAIL] Incorrect Output at MODE: 1 , CMD: 10 
#  Inputs:	OPA: 204 , OPB: 252 , INP_VALID : 11 
#  Expected Result : RES: 37280 , COUT: 0 , OFLOW: 0 , EGL: 000 , ERR: 0 
#  DUT Result	: RES: 38304 , COUT: 0 , OFLOW: 0 , EGL: 000 , ERR: 0 
# -----------------------------------------------------------------------
# -----------------------------------------------------------------------
#  [FAIL] Incorrect Output at MODE: 1 , CMD: 10 
#  Inputs:	OPA:  34 , OPB: 161 , INP_VALID : 11 
#  Expected Result : RES: 10948 , COUT: 0 , OFLOW: 0 , EGL: 000 , ERR: 0 
#  DUT Result	: RES: 24472 , COUT: 0 , OFLOW: 0 , EGL: 000 , ERR: 0 
# -----------------------------------------------------------------------
# -----------------------------------------------------------------------
#  [FAIL] Incorrect Output at MODE: 1 , CMD: 10 
#  Inputs:	OPA: 151 , OPB:  22 , INP_VALID : 11 
#  Expected Result : RES:  6644 , COUT: 0 , OFLOW: 0 , EGL: 000 , ERR: 0 
#  DUT Result	: RES:  1012 , COUT: 0 , OFLOW: 0 , EGL: 000 , ERR: 0 
# -----------------------------------------------------------------------
#  [PASS] Inputs: OPA: 101 , OPB:  52 , INP_VALID : 11 
#  Expected Result : RES: 10504 , COUT: 0 , OFLOW: 0 , EGL: 000 , ERR: 0 
#  DUT Result	: RES: 10504 , COUT: 0 , OFLOW: 0 , EGL: 000 , ERR: 0 
# -----------------------------------------------------------------------
#  [FAIL] Incorrect Output at MODE: 1 , CMD: 10 
#  Inputs:	OPA: 144 , OPB:   9 , INP_VALID : 11 
#  Expected Result : RES:  2592 , COUT: 0 , OFLOW: 0 , EGL: 000 , ERR: 0 
#  DUT Result	: RES:  1818 , COUT: 0 , OFLOW: 0 , EGL: 000 , ERR: 0 
# -----------------------------------------------------------------------
#  [PASS] Inputs: OPA:  17 , OPB: 207 , INP_VALID : 11 
#  Expected Result : RES:  7038 , COUT: 0 , OFLOW: 0 , EGL: 000 , ERR: 0 
#  DUT Result	: RES:  7038 , COUT: 0 , OFLOW: 0 , EGL: 000 , ERR: 0 
# -----------------------------------------------------------------------
#  [FAIL] Incorrect Output at MODE: 1 , CMD: 10 
#  Inputs:	OPA: 135 , OPB:  46 , INP_VALID : 11 
#  Expected Result : RES: 12420 , COUT: 0 , OFLOW: 0 , EGL: 000 , ERR: 0 
#  DUT Result	: RES:   644 , COUT: 0 , OFLOW: 0 , EGL: 000 , ERR: 0 
# -----------------------------------------------------------------------
# -----------------------------------------------------------------------
#  [FAIL] Incorrect Output at MODE: 1 , CMD: 10 
#  Inputs:	OPA:  65 , OPB:  84 , INP_VALID : 11 
#  Expected Result : RES: 10920 , COUT: 0 , OFLOW: 0 , EGL: 000 , ERR: 0 
#  DUT Result	: RES:  1176 , COUT: 0 , OFLOW: 0 , EGL: 000 , ERR: 0 
# -----------------------------------------------------------------------
#  [PASS] Inputs: OPA:  69 , OPB:   0 , INP_VALID : 11 
#  Expected Result : RES:     0 , COUT: 0 , OFLOW: 0 , EGL: 000 , ERR: 0 
#  DUT Result	: RES:     0 , COUT: 0 , OFLOW: 0 , EGL: 000 , ERR: 0 
#  [PASS] Inputs: OPA:  41 , OPB: 168 , INP_VALID : 11 
#  Expected Result : RES: 13776 , COUT: 0 , OFLOW: 0 , EGL: 000 , ERR: 0 
#  DUT Result	: RES: 13776 , COUT: 0 , OFLOW: 0 , EGL: 000 , ERR: 0 
# -----------------------------------------------------------------------
#  [FAIL] Incorrect Output at MODE: 1 , CMD: 10 
#  Inputs:	OPA:  18 , OPB:  26 , INP_VALID : 11 
#  Expected Result : RES:   936 , COUT: 0 , OFLOW: 0 , EGL: 000 , ERR: 0 
#  DUT Result	: RES:  2132 , COUT: 0 , OFLOW: 0 , EGL: 000 , ERR: 0 
# -----------------------------------------------------------------------
# -----------------------------------------------------------------------
#  [FAIL] Incorrect Output at MODE: 1 , CMD: 10 
#  Inputs:	OPA: 183 , OPB:  36 , INP_VALID : 11 
#  Expected Result : RES: 13176 , COUT: 0 , OFLOW: 0 , EGL: 000 , ERR: 0 
#  DUT Result	: RES:  3960 , COUT: 0 , OFLOW: 0 , EGL: 000 , ERR: 0 
# -----------------------------------------------------------------------
# -----------------------------------------------------------------------
#  [FAIL] Incorrect Output at MODE: 1 , CMD: 10 
#  Inputs:	OPA: 188 , OPB:  50 , INP_VALID : 11 
#  Expected Result : RES: 18800 , COUT: 0 , OFLOW: 0 , EGL: 000 , ERR: 0 
#  DUT Result	: RES:  6000 , COUT: 0 , OFLOW: 0 , EGL: 000 , ERR: 0 
# -----------------------------------------------------------------------
# -----------------------------------------------------------------------
#  [FAIL] Incorrect Output at MODE: 1 , CMD: 10 
#  Inputs:	OPA: 190 , OPB: 185 , INP_VALID : 11 
#  Expected Result : RES:  4764 , COUT: 0 , OFLOW: 0 , EGL: 000 , ERR: 0 
#  DUT Result	: RES: 22200 , COUT: 0 , OFLOW: 0 , EGL: 000 , ERR: 0 
# -----------------------------------------------------------------------
# -----------------------------------------------------------------------
#  [FAIL] Incorrect Output at MODE: 1 , CMD: 10 
#  Inputs:	OPA: 150 , OPB: 165 , INP_VALID : 11 
#  Expected Result : RES: 49500 , COUT: 0 , OFLOW: 0 , EGL: 000 , ERR: 0 
#  DUT Result	: RES:  7260 , COUT: 0 , OFLOW: 0 , EGL: 000 , ERR: 0 
# -----------------------------------------------------------------------
# -----------------------------------------------------------------------
#  [FAIL] Incorrect Output at MODE: 1 , CMD: 10 
#  Inputs:	OPA: 175 , OPB: 204 , INP_VALID : 11 
#  Expected Result : RES:  5864 , COUT: 0 , OFLOW: 0 , EGL: 000 , ERR: 0 
#  DUT Result	: RES: 19176 , COUT: 0 , OFLOW: 0 , EGL: 000 , ERR: 0 
# -----------------------------------------------------------------------
# -----------------------------------------------------------------------
#  [FAIL] Incorrect Output at MODE: 1 , CMD: 10 
#  Inputs:	OPA:  44 , OPB: 105 , INP_VALID : 11 
#  Expected Result : RES:  9240 , COUT: 0 , OFLOW: 0 , EGL: 000 , ERR: 0 
#  DUT Result	: RES:  9870 , COUT: 0 , OFLOW: 0 , EGL: 000 , ERR: 0 
# -----------------------------------------------------------------------
# -----------------------------------------------------------------------
#  [FAIL] Incorrect Output at MODE: 1 , CMD: 10 
#  Inputs:	OPA: 146 , OPB: 104 , INP_VALID : 11 
#  Expected Result : RES: 30368 , COUT: 0 , OFLOW: 0 , EGL: 000 , ERR: 0 
#  DUT Result	: RES:  3744 , COUT: 0 , OFLOW: 0 , EGL: 000 , ERR: 0 
# -----------------------------------------------------------------------
# -----------------------------------------------------------------------
#  [FAIL] Incorrect Output at MODE: 1 , CMD: 10 
#  Inputs:	OPA: 167 , OPB: 208 , INP_VALID : 11 
#  Expected Result : RES:  3936 , COUT: 0 , OFLOW: 0 , EGL: 000 , ERR: 0 
#  DUT Result	: RES: 16224 , COUT: 0 , OFLOW: 0 , EGL: 000 , ERR: 0 
# -----------------------------------------------------------------------
# -----------------------------------------------------------------------
#  [FAIL] Incorrect Output at MODE: 1 , CMD: 10 
#  Inputs:	OPA: 120 , OPB:  24 , INP_VALID : 11 
#  Expected Result : RES:  5760 , COUT: 0 , OFLOW: 0 , EGL: 000 , ERR: 0 
#  DUT Result	: RES:  1872 , COUT: 0 , OFLOW: 0 , EGL: 000 , ERR: 0 
# -----------------------------------------------------------------------
#  [PASS] Inputs: OPA: 101 , OPB: 146 , INP_VALID : 11 
#  Expected Result : RES: 29492 , COUT: 0 , OFLOW: 0 , EGL: 000 , ERR: 0 
#  DUT Result	: RES: 29492 , COUT: 0 , OFLOW: 0 , EGL: 000 , ERR: 0 
# -----------------------------------------------------------------------
#  [FAIL] Incorrect Output at MODE: 1 , CMD: 10 
#  Inputs:	OPA: 202 , OPB: 235 , INP_VALID : 11 
#  Expected Result : RES: 29404 , COUT: 0 , OFLOW: 0 , EGL: 000 , ERR: 0 
#  DUT Result	: RES: 34780 , COUT: 0 , OFLOW: 0 , EGL: 000 , ERR: 0 
# -----------------------------------------------------------------------
# -----------------------------------------------------------------------
#  [FAIL] Incorrect Output at MODE: 1 , CMD: 10 
#  Inputs:	OPA: 102 , OPB:  24 , INP_VALID : 11 
#  Expected Result : RES:  4896 , COUT: 0 , OFLOW: 0 , EGL: 000 , ERR: 0 
#  DUT Result	: RES:  3552 , COUT: 0 , OFLOW: 0 , EGL: 000 , ERR: 0 
# -----------------------------------------------------------------------
#  [PASS] Inputs: OPA:  58 , OPB:  75 , INP_VALID : 11 
#  Expected Result : RES:  8700 , COUT: 0 , OFLOW: 0 , EGL: 000 , ERR: 0 
#  DUT Result	: RES:  8700 , COUT: 0 , OFLOW: 0 , EGL: 000 , ERR: 0 
#  [PASS] Inputs: OPA:  86 , OPB: 156 , INP_VALID : 11 
#  Expected Result : RES: 26832 , COUT: 0 , OFLOW: 0 , EGL: 000 , ERR: 0 
#  DUT Result	: RES: 26832 , COUT: 0 , OFLOW: 0 , EGL: 000 , ERR: 0 
# -----------------------------------------------------------------------
#  [FAIL] Incorrect Output at MODE: 1 , CMD: 10 
#  Inputs:	OPA:  46 , OPB: 161 , INP_VALID : 11 
#  Expected Result : RES: 14812 , COUT: 0 , OFLOW: 0 , EGL: 000 , ERR: 0 
#  DUT Result	: RES: 27692 , COUT: 0 , OFLOW: 0 , EGL: 000 , ERR: 0 
# -----------------------------------------------------------------------
# -----------------------------------------------------------------------
#  [FAIL] Incorrect Output at MODE: 1 , CMD: 10 
#  Inputs:	OPA: 129 , OPB:  91 , INP_VALID : 11 
#  Expected Result : RES: 23478 , COUT: 0 , OFLOW: 0 , EGL: 000 , ERR: 0 
#  DUT Result	: RES:   182 , COUT: 0 , OFLOW: 0 , EGL: 000 , ERR: 0 
# -----------------------------------------------------------------------
#  [PASS] Inputs: OPA:  74 , OPB: 209 , INP_VALID : 11 
#  Expected Result : RES: 30932 , COUT: 0 , OFLOW: 0 , EGL: 000 , ERR: 0 
#  DUT Result	: RES: 30932 , COUT: 0 , OFLOW: 0 , EGL: 000 , ERR: 0 
# -----------------------------------------------------------------------
#  [FAIL] Incorrect Output at MODE: 1 , CMD: 10 
#  Inputs:	OPA: 107 , OPB: 208 , INP_VALID : 11 
#  Expected Result : RES: 44512 , COUT: 0 , OFLOW: 0 , EGL: 000 , ERR: 0 
#  DUT Result	: RES: 30784 , COUT: 0 , OFLOW: 0 , EGL: 000 , ERR: 0 
# -----------------------------------------------------------------------
#  [PASS] Inputs: OPA:  57 , OPB: 162 , INP_VALID : 11 
#  Expected Result : RES: 18468 , COUT: 0 , OFLOW: 0 , EGL: 000 , ERR: 0 
#  DUT Result	: RES: 18468 , COUT: 0 , OFLOW: 0 , EGL: 000 , ERR: 0 
#  [PASS] Inputs: OPA:   0 , OPB: 107 , INP_VALID : 11 
#  Expected Result : RES:     0 , COUT: 0 , OFLOW: 0 , EGL: 000 , ERR: 0 
#  DUT Result	: RES:     0 , COUT: 0 , OFLOW: 0 , EGL: 000 , ERR: 0 
# -----------------------------------------------------------------------
#  [FAIL] Incorrect Output at MODE: 1 , CMD: 10 
#  Inputs:	OPA: 150 , OPB: 118 , INP_VALID : 11 
#  Expected Result : RES: 35400 , COUT: 0 , OFLOW: 0 , EGL: 000 , ERR: 0 
#  DUT Result	: RES:     0 , COUT: 0 , OFLOW: 0 , EGL: 000 , ERR: 0 
# -----------------------------------------------------------------------
# -----------------------------------------------------------------------
#  [FAIL] Incorrect Output at MODE: 1 , CMD: 10 
#  Inputs:	OPA: 153 , OPB:  92 , INP_VALID : 11 
#  Expected Result : RES: 28152 , COUT: 0 , OFLOW: 0 , EGL: 000 , ERR: 0 
#  DUT Result	: RES:  4600 , COUT: 0 , OFLOW: 0 , EGL: 000 , ERR: 0 
# -----------------------------------------------------------------------
#  [PASS] Inputs: OPA:   6 , OPB:  14 , INP_VALID : 11 
#  Expected Result : RES:   168 , COUT: 0 , OFLOW: 0 , EGL: 000 , ERR: 0 
#  DUT Result	: RES:   168 , COUT: 0 , OFLOW: 0 , EGL: 000 , ERR: 0 
# -----------------------------------------------------------------------
#  [FAIL] Incorrect Output at MODE: 1 , CMD: 10 
#  Inputs:	OPA: 140 , OPB: 211 , INP_VALID : 11 
#  Expected Result : RES: 59080 , COUT: 0 , OFLOW: 0 , EGL: 000 , ERR: 0 
#  DUT Result	: RES:  2532 , COUT: 0 , OFLOW: 0 , EGL: 000 , ERR: 0 
# -----------------------------------------------------------------------
#  [PASS] Inputs: OPA:  17 , OPB:  79 , INP_VALID : 11 
#  Expected Result : RES:  2686 , COUT: 0 , OFLOW: 0 , EGL: 000 , ERR: 0 
#  DUT Result	: RES:  2686 , COUT: 0 , OFLOW: 0 , EGL: 000 , ERR: 0 
# -----------------------------------------------------------------------
#  [FAIL] Incorrect Output at MODE: 1 , CMD: 10 
#  Inputs:	OPA: 135 , OPB: 108 , INP_VALID : 11 
#  Expected Result : RES: 29160 , COUT: 0 , OFLOW: 0 , EGL: 000 , ERR: 0 
#  DUT Result	: RES:  1512 , COUT: 0 , OFLOW: 0 , EGL: 000 , ERR: 0 
# -----------------------------------------------------------------------
# -----------------------------------------------------------------------
#  [FAIL] Incorrect Output at MODE: 1 , CMD: 10 
#  Inputs:	OPA: 150 , OPB: 217 , INP_VALID : 11 
#  Expected Result : RES: 65100 , COUT: 0 , OFLOW: 0 , EGL: 000 , ERR: 0 
#  DUT Result	: RES:  3038 , COUT: 0 , OFLOW: 0 , EGL: 000 , ERR: 0 
# -----------------------------------------------------------------------
#  [PASS] Inputs: OPA:  84 , OPB: 207 , INP_VALID : 11 
#  Expected Result : RES: 34776 , COUT: 0 , OFLOW: 0 , EGL: 000 , ERR: 0 
#  DUT Result	: RES: 34776 , COUT: 0 , OFLOW: 0 , EGL: 000 , ERR: 0 
#  [PASS] Inputs: OPA:  66 , OPB: 253 , INP_VALID : 11 
#  Expected Result : RES: 33396 , COUT: 0 , OFLOW: 0 , EGL: 000 , ERR: 0 
#  DUT Result	: RES: 33396 , COUT: 0 , OFLOW: 0 , EGL: 000 , ERR: 0 
# -----------------------------------------------------------------------
#  [FAIL] Incorrect Output at MODE: 1 , CMD: 10 
#  Inputs:	OPA: 187 , OPB: 145 , INP_VALID : 11 
#  Expected Result : RES: 54230 , COUT: 0 , OFLOW: 0 , EGL: 000 , ERR: 0 
#  DUT Result	: RES: 19140 , COUT: 0 , OFLOW: 0 , EGL: 000 , ERR: 0 
# -----------------------------------------------------------------------
# -----------------------------------------------------------------------
#  [FAIL] Incorrect Output at MODE: 1 , CMD: 10 
#  Inputs:	OPA: 140 , OPB: 166 , INP_VALID : 11 
#  Expected Result : RES: 46480 , COUT: 0 , OFLOW: 0 , EGL: 000 , ERR: 0 
#  DUT Result	: RES:  3984 , COUT: 0 , OFLOW: 0 , EGL: 000 , ERR: 0 
# -----------------------------------------------------------------------
#  [PASS] Inputs: OPA:  55 , OPB:  12 , INP_VALID : 11 
#  Expected Result : RES:  1320 , COUT: 0 , OFLOW: 0 , EGL: 000 , ERR: 0 
#  DUT Result	: RES:  1320 , COUT: 0 , OFLOW: 0 , EGL: 000 , ERR: 0 
# -----------------------------------------------------------------------
#  [FAIL] Incorrect Output at MODE: 1 , CMD: 10 
#  Inputs:	OPA: 221 , OPB: 102 , INP_VALID : 11 
#  Expected Result : RES: 45084 , COUT: 0 , OFLOW: 0 , EGL: 000 , ERR: 0 
#  DUT Result	: RES: 11220 , COUT: 0 , OFLOW: 0 , EGL: 000 , ERR: 0 
# -----------------------------------------------------------------------
#  [PASS] Inputs: OPA:  46 , OPB: 182 , INP_VALID : 11 
#  Expected Result : RES: 16744 , COUT: 0 , OFLOW: 0 , EGL: 000 , ERR: 0 
#  DUT Result	: RES: 16744 , COUT: 0 , OFLOW: 0 , EGL: 000 , ERR: 0 
# -----------------------------------------------------------------------
#  [FAIL] Incorrect Output at MODE: 1 , CMD: 10 
#  Inputs:	OPA: 205 , OPB: 119 , INP_VALID : 11 
#  Expected Result : RES: 48790 , COUT: 0 , OFLOW: 0 , EGL: 000 , ERR: 0 
#  DUT Result	: RES: 18326 , COUT: 0 , OFLOW: 0 , EGL: 000 , ERR: 0 
# -----------------------------------------------------------------------
# -----------------------------------------------------------------------
#  [FAIL] Incorrect Output at MODE: 1 , CMD: 10 
#  Inputs:	OPA: 104 , OPB:  47 , INP_VALID : 11 
#  Expected Result : RES:  9776 , COUT: 0 , OFLOW: 0 , EGL: 000 , ERR: 0 
#  DUT Result	: RES:  7238 , COUT: 0 , OFLOW: 0 , EGL: 000 , ERR: 0 
# -----------------------------------------------------------------------
# -----------------------------------------------------------------------
#  [FAIL] Incorrect Output at MODE: 1 , CMD: 10 
#  Inputs:	OPA: 158 , OPB: 162 , INP_VALID : 11 
#  Expected Result : RES: 51192 , COUT: 0 , OFLOW: 0 , EGL: 000 , ERR: 0 
#  DUT Result	: RES:  9720 , COUT: 0 , OFLOW: 0 , EGL: 000 , ERR: 0 
# -----------------------------------------------------------------------
#  [PASS] Inputs: OPA:  59 , OPB: 120 , INP_VALID : 11 
#  Expected Result : RES: 14160 , COUT: 0 , OFLOW: 0 , EGL: 000 , ERR: 0 
#  DUT Result	: RES: 14160 , COUT: 0 , OFLOW: 0 , EGL: 000 , ERR: 0 
# -----------------------------------------------------------------------
#  [FAIL] Incorrect Output at MODE: 1 , CMD: 10 
#  Inputs:	OPA:  39 , OPB: 180 , INP_VALID : 11 
#  Expected Result : RES: 14040 , COUT: 0 , OFLOW: 0 , EGL: 000 , ERR: 0 
#  DUT Result	: RES: 21240 , COUT: 0 , OFLOW: 0 , EGL: 000 , ERR: 0 
# -----------------------------------------------------------------------
#  [PASS] Inputs: OPA:  26 , OPB: 176 , INP_VALID : 11 
#  Expected Result : RES:  9152 , COUT: 0 , OFLOW: 0 , EGL: 000 , ERR: 0 
#  DUT Result	: RES:  9152 , COUT: 0 , OFLOW: 0 , EGL: 000 , ERR: 0 
#  [PASS] Inputs: OPA:  47 , OPB:  48 , INP_VALID : 11 
#  Expected Result : RES:  4512 , COUT: 0 , OFLOW: 0 , EGL: 000 , ERR: 0 
#  DUT Result	: RES:  4512 , COUT: 0 , OFLOW: 0 , EGL: 000 , ERR: 0 
# -----------------------------------------------------------------------
#  [FAIL] Incorrect Output at MODE: 1 , CMD: 10 
#  Inputs:	OPA:  70 , OPB:  38 , INP_VALID : 11 
#  Expected Result : RES:  5320 , COUT: 0 , OFLOW: 0 , EGL: 000 , ERR: 0 
#  DUT Result	: RES:  3572 , COUT: 0 , OFLOW: 0 , EGL: 000 , ERR: 0 
# -----------------------------------------------------------------------
#  [PASS] Inputs: OPA: 111 , OPB:  92 , INP_VALID : 11 
#  Expected Result : RES: 20424 , COUT: 0 , OFLOW: 0 , EGL: 000 , ERR: 0 
#  DUT Result	: RES: 20424 , COUT: 0 , OFLOW: 0 , EGL: 000 , ERR: 0 
#  [PASS] Inputs: OPA: 120 , OPB:   9 , INP_VALID : 11 
#  Expected Result : RES:  2160 , COUT: 0 , OFLOW: 0 , EGL: 000 , ERR: 0 
#  DUT Result	: RES:  2160 , COUT: 0 , OFLOW: 0 , EGL: 000 , ERR: 0 
# -----------------------------------------------------------------------
#  [FAIL] Incorrect Output at MODE: 1 , CMD: 10 
#  Inputs:	OPA: 104 , OPB:  33 , INP_VALID : 11 
#  Expected Result : RES:  6864 , COUT: 0 , OFLOW: 0 , EGL: 000 , ERR: 0 
#  DUT Result	: RES:  7920 , COUT: 0 , OFLOW: 0 , EGL: 000 , ERR: 0 
# -----------------------------------------------------------------------
#  [PASS] Inputs: OPA:   2 , OPB:  37 , INP_VALID : 11 
#  Expected Result : RES:   148 , COUT: 0 , OFLOW: 0 , EGL: 000 , ERR: 0 
#  DUT Result	: RES:   148 , COUT: 0 , OFLOW: 0 , EGL: 000 , ERR: 0 
#  [PASS] Inputs: OPA:  43 , OPB: 216 , INP_VALID : 11 
#  Expected Result : RES: 18576 , COUT: 0 , OFLOW: 0 , EGL: 000 , ERR: 0 
#  DUT Result	: RES: 18576 , COUT: 0 , OFLOW: 0 , EGL: 000 , ERR: 0 
# -----------------------------------------------------------------------
#  [FAIL] Incorrect Output at MODE: 1 , CMD: 10 
#  Inputs:	OPA: 124 , OPB: 201 , INP_VALID : 11 
#  Expected Result : RES: 49848 , COUT: 0 , OFLOW: 0 , EGL: 000 , ERR: 0 
#  DUT Result	: RES: 17286 , COUT: 0 , OFLOW: 0 , EGL: 000 , ERR: 0 
# -----------------------------------------------------------------------
# -----------------------------------------------------------------------
#  [FAIL] Incorrect Output at MODE: 1 , CMD: 10 
#  Inputs:	OPA: 166 , OPB: 104 , INP_VALID : 11 
#  Expected Result : RES: 34528 , COUT: 0 , OFLOW: 0 , EGL: 000 , ERR: 0 
#  DUT Result	: RES:  7904 , COUT: 0 , OFLOW: 0 , EGL: 000 , ERR: 0 
# -----------------------------------------------------------------------
# -----------------------------------------------------------------------
#  [FAIL] Incorrect Output at MODE: 1 , CMD: 10 
#  Inputs:	OPA: 203 , OPB:  22 , INP_VALID : 11 
#  Expected Result : RES:  8932 , COUT: 0 , OFLOW: 0 , EGL: 000 , ERR: 0 
#  DUT Result	: RES:  3300 , COUT: 0 , OFLOW: 0 , EGL: 000 , ERR: 0 
# -----------------------------------------------------------------------
# -----------------------------------------------------------------------
#  [FAIL] Incorrect Output at MODE: 1 , CMD: 10 
#  Inputs:	OPA:  83 , OPB:  78 , INP_VALID : 11 
#  Expected Result : RES: 12948 , COUT: 0 , OFLOW: 0 , EGL: 000 , ERR: 0 
#  DUT Result	: RES: 11700 , COUT: 0 , OFLOW: 0 , EGL: 000 , ERR: 0 
# -----------------------------------------------------------------------
# -----------------------------------------------------------------------
#  [FAIL] Incorrect Output at MODE: 1 , CMD: 10 
#  Inputs:	OPA: 223 , OPB: 149 , INP_VALID : 11 
#  Expected Result : RES:   918 , COUT: 0 , OFLOW: 0 , EGL: 000 , ERR: 0 
#  DUT Result	: RES: 28310 , COUT: 0 , OFLOW: 0 , EGL: 000 , ERR: 0 
# -----------------------------------------------------------------------
# -----------------------------------------------------------------------
#  [FAIL] Incorrect Output at MODE: 1 , CMD: 10 
#  Inputs:	OPA: 146 , OPB: 239 , INP_VALID : 11 
#  Expected Result : RES:  4252 , COUT: 0 , OFLOW: 0 , EGL: 000 , ERR: 0 
#  DUT Result	: RES:  8604 , COUT: 0 , OFLOW: 0 , EGL: 000 , ERR: 0 
# -----------------------------------------------------------------------
# -----------------------------------------------------------------------
#  [FAIL] Incorrect Output at MODE: 1 , CMD: 10 
#  Inputs:	OPA: 236 , OPB: 110 , INP_VALID : 11 
#  Expected Result : RES: 51920 , COUT: 0 , OFLOW: 0 , EGL: 000 , ERR: 0 
#  DUT Result	: RES:  3960 , COUT: 0 , OFLOW: 0 , EGL: 000 , ERR: 0 
# -----------------------------------------------------------------------
#  [PASS] Inputs: OPA:  36 , OPB: 226 , INP_VALID : 11 
#  Expected Result : RES: 16272 , COUT: 0 , OFLOW: 0 , EGL: 000 , ERR: 0 
#  DUT Result	: RES: 16272 , COUT: 0 , OFLOW: 0 , EGL: 000 , ERR: 0 
# -----------------------------------------------------------------------
#  [FAIL] Incorrect Output at MODE: 1 , CMD: 10 
#  Inputs:	OPA: 182 , OPB: 151 , INP_VALID : 11 
#  Expected Result : RES: 54964 , COUT: 0 , OFLOW: 0 , EGL: 000 , ERR: 0 
#  DUT Result	: RES: 16308 , COUT: 0 , OFLOW: 0 , EGL: 000 , ERR: 0 
# -----------------------------------------------------------------------
# -----------------------------------------------------------------------
#  [FAIL] Incorrect Output at MODE: 1 , CMD: 10 
#  Inputs:	OPA:   8 , OPB: 153 , INP_VALID : 11 
#  Expected Result : RES:  2448 , COUT: 0 , OFLOW: 0 , EGL: 000 , ERR: 0 
#  DUT Result	: RES: 16524 , COUT: 0 , OFLOW: 0 , EGL: 000 , ERR: 0 
# -----------------------------------------------------------------------
#  [PASS] Inputs: OPA:  70 , OPB: 220 , INP_VALID : 11 
#  Expected Result : RES: 30800 , COUT: 0 , OFLOW: 0 , EGL: 000 , ERR: 0 
#  DUT Result	: RES: 30800 , COUT: 0 , OFLOW: 0 , EGL: 000 , ERR: 0 
# -----------------------------------------------------------------------
#  [FAIL] Incorrect Output at MODE: 1 , CMD: 10 
#  Inputs:	OPA: 152 , OPB: 199 , INP_VALID : 11 
#  Expected Result : RES: 60496 , COUT: 0 , OFLOW: 0 , EGL: 000 , ERR: 0 
#  DUT Result	: RES:  9552 , COUT: 0 , OFLOW: 0 , EGL: 000 , ERR: 0 
# -----------------------------------------------------------------------
# -----------------------------------------------------------------------
#  [FAIL] Incorrect Output at MODE: 1 , CMD: 10 
#  Inputs:	OPA: 246 , OPB:  96 , INP_VALID : 11 
#  Expected Result : RES: 47232 , COUT: 0 , OFLOW: 0 , EGL: 000 , ERR: 0 
#  DUT Result	: RES:  4608 , COUT: 0 , OFLOW: 0 , EGL: 000 , ERR: 0 
# -----------------------------------------------------------------------
#  [PASS] Inputs: OPA: 126 , OPB: 227 , INP_VALID : 11 
#  Expected Result : RES: 57204 , COUT: 0 , OFLOW: 0 , EGL: 000 , ERR: 0 
#  DUT Result	: RES: 57204 , COUT: 0 , OFLOW: 0 , EGL: 000 , ERR: 0 
#  [PASS] Inputs: OPA:  55 , OPB:  55 , INP_VALID : 11 
#  Expected Result : RES:  6050 , COUT: 0 , OFLOW: 0 , EGL: 000 , ERR: 0 
#  DUT Result	: RES:  6050 , COUT: 0 , OFLOW: 0 , EGL: 000 , ERR: 0 
# -----------------------------------------------------------------------
#  [FAIL] Incorrect Output at MODE: 1 , CMD: 10 
#  Inputs:	OPA: 137 , OPB: 143 , INP_VALID : 11 
#  Expected Result : RES: 39182 , COUT: 0 , OFLOW: 0 , EGL: 000 , ERR: 0 
#  DUT Result	: RES: 15730 , COUT: 0 , OFLOW: 0 , EGL: 000 , ERR: 0 
# -----------------------------------------------------------------------
#  [PASS] Inputs: OPA: 123 , OPB: 218 , INP_VALID : 11 
#  Expected Result : RES: 53628 , COUT: 0 , OFLOW: 0 , EGL: 000 , ERR: 0 
#  DUT Result	: RES: 53628 , COUT: 0 , OFLOW: 0 , EGL: 000 , ERR: 0 
# -----------------------------------------------------------------------
#  [FAIL] Incorrect Output at MODE: 1 , CMD: 10 
#  Inputs:	OPA: 167 , OPB:  57 , INP_VALID : 11 
#  Expected Result : RES: 19038 , COUT: 0 , OFLOW: 0 , EGL: 000 , ERR: 0 
#  DUT Result	: RES:  4446 , COUT: 0 , OFLOW: 0 , EGL: 000 , ERR: 0 
# -----------------------------------------------------------------------
# -----------------------------------------------------------------------
#  [FAIL] Incorrect Output at MODE: 1 , CMD: 10 
#  Inputs:	OPA:  46 , OPB:  67 , INP_VALID : 11 
#  Expected Result : RES:  6164 , COUT: 0 , OFLOW: 0 , EGL: 000 , ERR: 0 
#  DUT Result	: RES:  5226 , COUT: 0 , OFLOW: 0 , EGL: 000 , ERR: 0 
# -----------------------------------------------------------------------
#  [PASS] Inputs: OPA:   3 , OPB: 158 , INP_VALID : 11 
#  Expected Result : RES:   948 , COUT: 0 , OFLOW: 0 , EGL: 000 , ERR: 0 
#  DUT Result	: RES:   948 , COUT: 0 , OFLOW: 0 , EGL: 000 , ERR: 0 
# -----------------------------------------------------------------------
#  [FAIL] Incorrect Output at MODE: 1 , CMD: 10 
#  Inputs:	OPA: 194 , OPB:  54 , INP_VALID : 11 
#  Expected Result : RES: 20952 , COUT: 0 , OFLOW: 0 , EGL: 000 , ERR: 0 
#  DUT Result	: RES:  7128 , COUT: 0 , OFLOW: 0 , EGL: 000 , ERR: 0 
# -----------------------------------------------------------------------
# -----------------------------------------------------------------------
#  [FAIL] Incorrect Output at MODE: 1 , CMD: 10 
#  Inputs:	OPA: 148 , OPB: 189 , INP_VALID : 11 
#  Expected Result : RES: 55944 , COUT: 0 , OFLOW: 0 , EGL: 000 , ERR: 0 
#  DUT Result	: RES: 24948 , COUT: 0 , OFLOW: 0 , EGL: 000 , ERR: 0 
# -----------------------------------------------------------------------
# -----------------------------------------------------------------------
#  [FAIL] Incorrect Output at MODE: 1 , CMD: 10 
#  Inputs:	OPA: 210 , OPB:  22 , INP_VALID : 11 
#  Expected Result : RES:  9240 , COUT: 0 , OFLOW: 0 , EGL: 000 , ERR: 0 
#  DUT Result	: RES:  3608 , COUT: 0 , OFLOW: 0 , EGL: 000 , ERR: 0 
# -----------------------------------------------------------------------
# -----------------------------------------------------------------------
#  [FAIL] Incorrect Output at MODE: 1 , CMD: 10 
#  Inputs:	OPA: 207 , OPB:  39 , INP_VALID : 11 
#  Expected Result : RES: 16146 , COUT: 0 , OFLOW: 0 , EGL: 000 , ERR: 0 
#  DUT Result	: RES:  6162 , COUT: 0 , OFLOW: 0 , EGL: 000 , ERR: 0 
# -----------------------------------------------------------------------
# -----------------------------------------------------------------------
#  [FAIL] Incorrect Output at MODE: 1 , CMD: 10 
#  Inputs:	OPA: 249 , OPB: 113 , INP_VALID : 11 
#  Expected Result : RES: 56274 , COUT: 0 , OFLOW: 0 , EGL: 000 , ERR: 0 
#  DUT Result	: RES: 17854 , COUT: 0 , OFLOW: 0 , EGL: 000 , ERR: 0 
# -----------------------------------------------------------------------
#  [PASS] Inputs: OPA:  45 , OPB: 152 , INP_VALID : 11 
#  Expected Result : RES: 13680 , COUT: 0 , OFLOW: 0 , EGL: 000 , ERR: 0 
#  DUT Result	: RES: 13680 , COUT: 0 , OFLOW: 0 , EGL: 000 , ERR: 0 
#  [PASS] Inputs: OPA:  36 , OPB:  96 , INP_VALID : 11 
#  Expected Result : RES:  6912 , COUT: 0 , OFLOW: 0 , EGL: 000 , ERR: 0 
#  DUT Result	: RES:  6912 , COUT: 0 , OFLOW: 0 , EGL: 000 , ERR: 0 
# -----------------------------------------------------------------------
#  [FAIL] Incorrect Output at MODE: 1 , CMD: 10 
#  Inputs:	OPA: 195 , OPB: 155 , INP_VALID : 11 
#  Expected Result : RES: 60450 , COUT: 0 , OFLOW: 0 , EGL: 000 , ERR: 0 
#  DUT Result	: RES: 11160 , COUT: 0 , OFLOW: 0 , EGL: 000 , ERR: 0 
# -----------------------------------------------------------------------
# -----------------------------------------------------------------------
#  [FAIL] Incorrect Output at MODE: 1 , CMD: 10 
#  Inputs:	OPA: 141 , OPB: 117 , INP_VALID : 11 
#  Expected Result : RES: 32994 , COUT: 0 , OFLOW: 0 , EGL: 000 , ERR: 0 
#  DUT Result	: RES:  3042 , COUT: 0 , OFLOW: 0 , EGL: 000 , ERR: 0 
# -----------------------------------------------------------------------
#  [PASS] Inputs: OPA:  58 , OPB: 133 , INP_VALID : 11 
#  Expected Result : RES: 15428 , COUT: 0 , OFLOW: 0 , EGL: 000 , ERR: 0 
#  DUT Result	: RES: 15428 , COUT: 0 , OFLOW: 0 , EGL: 000 , ERR: 0 
# -----------------------------------------------------------------------
#  [FAIL] Incorrect Output at MODE: 1 , CMD: 10 
#  Inputs:	OPA: 134 , OPB:  96 , INP_VALID : 11 
#  Expected Result : RES: 25728 , COUT: 0 , OFLOW: 0 , EGL: 000 , ERR: 0 
#  DUT Result	: RES: 11136 , COUT: 0 , OFLOW: 0 , EGL: 000 , ERR: 0 
# -----------------------------------------------------------------------
# -----------------------------------------------------------------------
#  [FAIL] Incorrect Output at MODE: 1 , CMD: 10 
#  Inputs:	OPA: 216 , OPB: 250 , INP_VALID : 11 
#  Expected Result : RES: 42464 , COUT: 0 , OFLOW: 0 , EGL: 000 , ERR: 0 
#  DUT Result	: RES: 44000 , COUT: 0 , OFLOW: 0 , EGL: 000 , ERR: 0 
# -----------------------------------------------------------------------
# -----------------------------------------------------------------------
#  [FAIL] Incorrect Output at MODE: 1 , CMD: 10 
#  Inputs:	OPA: 227 , OPB:  87 , INP_VALID : 11 
#  Expected Result : RES: 39498 , COUT: 0 , OFLOW: 0 , EGL: 000 , ERR: 0 
#  DUT Result	: RES: 17226 , COUT: 0 , OFLOW: 0 , EGL: 000 , ERR: 0 
# -----------------------------------------------------------------------
# -----------------------------------------------------------------------
#  [FAIL] Incorrect Output at MODE: 1 , CMD: 10 
#  Inputs:	OPA: 199 , OPB: 184 , INP_VALID : 11 
#  Expected Result : RES:  7696 , COUT: 0 , OFLOW: 0 , EGL: 000 , ERR: 0 
#  DUT Result	: RES: 36432 , COUT: 0 , OFLOW: 0 , EGL: 000 , ERR: 0 
# -----------------------------------------------------------------------
#  [PASS] Inputs: OPA:  13 , OPB: 209 , INP_VALID : 11 
#  Expected Result : RES:  5434 , COUT: 0 , OFLOW: 0 , EGL: 000 , ERR: 0 
#  DUT Result	: RES:  5434 , COUT: 0 , OFLOW: 0 , EGL: 000 , ERR: 0 
# -----------------------------------------------------------------------
#  [FAIL] Incorrect Output at MODE: 1 , CMD: 10 
#  Inputs:	OPA: 145 , OPB: 222 , INP_VALID : 11 
#  Expected Result : RES: 64380 , COUT: 0 , OFLOW: 0 , EGL: 000 , ERR: 0 
#  DUT Result	: RES:  7548 , COUT: 0 , OFLOW: 0 , EGL: 000 , ERR: 0 
# -----------------------------------------------------------------------
# -----------------------------------------------------------------------
#  [FAIL] Incorrect Output at MODE: 1 , CMD: 10 
#  Inputs:	OPA:  90 , OPB: 193 , INP_VALID : 11 
#  Expected Result : RES: 34740 , COUT: 0 , OFLOW: 0 , EGL: 000 , ERR: 0 
#  DUT Result	: RES:  6562 , COUT: 0 , OFLOW: 0 , EGL: 000 , ERR: 0 
# -----------------------------------------------------------------------
#  [PASS] Inputs: OPA:  51 , OPB: 211 , INP_VALID : 11 
#  Expected Result : RES: 21522 , COUT: 0 , OFLOW: 0 , EGL: 000 , ERR: 0 
#  DUT Result	: RES: 21522 , COUT: 0 , OFLOW: 0 , EGL: 000 , ERR: 0 
#  [PASS] Inputs: OPA:   5 , OPB: 145 , INP_VALID : 11 
#  Expected Result : RES:  1450 , COUT: 0 , OFLOW: 0 , EGL: 000 , ERR: 0 
#  DUT Result	: RES:  1450 , COUT: 0 , OFLOW: 0 , EGL: 000 , ERR: 0 
# -----------------------------------------------------------------------
#  [FAIL] Incorrect Output at MODE: 1 , CMD: 10 
#  Inputs:	OPA: 195 , OPB: 187 , INP_VALID : 11 
#  Expected Result : RES:  7394 , COUT: 0 , OFLOW: 0 , EGL: 000 , ERR: 0 
#  DUT Result	: RES:  1870 , COUT: 0 , OFLOW: 0 , EGL: 000 , ERR: 0 
# -----------------------------------------------------------------------
#  [PASS] Inputs: OPA:  80 , OPB:   9 , INP_VALID : 11 
#  Expected Result : RES:  1440 , COUT: 0 , OFLOW: 0 , EGL: 000 , ERR: 0 
#  DUT Result	: RES:  1440 , COUT: 0 , OFLOW: 0 , EGL: 000 , ERR: 0 
# -----------------------------------------------------------------------
#  [FAIL] Incorrect Output at MODE: 1 , CMD: 11 
#  Inputs:	OPA: 169 , OPB:   3 , INP_VALID : 11 
#  Expected Result : RES:   172 , COUT: 0 , OFLOW: 0 , EGL: 001 , ERR: 0 
#  DUT Result	: RES:   172 , COUT: 1 , OFLOW: 0 , EGL: 000 , ERR: 0 
# -----------------------------------------------------------------------
# -----------------------------------------------------------------------
#  [FAIL] Incorrect Output at MODE: 1 , CMD: 11 
#  Inputs:	OPA:  20 , OPB:  81 , INP_VALID : 11 
#  Expected Result : RES:   101 , COUT: 0 , OFLOW: 0 , EGL: 001 , ERR: 0 
#  DUT Result	: RES:   101 , COUT: 0 , OFLOW: 0 , EGL: 000 , ERR: 0 
# -----------------------------------------------------------------------
# -----------------------------------------------------------------------
#  [FAIL] Incorrect Output at MODE: 1 , CMD: 11 
#  Inputs:	OPA:  49 , OPB:  44 , INP_VALID : 11 
#  Expected Result : RES:    93 , COUT: 0 , OFLOW: 0 , EGL: 010 , ERR: 0 
#  DUT Result	: RES:    93 , COUT: 0 , OFLOW: 0 , EGL: 000 , ERR: 0 
# -----------------------------------------------------------------------
# -----------------------------------------------------------------------
#  [FAIL] Incorrect Output at MODE: 1 , CMD: 11 
#  Inputs:	OPA:  56 , OPB:  14 , INP_VALID : 11 
#  Expected Result : RES:    70 , COUT: 0 , OFLOW: 0 , EGL: 010 , ERR: 0 
#  DUT Result	: RES:    70 , COUT: 0 , OFLOW: 0 , EGL: 000 , ERR: 0 
# -----------------------------------------------------------------------
# -----------------------------------------------------------------------
#  [FAIL] Incorrect Output at MODE: 1 , CMD: 11 
#  Inputs:	OPA:  81 , OPB: 247 , INP_VALID : 11 
#  Expected Result : RES:    72 , COUT: 0 , OFLOW: 0 , EGL: 010 , ERR: 0 
#  DUT Result	: RES:    72 , COUT: 0 , OFLOW: 0 , EGL: 000 , ERR: 0 
# -----------------------------------------------------------------------
# -----------------------------------------------------------------------
#  [FAIL] Incorrect Output at MODE: 1 , CMD: 11 
#  Inputs:	OPA: 217 , OPB:  19 , INP_VALID : 11 
#  Expected Result : RES:   236 , COUT: 0 , OFLOW: 0 , EGL: 001 , ERR: 0 
#  DUT Result	: RES:   236 , COUT: 1 , OFLOW: 0 , EGL: 000 , ERR: 0 
# -----------------------------------------------------------------------
# -----------------------------------------------------------------------
#  [FAIL] Incorrect Output at MODE: 1 , CMD: 11 
#  Inputs:	OPA:  31 , OPB: 191 , INP_VALID : 11 
#  Expected Result : RES:   222 , COUT: 0 , OFLOW: 0 , EGL: 010 , ERR: 0 
#  DUT Result	: RES:   222 , COUT: 1 , OFLOW: 0 , EGL: 000 , ERR: 0 
# -----------------------------------------------------------------------
# -----------------------------------------------------------------------
#  [FAIL] Incorrect Output at MODE: 1 , CMD: 11 
#  Inputs:	OPA: 134 , OPB:  68 , INP_VALID : 11 
#  Expected Result : RES:   202 , COUT: 0 , OFLOW: 0 , EGL: 001 , ERR: 0 
#  DUT Result	: RES:   202 , COUT: 1 , OFLOW: 0 , EGL: 000 , ERR: 0 
# -----------------------------------------------------------------------
# -----------------------------------------------------------------------
#  [FAIL] Incorrect Output at MODE: 1 , CMD: 11 
#  Inputs:	OPA: 250 , OPB: 221 , INP_VALID : 11 
#  Expected Result : RES:   215 , COUT: 0 , OFLOW: 0 , EGL: 010 , ERR: 0 
#  DUT Result	: RES:   215 , COUT: 1 , OFLOW: 0 , EGL: 000 , ERR: 0 
# -----------------------------------------------------------------------
# -----------------------------------------------------------------------
#  [FAIL] Incorrect Output at MODE: 1 , CMD: 11 
#  Inputs:	OPA: 131 , OPB: 182 , INP_VALID : 11 
#  Expected Result : RES:    57 , COUT: 0 , OFLOW: 1 , EGL: 001 , ERR: 0 
#  DUT Result	: RES:    57 , COUT: 1 , OFLOW: 1 , EGL: 000 , ERR: 0 
# -----------------------------------------------------------------------
# -----------------------------------------------------------------------
#  [FAIL] Incorrect Output at MODE: 1 , CMD: 11 
#  Inputs:	OPA:  81 , OPB:  34 , INP_VALID : 11 
#  Expected Result : RES:   115 , COUT: 0 , OFLOW: 0 , EGL: 010 , ERR: 0 
#  DUT Result	: RES:   115 , COUT: 0 , OFLOW: 0 , EGL: 000 , ERR: 0 
# -----------------------------------------------------------------------
# -----------------------------------------------------------------------
#  [FAIL] Incorrect Output at MODE: 1 , CMD: 11 
#  Inputs:	OPA: 123 , OPB:  26 , INP_VALID : 11 
#  Expected Result : RES:   149 , COUT: 0 , OFLOW: 1 , EGL: 010 , ERR: 0 
#  DUT Result	: RES:   149 , COUT: 0 , OFLOW: 1 , EGL: 000 , ERR: 0 
# -----------------------------------------------------------------------
# -----------------------------------------------------------------------
#  [FAIL] Incorrect Output at MODE: 1 , CMD: 11 
#  Inputs:	OPA: 146 , OPB: 250 , INP_VALID : 11 
#  Expected Result : RES:   140 , COUT: 0 , OFLOW: 0 , EGL: 001 , ERR: 0 
#  DUT Result	: RES:   140 , COUT: 1 , OFLOW: 0 , EGL: 000 , ERR: 0 
# -----------------------------------------------------------------------
# -----------------------------------------------------------------------
#  [FAIL] Incorrect Output at MODE: 1 , CMD: 11 
#  Inputs:	OPA:  45 , OPB: 107 , INP_VALID : 11 
#  Expected Result : RES:   152 , COUT: 0 , OFLOW: 1 , EGL: 001 , ERR: 0 
#  DUT Result	: RES:   152 , COUT: 0 , OFLOW: 1 , EGL: 000 , ERR: 0 
# -----------------------------------------------------------------------
# -----------------------------------------------------------------------
#  [FAIL] Incorrect Output at MODE: 1 , CMD: 11 
#  Inputs:	OPA: 125 , OPB:  27 , INP_VALID : 11 
#  Expected Result : RES:   152 , COUT: 0 , OFLOW: 1 , EGL: 010 , ERR: 0 
#  DUT Result	: RES:   152 , COUT: 0 , OFLOW: 1 , EGL: 000 , ERR: 0 
# -----------------------------------------------------------------------
# -----------------------------------------------------------------------
#  [FAIL] Incorrect Output at MODE: 1 , CMD: 11 
#  Inputs:	OPA: 154 , OPB:  38 , INP_VALID : 11 
#  Expected Result : RES:   192 , COUT: 0 , OFLOW: 0 , EGL: 001 , ERR: 0 
#  DUT Result	: RES:   192 , COUT: 1 , OFLOW: 0 , EGL: 000 , ERR: 0 
# -----------------------------------------------------------------------
# -----------------------------------------------------------------------
#  [FAIL] Incorrect Output at MODE: 1 , CMD: 11 
#  Inputs:	OPA:  31 , OPB:  28 , INP_VALID : 11 
#  Expected Result : RES:    59 , COUT: 0 , OFLOW: 0 , EGL: 010 , ERR: 0 
#  DUT Result	: RES:    59 , COUT: 0 , OFLOW: 0 , EGL: 000 , ERR: 0 
# -----------------------------------------------------------------------
# -----------------------------------------------------------------------
#  [FAIL] Incorrect Output at MODE: 1 , CMD: 11 
#  Inputs:	OPA: 130 , OPB:  68 , INP_VALID : 11 
#  Expected Result : RES:   198 , COUT: 0 , OFLOW: 0 , EGL: 001 , ERR: 0 
#  DUT Result	: RES:   198 , COUT: 1 , OFLOW: 0 , EGL: 000 , ERR: 0 
# -----------------------------------------------------------------------
# -----------------------------------------------------------------------
#  [FAIL] Incorrect Output at MODE: 1 , CMD: 11 
#  Inputs:	OPA: 205 , OPB:  59 , INP_VALID : 11 
#  Expected Result : RES:     8 , COUT: 0 , OFLOW: 0 , EGL: 001 , ERR: 0 
#  DUT Result	: RES:     8 , COUT: 0 , OFLOW: 0 , EGL: 000 , ERR: 0 
# -----------------------------------------------------------------------
# -----------------------------------------------------------------------
#  [FAIL] Incorrect Output at MODE: 1 , CMD: 11 
#  Inputs:	OPA: 205 , OPB:  54 , INP_VALID : 11 
#  Expected Result : RES:     3 , COUT: 0 , OFLOW: 0 , EGL: 001 , ERR: 0 
#  DUT Result	: RES:     3 , COUT: 0 , OFLOW: 0 , EGL: 000 , ERR: 0 
# -----------------------------------------------------------------------
# -----------------------------------------------------------------------
#  [FAIL] Incorrect Output at MODE: 1 , CMD: 11 
#  Inputs:	OPA: 153 , OPB: 130 , INP_VALID : 11 
#  Expected Result : RES:    27 , COUT: 0 , OFLOW: 1 , EGL: 010 , ERR: 0 
#  DUT Result	: RES:    27 , COUT: 1 , OFLOW: 1 , EGL: 000 , ERR: 0 
# -----------------------------------------------------------------------
# -----------------------------------------------------------------------
#  [FAIL] Incorrect Output at MODE: 1 , CMD: 11 
#  Inputs:	OPA: 124 , OPB: 188 , INP_VALID : 11 
#  Expected Result : RES:    56 , COUT: 0 , OFLOW: 0 , EGL: 010 , ERR: 0 
#  DUT Result	: RES:    56 , COUT: 0 , OFLOW: 0 , EGL: 000 , ERR: 0 
# -----------------------------------------------------------------------
# -----------------------------------------------------------------------
#  [FAIL] Incorrect Output at MODE: 1 , CMD: 11 
#  Inputs:	OPA:  93 , OPB: 158 , INP_VALID : 11 
#  Expected Result : RES:   251 , COUT: 0 , OFLOW: 0 , EGL: 010 , ERR: 0 
#  DUT Result	: RES:   251 , COUT: 1 , OFLOW: 0 , EGL: 000 , ERR: 0 
# -----------------------------------------------------------------------
# -----------------------------------------------------------------------
#  [FAIL] Incorrect Output at MODE: 1 , CMD: 11 
#  Inputs:	OPA: 250 , OPB: 178 , INP_VALID : 11 
#  Expected Result : RES:   172 , COUT: 0 , OFLOW: 0 , EGL: 010 , ERR: 0 
#  DUT Result	: RES:   172 , COUT: 1 , OFLOW: 0 , EGL: 000 , ERR: 0 
# -----------------------------------------------------------------------
# -----------------------------------------------------------------------
#  [FAIL] Incorrect Output at MODE: 1 , CMD: 11 
#  Inputs:	OPA:  93 , OPB:  92 , INP_VALID : 11 
#  Expected Result : RES:   185 , COUT: 0 , OFLOW: 1 , EGL: 010 , ERR: 0 
#  DUT Result	: RES:   185 , COUT: 0 , OFLOW: 1 , EGL: 000 , ERR: 0 
# -----------------------------------------------------------------------
# -----------------------------------------------------------------------
#  [FAIL] Incorrect Output at MODE: 1 , CMD: 11 
#  Inputs:	OPA: 180 , OPB: 107 , INP_VALID : 11 
#  Expected Result : RES:    31 , COUT: 0 , OFLOW: 0 , EGL: 001 , ERR: 0 
#  DUT Result	: RES:    31 , COUT: 0 , OFLOW: 0 , EGL: 000 , ERR: 0 
# -----------------------------------------------------------------------
# -----------------------------------------------------------------------
#  [FAIL] Incorrect Output at MODE: 1 , CMD: 11 
#  Inputs:	OPA:  80 , OPB: 192 , INP_VALID : 11 
#  Expected Result : RES:    16 , COUT: 0 , OFLOW: 0 , EGL: 010 , ERR: 0 
#  DUT Result	: RES:    16 , COUT: 0 , OFLOW: 0 , EGL: 000 , ERR: 0 
# -----------------------------------------------------------------------
# -----------------------------------------------------------------------
#  [FAIL] Incorrect Output at MODE: 1 , CMD: 11 
#  Inputs:	OPA:  37 , OPB: 123 , INP_VALID : 11 
#  Expected Result : RES:   160 , COUT: 0 , OFLOW: 1 , EGL: 001 , ERR: 0 
#  DUT Result	: RES:   160 , COUT: 0 , OFLOW: 1 , EGL: 000 , ERR: 0 
# -----------------------------------------------------------------------
# -----------------------------------------------------------------------
#  [FAIL] Incorrect Output at MODE: 1 , CMD: 11 
#  Inputs:	OPA: 132 , OPB: 157 , INP_VALID : 11 
#  Expected Result : RES:    33 , COUT: 0 , OFLOW: 1 , EGL: 001 , ERR: 0 
#  DUT Result	: RES:    33 , COUT: 1 , OFLOW: 1 , EGL: 000 , ERR: 0 
# -----------------------------------------------------------------------
# -----------------------------------------------------------------------
#  [FAIL] Incorrect Output at MODE: 1 , CMD: 11 
#  Inputs:	OPA:  31 , OPB: 184 , INP_VALID : 11 
#  Expected Result : RES:   215 , COUT: 0 , OFLOW: 0 , EGL: 010 , ERR: 0 
#  DUT Result	: RES:   215 , COUT: 1 , OFLOW: 0 , EGL: 000 , ERR: 0 
# -----------------------------------------------------------------------
# -----------------------------------------------------------------------
#  [FAIL] Incorrect Output at MODE: 1 , CMD: 11 
#  Inputs:	OPA: 130 , OPB: 175 , INP_VALID : 11 
#  Expected Result : RES:    49 , COUT: 0 , OFLOW: 1 , EGL: 001 , ERR: 0 
#  DUT Result	: RES:    49 , COUT: 1 , OFLOW: 1 , EGL: 000 , ERR: 0 
# -----------------------------------------------------------------------
# -----------------------------------------------------------------------
#  [FAIL] Incorrect Output at MODE: 1 , CMD: 11 
#  Inputs:	OPA: 204 , OPB: 172 , INP_VALID : 11 
#  Expected Result : RES:   120 , COUT: 0 , OFLOW: 1 , EGL: 010 , ERR: 0 
#  DUT Result	: RES:   120 , COUT: 1 , OFLOW: 1 , EGL: 000 , ERR: 0 
# -----------------------------------------------------------------------
# -----------------------------------------------------------------------
#  [FAIL] Incorrect Output at MODE: 1 , CMD: 11 
#  Inputs:	OPA: 235 , OPB:  51 , INP_VALID : 11 
#  Expected Result : RES:    30 , COUT: 0 , OFLOW: 0 , EGL: 001 , ERR: 0 
#  DUT Result	: RES:    30 , COUT: 0 , OFLOW: 0 , EGL: 000 , ERR: 0 
# -----------------------------------------------------------------------
# -----------------------------------------------------------------------
#  [FAIL] Incorrect Output at MODE: 1 , CMD: 11 
#  Inputs:	OPA: 178 , OPB: 220 , INP_VALID : 11 
#  Expected Result : RES:   142 , COUT: 0 , OFLOW: 0 , EGL: 001 , ERR: 0 
#  DUT Result	: RES:   142 , COUT: 1 , OFLOW: 0 , EGL: 000 , ERR: 0 
# -----------------------------------------------------------------------
# -----------------------------------------------------------------------
#  [FAIL] Incorrect Output at MODE: 1 , CMD: 11 
#  Inputs:	OPA:  83 , OPB: 151 , INP_VALID : 11 
#  Expected Result : RES:   234 , COUT: 0 , OFLOW: 0 , EGL: 010 , ERR: 0 
#  DUT Result	: RES:   234 , COUT: 1 , OFLOW: 0 , EGL: 000 , ERR: 0 
# -----------------------------------------------------------------------
# -----------------------------------------------------------------------
#  [FAIL] Incorrect Output at MODE: 1 , CMD: 11 
#  Inputs:	OPA: 156 , OPB:  92 , INP_VALID : 11 
#  Expected Result : RES:   248 , COUT: 0 , OFLOW: 0 , EGL: 001 , ERR: 0 
#  DUT Result	: RES:   248 , COUT: 1 , OFLOW: 0 , EGL: 000 , ERR: 0 
# -----------------------------------------------------------------------
# -----------------------------------------------------------------------
#  [FAIL] Incorrect Output at MODE: 1 , CMD: 11 
#  Inputs:	OPA:  43 , OPB:  95 , INP_VALID : 11 
#  Expected Result : RES:   138 , COUT: 0 , OFLOW: 1 , EGL: 001 , ERR: 0 
#  DUT Result	: RES:   138 , COUT: 0 , OFLOW: 1 , EGL: 000 , ERR: 0 
# -----------------------------------------------------------------------
# -----------------------------------------------------------------------
#  [FAIL] Incorrect Output at MODE: 1 , CMD: 11 
#  Inputs:	OPA: 185 , OPB: 225 , INP_VALID : 11 
#  Expected Result : RES:   154 , COUT: 0 , OFLOW: 0 , EGL: 001 , ERR: 0 
#  DUT Result	: RES:   154 , COUT: 1 , OFLOW: 0 , EGL: 000 , ERR: 0 
# -----------------------------------------------------------------------
# -----------------------------------------------------------------------
#  [FAIL] Incorrect Output at MODE: 1 , CMD: 11 
#  Inputs:	OPA: 164 , OPB:  11 , INP_VALID : 11 
#  Expected Result : RES:   175 , COUT: 0 , OFLOW: 0 , EGL: 001 , ERR: 0 
#  DUT Result	: RES:   175 , COUT: 1 , OFLOW: 0 , EGL: 000 , ERR: 0 
# -----------------------------------------------------------------------
# -----------------------------------------------------------------------
#  [FAIL] Incorrect Output at MODE: 1 , CMD: 11 
#  Inputs:	OPA:  56 , OPB: 224 , INP_VALID : 11 
#  Expected Result : RES:    24 , COUT: 0 , OFLOW: 0 , EGL: 010 , ERR: 0 
#  DUT Result	: RES:    24 , COUT: 0 , OFLOW: 0 , EGL: 000 , ERR: 0 
# -----------------------------------------------------------------------
# -----------------------------------------------------------------------
#  [FAIL] Incorrect Output at MODE: 1 , CMD: 11 
#  Inputs:	OPA:  85 , OPB:  70 , INP_VALID : 11 
#  Expected Result : RES:   155 , COUT: 0 , OFLOW: 1 , EGL: 010 , ERR: 0 
#  DUT Result	: RES:   155 , COUT: 0 , OFLOW: 1 , EGL: 000 , ERR: 0 
# -----------------------------------------------------------------------
# -----------------------------------------------------------------------
#  [FAIL] Incorrect Output at MODE: 1 , CMD: 11 
#  Inputs:	OPA: 106 , OPB:   7 , INP_VALID : 11 
#  Expected Result : RES:   113 , COUT: 0 , OFLOW: 0 , EGL: 010 , ERR: 0 
#  DUT Result	: RES:   113 , COUT: 0 , OFLOW: 0 , EGL: 000 , ERR: 0 
# -----------------------------------------------------------------------
# -----------------------------------------------------------------------
#  [FAIL] Incorrect Output at MODE: 1 , CMD: 11 
#  Inputs:	OPA: 126 , OPB: 237 , INP_VALID : 11 
#  Expected Result : RES:   107 , COUT: 0 , OFLOW: 0 , EGL: 010 , ERR: 0 
#  DUT Result	: RES:   107 , COUT: 0 , OFLOW: 0 , EGL: 000 , ERR: 0 
# -----------------------------------------------------------------------
# -----------------------------------------------------------------------
#  [FAIL] Incorrect Output at MODE: 1 , CMD: 11 
#  Inputs:	OPA:  35 , OPB: 148 , INP_VALID : 11 
#  Expected Result : RES:   183 , COUT: 0 , OFLOW: 0 , EGL: 010 , ERR: 0 
#  DUT Result	: RES:   183 , COUT: 1 , OFLOW: 0 , EGL: 000 , ERR: 0 
# -----------------------------------------------------------------------
# -----------------------------------------------------------------------
#  [FAIL] Incorrect Output at MODE: 1 , CMD: 11 
#  Inputs:	OPA: 176 , OPB: 108 , INP_VALID : 11 
#  Expected Result : RES:    28 , COUT: 0 , OFLOW: 0 , EGL: 001 , ERR: 0 
#  DUT Result	: RES:    28 , COUT: 0 , OFLOW: 0 , EGL: 000 , ERR: 0 
# -----------------------------------------------------------------------
# -----------------------------------------------------------------------
#  [FAIL] Incorrect Output at MODE: 1 , CMD: 11 
#  Inputs:	OPA: 130 , OPB:  56 , INP_VALID : 11 
#  Expected Result : RES:   186 , COUT: 0 , OFLOW: 0 , EGL: 001 , ERR: 0 
#  DUT Result	: RES:   186 , COUT: 1 , OFLOW: 0 , EGL: 000 , ERR: 0 
# -----------------------------------------------------------------------
# -----------------------------------------------------------------------
#  [FAIL] Incorrect Output at MODE: 1 , CMD: 11 
#  Inputs:	OPA: 124 , OPB:  99 , INP_VALID : 11 
#  Expected Result : RES:   223 , COUT: 0 , OFLOW: 1 , EGL: 010 , ERR: 0 
#  DUT Result	: RES:   223 , COUT: 0 , OFLOW: 1 , EGL: 000 , ERR: 0 
# -----------------------------------------------------------------------
# -----------------------------------------------------------------------
#  [FAIL] Incorrect Output at MODE: 1 , CMD: 11 
#  Inputs:	OPA: 139 , OPB: 189 , INP_VALID : 11 
#  Expected Result : RES:    72 , COUT: 0 , OFLOW: 1 , EGL: 001 , ERR: 0 
#  DUT Result	: RES:    72 , COUT: 1 , OFLOW: 1 , EGL: 000 , ERR: 0 
# -----------------------------------------------------------------------
# -----------------------------------------------------------------------
#  [FAIL] Incorrect Output at MODE: 1 , CMD: 11 
#  Inputs:	OPA:  69 , OPB:  64 , INP_VALID : 11 
#  Expected Result : RES:   133 , COUT: 0 , OFLOW: 1 , EGL: 010 , ERR: 0 
#  DUT Result	: RES:   133 , COUT: 0 , OFLOW: 1 , EGL: 000 , ERR: 0 
# -----------------------------------------------------------------------
# -----------------------------------------------------------------------
#  [FAIL] Incorrect Output at MODE: 1 , CMD: 11 
#  Inputs:	OPA:  94 , OPB: 239 , INP_VALID : 11 
#  Expected Result : RES:    77 , COUT: 0 , OFLOW: 0 , EGL: 010 , ERR: 0 
#  DUT Result	: RES:    77 , COUT: 0 , OFLOW: 0 , EGL: 000 , ERR: 0 
# -----------------------------------------------------------------------
# -----------------------------------------------------------------------
#  [FAIL] Incorrect Output at MODE: 1 , CMD: 11 
#  Inputs:	OPA: 107 , OPB: 195 , INP_VALID : 11 
#  Expected Result : RES:    46 , COUT: 0 , OFLOW: 0 , EGL: 010 , ERR: 0 
#  DUT Result	: RES:    46 , COUT: 0 , OFLOW: 0 , EGL: 000 , ERR: 0 
# -----------------------------------------------------------------------
# -----------------------------------------------------------------------
#  [FAIL] Incorrect Output at MODE: 1 , CMD: 11 
#  Inputs:	OPA:  20 , OPB: 121 , INP_VALID : 11 
#  Expected Result : RES:   141 , COUT: 0 , OFLOW: 1 , EGL: 001 , ERR: 0 
#  DUT Result	: RES:   141 , COUT: 0 , OFLOW: 1 , EGL: 000 , ERR: 0 
# -----------------------------------------------------------------------
# -----------------------------------------------------------------------
#  [FAIL] Incorrect Output at MODE: 1 , CMD: 11 
#  Inputs:	OPA: 129 , OPB:  91 , INP_VALID : 11 
#  Expected Result : RES:   220 , COUT: 0 , OFLOW: 0 , EGL: 001 , ERR: 0 
#  DUT Result	: RES:   220 , COUT: 1 , OFLOW: 0 , EGL: 000 , ERR: 0 
# -----------------------------------------------------------------------
# -----------------------------------------------------------------------
#  [FAIL] Incorrect Output at MODE: 1 , CMD: 11 
#  Inputs:	OPA: 121 , OPB:  65 , INP_VALID : 11 
#  Expected Result : RES:   186 , COUT: 0 , OFLOW: 1 , EGL: 010 , ERR: 0 
#  DUT Result	: RES:   186 , COUT: 0 , OFLOW: 1 , EGL: 000 , ERR: 0 
# -----------------------------------------------------------------------
# -----------------------------------------------------------------------
#  [FAIL] Incorrect Output at MODE: 1 , CMD: 11 
#  Inputs:	OPA:  60 , OPB: 213 , INP_VALID : 11 
#  Expected Result : RES:    17 , COUT: 0 , OFLOW: 0 , EGL: 010 , ERR: 0 
#  DUT Result	: RES:    17 , COUT: 0 , OFLOW: 0 , EGL: 000 , ERR: 0 
# -----------------------------------------------------------------------
# -----------------------------------------------------------------------
#  [FAIL] Incorrect Output at MODE: 1 , CMD: 11 
#  Inputs:	OPA:  61 , OPB:  90 , INP_VALID : 11 
#  Expected Result : RES:   151 , COUT: 0 , OFLOW: 1 , EGL: 001 , ERR: 0 
#  DUT Result	: RES:   151 , COUT: 0 , OFLOW: 1 , EGL: 000 , ERR: 0 
# -----------------------------------------------------------------------
# -----------------------------------------------------------------------
#  [FAIL] Incorrect Output at MODE: 1 , CMD: 11 
#  Inputs:	OPA: 177 , OPB: 165 , INP_VALID : 11 
#  Expected Result : RES:    86 , COUT: 0 , OFLOW: 1 , EGL: 010 , ERR: 0 
#  DUT Result	: RES:    86 , COUT: 1 , OFLOW: 1 , EGL: 000 , ERR: 0 
# -----------------------------------------------------------------------
# -----------------------------------------------------------------------
#  [FAIL] Incorrect Output at MODE: 1 , CMD: 11 
#  Inputs:	OPA: 186 , OPB: 101 , INP_VALID : 11 
#  Expected Result : RES:    31 , COUT: 0 , OFLOW: 0 , EGL: 001 , ERR: 0 
#  DUT Result	: RES:    31 , COUT: 0 , OFLOW: 0 , EGL: 000 , ERR: 0 
# -----------------------------------------------------------------------
# -----------------------------------------------------------------------
#  [FAIL] Incorrect Output at MODE: 1 , CMD: 11 
#  Inputs:	OPA: 197 , OPB:  93 , INP_VALID : 11 
#  Expected Result : RES:    34 , COUT: 0 , OFLOW: 0 , EGL: 001 , ERR: 0 
#  DUT Result	: RES:    34 , COUT: 0 , OFLOW: 0 , EGL: 000 , ERR: 0 
# -----------------------------------------------------------------------
# -----------------------------------------------------------------------
#  [FAIL] Incorrect Output at MODE: 1 , CMD: 11 
#  Inputs:	OPA: 171 , OPB: 170 , INP_VALID : 11 
#  Expected Result : RES:    85 , COUT: 0 , OFLOW: 1 , EGL: 010 , ERR: 0 
#  DUT Result	: RES:    85 , COUT: 1 , OFLOW: 1 , EGL: 000 , ERR: 0 
# -----------------------------------------------------------------------
# -----------------------------------------------------------------------
#  [FAIL] Incorrect Output at MODE: 1 , CMD: 11 
#  Inputs:	OPA: 171 , OPB: 251 , INP_VALID : 11 
#  Expected Result : RES:   166 , COUT: 0 , OFLOW: 0 , EGL: 001 , ERR: 0 
#  DUT Result	: RES:   166 , COUT: 1 , OFLOW: 0 , EGL: 000 , ERR: 0 
# -----------------------------------------------------------------------
# -----------------------------------------------------------------------
#  [FAIL] Incorrect Output at MODE: 1 , CMD: 11 
#  Inputs:	OPA: 107 , OPB: 114 , INP_VALID : 11 
#  Expected Result : RES:   221 , COUT: 0 , OFLOW: 1 , EGL: 001 , ERR: 0 
#  DUT Result	: RES:   221 , COUT: 0 , OFLOW: 1 , EGL: 000 , ERR: 0 
# -----------------------------------------------------------------------
# -----------------------------------------------------------------------
#  [FAIL] Incorrect Output at MODE: 1 , CMD: 11 
#  Inputs:	OPA:  90 , OPB:  77 , INP_VALID : 11 
#  Expected Result : RES:   167 , COUT: 0 , OFLOW: 1 , EGL: 010 , ERR: 0 
#  DUT Result	: RES:   167 , COUT: 0 , OFLOW: 1 , EGL: 000 , ERR: 0 
# -----------------------------------------------------------------------
# -----------------------------------------------------------------------
#  [FAIL] Incorrect Output at MODE: 1 , CMD: 11 
#  Inputs:	OPA: 212 , OPB: 216 , INP_VALID : 11 
#  Expected Result : RES:   172 , COUT: 0 , OFLOW: 0 , EGL: 001 , ERR: 0 
#  DUT Result	: RES:   172 , COUT: 1 , OFLOW: 0 , EGL: 000 , ERR: 0 
# -----------------------------------------------------------------------
# -----------------------------------------------------------------------
#  [FAIL] Incorrect Output at MODE: 1 , CMD: 11 
#  Inputs:	OPA:  93 , OPB: 137 , INP_VALID : 11 
#  Expected Result : RES:   230 , COUT: 0 , OFLOW: 0 , EGL: 010 , ERR: 0 
#  DUT Result	: RES:   230 , COUT: 1 , OFLOW: 0 , EGL: 000 , ERR: 0 
# -----------------------------------------------------------------------
# -----------------------------------------------------------------------
#  [FAIL] Incorrect Output at MODE: 1 , CMD: 11 
#  Inputs:	OPA:  88 , OPB: 164 , INP_VALID : 11 
#  Expected Result : RES:   252 , COUT: 0 , OFLOW: 0 , EGL: 010 , ERR: 0 
#  DUT Result	: RES:   252 , COUT: 1 , OFLOW: 0 , EGL: 000 , ERR: 0 
# -----------------------------------------------------------------------
# -----------------------------------------------------------------------
#  [FAIL] Incorrect Output at MODE: 1 , CMD: 11 
#  Inputs:	OPA: 202 , OPB: 141 , INP_VALID : 11 
#  Expected Result : RES:    87 , COUT: 0 , OFLOW: 1 , EGL: 010 , ERR: 0 
#  DUT Result	: RES:    87 , COUT: 1 , OFLOW: 1 , EGL: 000 , ERR: 0 
# -----------------------------------------------------------------------
# -----------------------------------------------------------------------
#  [FAIL] Incorrect Output at MODE: 1 , CMD: 11 
#  Inputs:	OPA:  91 , OPB:  38 , INP_VALID : 11 
#  Expected Result : RES:   129 , COUT: 0 , OFLOW: 1 , EGL: 010 , ERR: 0 
#  DUT Result	: RES:   129 , COUT: 0 , OFLOW: 1 , EGL: 000 , ERR: 0 
# -----------------------------------------------------------------------
# -----------------------------------------------------------------------
#  [FAIL] Incorrect Output at MODE: 1 , CMD: 11 
#  Inputs:	OPA: 150 , OPB: 121 , INP_VALID : 11 
#  Expected Result : RES:    15 , COUT: 0 , OFLOW: 0 , EGL: 001 , ERR: 0 
#  DUT Result	: RES:    15 , COUT: 0 , OFLOW: 0 , EGL: 000 , ERR: 0 
# -----------------------------------------------------------------------
# -----------------------------------------------------------------------
#  [FAIL] Incorrect Output at MODE: 1 , CMD: 11 
#  Inputs:	OPA: 229 , OPB: 245 , INP_VALID : 11 
#  Expected Result : RES:   218 , COUT: 0 , OFLOW: 0 , EGL: 001 , ERR: 0 
#  DUT Result	: RES:   218 , COUT: 1 , OFLOW: 0 , EGL: 000 , ERR: 0 
# -----------------------------------------------------------------------
# -----------------------------------------------------------------------
#  [FAIL] Incorrect Output at MODE: 1 , CMD: 11 
#  Inputs:	OPA: 196 , OPB: 191 , INP_VALID : 11 
#  Expected Result : RES:   131 , COUT: 0 , OFLOW: 0 , EGL: 010 , ERR: 0 
#  DUT Result	: RES:   131 , COUT: 1 , OFLOW: 0 , EGL: 000 , ERR: 0 
# -----------------------------------------------------------------------
# -----------------------------------------------------------------------
#  [FAIL] Incorrect Output at MODE: 1 , CMD: 11 
#  Inputs:	OPA: 171 , OPB:  28 , INP_VALID : 11 
#  Expected Result : RES:   199 , COUT: 0 , OFLOW: 0 , EGL: 001 , ERR: 0 
#  DUT Result	: RES:   199 , COUT: 1 , OFLOW: 0 , EGL: 000 , ERR: 0 
# -----------------------------------------------------------------------
# -----------------------------------------------------------------------
#  [FAIL] Incorrect Output at MODE: 1 , CMD: 11 
#  Inputs:	OPA: 203 , OPB:  34 , INP_VALID : 11 
#  Expected Result : RES:   237 , COUT: 0 , OFLOW: 0 , EGL: 001 , ERR: 0 
#  DUT Result	: RES:   237 , COUT: 1 , OFLOW: 0 , EGL: 000 , ERR: 0 
# -----------------------------------------------------------------------
# -----------------------------------------------------------------------
#  [FAIL] Incorrect Output at MODE: 1 , CMD: 11 
#  Inputs:	OPA: 155 , OPB:  67 , INP_VALID : 11 
#  Expected Result : RES:   222 , COUT: 0 , OFLOW: 0 , EGL: 001 , ERR: 0 
#  DUT Result	: RES:   222 , COUT: 1 , OFLOW: 0 , EGL: 000 , ERR: 0 
# -----------------------------------------------------------------------
# -----------------------------------------------------------------------
#  [FAIL] Incorrect Output at MODE: 1 , CMD: 11 
#  Inputs:	OPA:  44 , OPB: 227 , INP_VALID : 11 
#  Expected Result : RES:    15 , COUT: 0 , OFLOW: 0 , EGL: 010 , ERR: 0 
#  DUT Result	: RES:    15 , COUT: 0 , OFLOW: 0 , EGL: 000 , ERR: 0 
# -----------------------------------------------------------------------
# -----------------------------------------------------------------------
#  [FAIL] Incorrect Output at MODE: 1 , CMD: 11 
#  Inputs:	OPA:   1 , OPB: 183 , INP_VALID : 11 
#  Expected Result : RES:   184 , COUT: 0 , OFLOW: 0 , EGL: 010 , ERR: 0 
#  DUT Result	: RES:   184 , COUT: 1 , OFLOW: 0 , EGL: 000 , ERR: 0 
# -----------------------------------------------------------------------
# -----------------------------------------------------------------------
#  [FAIL] Incorrect Output at MODE: 1 , CMD: 11 
#  Inputs:	OPA:  30 , OPB:  98 , INP_VALID : 11 
#  Expected Result : RES:   128 , COUT: 0 , OFLOW: 1 , EGL: 001 , ERR: 0 
#  DUT Result	: RES:   128 , COUT: 0 , OFLOW: 1 , EGL: 000 , ERR: 0 
# -----------------------------------------------------------------------
# -----------------------------------------------------------------------
#  [FAIL] Incorrect Output at MODE: 1 , CMD: 11 
#  Inputs:	OPA: 255 , OPB: 215 , INP_VALID : 11 
#  Expected Result : RES:   214 , COUT: 0 , OFLOW: 0 , EGL: 010 , ERR: 0 
#  DUT Result	: RES:   214 , COUT: 1 , OFLOW: 0 , EGL: 000 , ERR: 0 
# -----------------------------------------------------------------------
# -----------------------------------------------------------------------
#  [FAIL] Incorrect Output at MODE: 1 , CMD: 11 
#  Inputs:	OPA: 112 , OPB:  72 , INP_VALID : 11 
#  Expected Result : RES:   184 , COUT: 0 , OFLOW: 1 , EGL: 010 , ERR: 0 
#  DUT Result	: RES:   184 , COUT: 0 , OFLOW: 1 , EGL: 000 , ERR: 0 
# -----------------------------------------------------------------------
# -----------------------------------------------------------------------
#  [FAIL] Incorrect Output at MODE: 1 , CMD: 11 
#  Inputs:	OPA: 148 , OPB: 249 , INP_VALID : 11 
#  Expected Result : RES:   141 , COUT: 0 , OFLOW: 0 , EGL: 001 , ERR: 0 
#  DUT Result	: RES:   141 , COUT: 1 , OFLOW: 0 , EGL: 000 , ERR: 0 
# -----------------------------------------------------------------------
# -----------------------------------------------------------------------
#  [FAIL] Incorrect Output at MODE: 1 , CMD: 11 
#  Inputs:	OPA: 125 , OPB:  63 , INP_VALID : 11 
#  Expected Result : RES:   188 , COUT: 0 , OFLOW: 1 , EGL: 010 , ERR: 0 
#  DUT Result	: RES:   188 , COUT: 0 , OFLOW: 1 , EGL: 000 , ERR: 0 
# -----------------------------------------------------------------------
# -----------------------------------------------------------------------
#  [FAIL] Incorrect Output at MODE: 1 , CMD: 11 
#  Inputs:	OPA:  42 , OPB: 148 , INP_VALID : 11 
#  Expected Result : RES:   190 , COUT: 0 , OFLOW: 0 , EGL: 010 , ERR: 0 
#  DUT Result	: RES:   190 , COUT: 1 , OFLOW: 0 , EGL: 000 , ERR: 0 
# -----------------------------------------------------------------------
# -----------------------------------------------------------------------
#  [FAIL] Incorrect Output at MODE: 1 , CMD: 11 
#  Inputs:	OPA:  83 , OPB: 182 , INP_VALID : 11 
#  Expected Result : RES:     9 , COUT: 0 , OFLOW: 0 , EGL: 010 , ERR: 0 
#  DUT Result	: RES:     9 , COUT: 0 , OFLOW: 0 , EGL: 000 , ERR: 0 
# -----------------------------------------------------------------------
# -----------------------------------------------------------------------
#  [FAIL] Incorrect Output at MODE: 1 , CMD: 11 
#  Inputs:	OPA: 248 , OPB: 198 , INP_VALID : 11 
#  Expected Result : RES:   190 , COUT: 0 , OFLOW: 0 , EGL: 010 , ERR: 0 
#  DUT Result	: RES:   190 , COUT: 1 , OFLOW: 0 , EGL: 000 , ERR: 0 
# -----------------------------------------------------------------------
# -----------------------------------------------------------------------
#  [FAIL] Incorrect Output at MODE: 1 , CMD: 11 
#  Inputs:	OPA:   9 , OPB: 140 , INP_VALID : 11 
#  Expected Result : RES:   149 , COUT: 0 , OFLOW: 0 , EGL: 010 , ERR: 0 
#  DUT Result	: RES:   149 , COUT: 1 , OFLOW: 0 , EGL: 000 , ERR: 0 
# -----------------------------------------------------------------------
# -----------------------------------------------------------------------
#  [FAIL] Incorrect Output at MODE: 1 , CMD: 11 
#  Inputs:	OPA:   7 , OPB: 142 , INP_VALID : 11 
#  Expected Result : RES:   149 , COUT: 0 , OFLOW: 0 , EGL: 010 , ERR: 0 
#  DUT Result	: RES:   149 , COUT: 1 , OFLOW: 0 , EGL: 000 , ERR: 0 
# -----------------------------------------------------------------------
# -----------------------------------------------------------------------
#  [FAIL] Incorrect Output at MODE: 1 , CMD: 11 
#  Inputs:	OPA:  78 , OPB:  39 , INP_VALID : 11 
#  Expected Result : RES:   117 , COUT: 0 , OFLOW: 0 , EGL: 010 , ERR: 0 
#  DUT Result	: RES:   117 , COUT: 0 , OFLOW: 0 , EGL: 000 , ERR: 0 
# -----------------------------------------------------------------------
# -----------------------------------------------------------------------
#  [FAIL] Incorrect Output at MODE: 1 , CMD: 11 
#  Inputs:	OPA:  99 , OPB: 172 , INP_VALID : 11 
#  Expected Result : RES:    15 , COUT: 0 , OFLOW: 0 , EGL: 010 , ERR: 0 
#  DUT Result	: RES:    15 , COUT: 0 , OFLOW: 0 , EGL: 000 , ERR: 0 
# -----------------------------------------------------------------------
# -----------------------------------------------------------------------
#  [FAIL] Incorrect Output at MODE: 1 , CMD: 11 
#  Inputs:	OPA: 164 , OPB: 158 , INP_VALID : 11 
#  Expected Result : RES:    66 , COUT: 0 , OFLOW: 1 , EGL: 010 , ERR: 0 
#  DUT Result	: RES:    66 , COUT: 1 , OFLOW: 1 , EGL: 000 , ERR: 0 
# -----------------------------------------------------------------------
# -----------------------------------------------------------------------
#  [FAIL] Incorrect Output at MODE: 1 , CMD: 11 
#  Inputs:	OPA: 144 , OPB:  91 , INP_VALID : 11 
#  Expected Result : RES:   235 , COUT: 0 , OFLOW: 0 , EGL: 001 , ERR: 0 
#  DUT Result	: RES:   235 , COUT: 1 , OFLOW: 0 , EGL: 000 , ERR: 0 
# -----------------------------------------------------------------------
# -----------------------------------------------------------------------
#  [FAIL] Incorrect Output at MODE: 1 , CMD: 11 
#  Inputs:	OPA: 251 , OPB:  19 , INP_VALID : 11 
#  Expected Result : RES:    14 , COUT: 0 , OFLOW: 0 , EGL: 001 , ERR: 0 
#  DUT Result	: RES:    14 , COUT: 0 , OFLOW: 0 , EGL: 000 , ERR: 0 
# -----------------------------------------------------------------------
# -----------------------------------------------------------------------
#  [FAIL] Incorrect Output at MODE: 1 , CMD: 11 
#  Inputs:	OPA:  17 , OPB: 140 , INP_VALID : 11 
#  Expected Result : RES:   157 , COUT: 0 , OFLOW: 0 , EGL: 010 , ERR: 0 
#  DUT Result	: RES:   157 , COUT: 1 , OFLOW: 0 , EGL: 000 , ERR: 0 
# -----------------------------------------------------------------------
# -----------------------------------------------------------------------
#  [FAIL] Incorrect Output at MODE: 1 , CMD: 11 
#  Inputs:	OPA: 227 , OPB: 217 , INP_VALID : 11 
#  Expected Result : RES:   188 , COUT: 0 , OFLOW: 0 , EGL: 010 , ERR: 0 
#  DUT Result	: RES:   188 , COUT: 1 , OFLOW: 0 , EGL: 000 , ERR: 0 
# -----------------------------------------------------------------------
# -----------------------------------------------------------------------
#  [FAIL] Incorrect Output at MODE: 1 , CMD: 11 
#  Inputs:	OPA:  18 , OPB: 226 , INP_VALID : 11 
#  Expected Result : RES:   244 , COUT: 0 , OFLOW: 0 , EGL: 010 , ERR: 0 
#  DUT Result	: RES:   244 , COUT: 1 , OFLOW: 0 , EGL: 000 , ERR: 0 
# -----------------------------------------------------------------------
# -----------------------------------------------------------------------
#  [FAIL] Incorrect Output at MODE: 1 , CMD: 11 
#  Inputs:	OPA: 153 , OPB: 154 , INP_VALID : 11 
#  Expected Result : RES:    51 , COUT: 0 , OFLOW: 1 , EGL: 001 , ERR: 0 
#  DUT Result	: RES:    51 , COUT: 1 , OFLOW: 1 , EGL: 000 , ERR: 0 
# -----------------------------------------------------------------------
# -----------------------------------------------------------------------
#  [FAIL] Incorrect Output at MODE: 1 , CMD: 11 
#  Inputs:	OPA:  77 , OPB: 188 , INP_VALID : 11 
#  Expected Result : RES:     9 , COUT: 0 , OFLOW: 0 , EGL: 010 , ERR: 0 
#  DUT Result	: RES:     9 , COUT: 0 , OFLOW: 0 , EGL: 000 , ERR: 0 
# -----------------------------------------------------------------------
# -----------------------------------------------------------------------
#  [FAIL] Incorrect Output at MODE: 1 , CMD: 11 
#  Inputs:	OPA:  39 , OPB:  30 , INP_VALID : 11 
#  Expected Result : RES:    69 , COUT: 0 , OFLOW: 0 , EGL: 010 , ERR: 0 
#  DUT Result	: RES:    69 , COUT: 0 , OFLOW: 0 , EGL: 000 , ERR: 0 
# -----------------------------------------------------------------------
# -----------------------------------------------------------------------
#  [FAIL] Incorrect Output at MODE: 1 , CMD: 11 
#  Inputs:	OPA: 183 , OPB: 233 , INP_VALID : 11 
#  Expected Result : RES:   160 , COUT: 0 , OFLOW: 0 , EGL: 001 , ERR: 0 
#  DUT Result	: RES:   160 , COUT: 1 , OFLOW: 0 , EGL: 000 , ERR: 0 
# -----------------------------------------------------------------------
# -----------------------------------------------------------------------
#  [FAIL] Incorrect Output at MODE: 1 , CMD: 11 
#  Inputs:	OPA:  55 , OPB: 139 , INP_VALID : 11 
#  Expected Result : RES:   194 , COUT: 0 , OFLOW: 0 , EGL: 010 , ERR: 0 
#  DUT Result	: RES:   194 , COUT: 1 , OFLOW: 0 , EGL: 000 , ERR: 0 
# -----------------------------------------------------------------------
# -----------------------------------------------------------------------
#  [FAIL] Incorrect Output at MODE: 1 , CMD: 11 
#  Inputs:	OPA: 104 , OPB: 160 , INP_VALID : 11 
#  Expected Result : RES:     8 , COUT: 0 , OFLOW: 0 , EGL: 010 , ERR: 0 
#  DUT Result	: RES:     8 , COUT: 0 , OFLOW: 0 , EGL: 000 , ERR: 0 
# -----------------------------------------------------------------------
# -----------------------------------------------------------------------
#  [FAIL] Incorrect Output at MODE: 1 , CMD: 12 
#  Inputs:	OPA:  54 , OPB: 220 , INP_VALID : 11 
#  Expected Result : RES:    90 , COUT: 0 , OFLOW: 0 , EGL: 010 , ERR: 0 
#  DUT Result	: RES:    90 , COUT: 0 , OFLOW: 0 , EGL: 000 , ERR: 0 
# -----------------------------------------------------------------------
# -----------------------------------------------------------------------
#  [FAIL] Incorrect Output at MODE: 1 , CMD: 12 
#  Inputs:	OPA: 102 , OPB:  56 , INP_VALID : 11 
#  Expected Result : RES:    46 , COUT: 0 , OFLOW: 0 , EGL: 010 , ERR: 0 
#  DUT Result	: RES:    46 , COUT: 0 , OFLOW: 0 , EGL: 000 , ERR: 0 
# -----------------------------------------------------------------------
# -----------------------------------------------------------------------
#  [FAIL] Incorrect Output at MODE: 1 , CMD: 12 
#  Inputs:	OPA: 133 , OPB: 159 , INP_VALID : 11 
#  Expected Result : RES:   230 , COUT: 0 , OFLOW: 0 , EGL: 001 , ERR: 0 
#  DUT Result	: RES:   230 , COUT: 1 , OFLOW: 0 , EGL: 000 , ERR: 0 
# -----------------------------------------------------------------------
# -----------------------------------------------------------------------
#  [FAIL] Incorrect Output at MODE: 1 , CMD: 12 
#  Inputs:	OPA:  47 , OPB:  63 , INP_VALID : 11 
#  Expected Result : RES:   240 , COUT: 0 , OFLOW: 1 , EGL: 001 , ERR: 0 
#  DUT Result	: RES:   240 , COUT: 1 , OFLOW: 0 , EGL: 000 , ERR: 0 
# -----------------------------------------------------------------------
# -----------------------------------------------------------------------
#  [FAIL] Incorrect Output at MODE: 1 , CMD: 12 
#  Inputs:	OPA:   9 , OPB: 215 , INP_VALID : 11 
#  Expected Result : RES:    50 , COUT: 0 , OFLOW: 0 , EGL: 010 , ERR: 0 
#  DUT Result	: RES:    50 , COUT: 0 , OFLOW: 0 , EGL: 000 , ERR: 0 
# -----------------------------------------------------------------------
# -----------------------------------------------------------------------
#  [FAIL] Incorrect Output at MODE: 1 , CMD: 12 
#  Inputs:	OPA:  67 , OPB: 143 , INP_VALID : 11 
#  Expected Result : RES:   180 , COUT: 0 , OFLOW: 0 , EGL: 010 , ERR: 0 
#  DUT Result	: RES:   180 , COUT: 0 , OFLOW: 1 , EGL: 000 , ERR: 0 
# -----------------------------------------------------------------------
# -----------------------------------------------------------------------
#  [FAIL] Incorrect Output at MODE: 1 , CMD: 12 
#  Inputs:	OPA: 212 , OPB: 223 , INP_VALID : 11 
#  Expected Result : RES:   245 , COUT: 0 , OFLOW: 0 , EGL: 001 , ERR: 0 
#  DUT Result	: RES:   245 , COUT: 1 , OFLOW: 0 , EGL: 000 , ERR: 0 
# -----------------------------------------------------------------------
# -----------------------------------------------------------------------
#  [FAIL] Incorrect Output at MODE: 1 , CMD: 12 
#  Inputs:	OPA:  21 , OPB: 236 , INP_VALID : 11 
#  Expected Result : RES:    41 , COUT: 0 , OFLOW: 0 , EGL: 010 , ERR: 0 
#  DUT Result	: RES:    41 , COUT: 0 , OFLOW: 0 , EGL: 000 , ERR: 0 
# -----------------------------------------------------------------------
# -----------------------------------------------------------------------
#  [FAIL] Incorrect Output at MODE: 1 , CMD: 12 
#  Inputs:	OPA:  36 , OPB:  95 , INP_VALID : 11 
#  Expected Result : RES:   197 , COUT: 0 , OFLOW: 1 , EGL: 001 , ERR: 0 
#  DUT Result	: RES:   197 , COUT: 1 , OFLOW: 0 , EGL: 000 , ERR: 0 
# -----------------------------------------------------------------------
# -----------------------------------------------------------------------
#  [FAIL] Incorrect Output at MODE: 1 , CMD: 12 
#  Inputs:	OPA: 200 , OPB:  56 , INP_VALID : 11 
#  Expected Result : RES:   144 , COUT: 0 , OFLOW: 0 , EGL: 001 , ERR: 0 
#  DUT Result	: RES:   144 , COUT: 1 , OFLOW: 0 , EGL: 000 , ERR: 0 
# -----------------------------------------------------------------------
# -----------------------------------------------------------------------
#  [FAIL] Incorrect Output at MODE: 1 , CMD: 12 
#  Inputs:	OPA:  85 , OPB: 142 , INP_VALID : 11 
#  Expected Result : RES:   199 , COUT: 0 , OFLOW: 0 , EGL: 010 , ERR: 0 
#  DUT Result	: RES:   199 , COUT: 0 , OFLOW: 1 , EGL: 000 , ERR: 0 
# -----------------------------------------------------------------------
# -----------------------------------------------------------------------
#  [FAIL] Incorrect Output at MODE: 1 , CMD: 12 
#  Inputs:	OPA: 179 , OPB: 120 , INP_VALID : 11 
#  Expected Result : RES:    59 , COUT: 0 , OFLOW: 0 , EGL: 001 , ERR: 0 
#  DUT Result	: RES:    59 , COUT: 1 , OFLOW: 1 , EGL: 000 , ERR: 0 
# -----------------------------------------------------------------------
# -----------------------------------------------------------------------
#  [FAIL] Incorrect Output at MODE: 1 , CMD: 12 
#  Inputs:	OPA:  56 , OPB:  14 , INP_VALID : 11 
#  Expected Result : RES:    42 , COUT: 0 , OFLOW: 0 , EGL: 010 , ERR: 0 
#  DUT Result	: RES:    42 , COUT: 0 , OFLOW: 0 , EGL: 000 , ERR: 0 
# -----------------------------------------------------------------------
# -----------------------------------------------------------------------
#  [FAIL] Incorrect Output at MODE: 1 , CMD: 12 
#  Inputs:	OPA: 213 , OPB: 127 , INP_VALID : 11 
#  Expected Result : RES:    86 , COUT: 0 , OFLOW: 0 , EGL: 001 , ERR: 0 
#  DUT Result	: RES:    86 , COUT: 1 , OFLOW: 1 , EGL: 000 , ERR: 0 
# -----------------------------------------------------------------------
# -----------------------------------------------------------------------
#  [FAIL] Incorrect Output at MODE: 1 , CMD: 12 
#  Inputs:	OPA:  21 , OPB: 140 , INP_VALID : 11 
#  Expected Result : RES:   137 , COUT: 0 , OFLOW: 0 , EGL: 010 , ERR: 0 
#  DUT Result	: RES:   137 , COUT: 0 , OFLOW: 1 , EGL: 000 , ERR: 0 
# -----------------------------------------------------------------------
# -----------------------------------------------------------------------
#  [FAIL] Incorrect Output at MODE: 1 , CMD: 12 
#  Inputs:	OPA: 199 , OPB: 254 , INP_VALID : 11 
#  Expected Result : RES:   201 , COUT: 0 , OFLOW: 0 , EGL: 001 , ERR: 0 
#  DUT Result	: RES:   201 , COUT: 1 , OFLOW: 0 , EGL: 000 , ERR: 0 
# -----------------------------------------------------------------------
# -----------------------------------------------------------------------
#  [FAIL] Incorrect Output at MODE: 1 , CMD: 12 
#  Inputs:	OPA:  94 , OPB: 198 , INP_VALID : 11 
#  Expected Result : RES:   152 , COUT: 0 , OFLOW: 0 , EGL: 010 , ERR: 0 
#  DUT Result	: RES:   152 , COUT: 0 , OFLOW: 1 , EGL: 000 , ERR: 0 
# -----------------------------------------------------------------------
# -----------------------------------------------------------------------
#  [FAIL] Incorrect Output at MODE: 1 , CMD: 12 
#  Inputs:	OPA: 169 , OPB: 217 , INP_VALID : 11 
#  Expected Result : RES:   208 , COUT: 0 , OFLOW: 0 , EGL: 001 , ERR: 0 
#  DUT Result	: RES:   208 , COUT: 1 , OFLOW: 0 , EGL: 000 , ERR: 0 
# -----------------------------------------------------------------------
# -----------------------------------------------------------------------
#  [FAIL] Incorrect Output at MODE: 1 , CMD: 12 
#  Inputs:	OPA: 198 , OPB: 148 , INP_VALID : 11 
#  Expected Result : RES:    50 , COUT: 0 , OFLOW: 1 , EGL: 010 , ERR: 0 
#  DUT Result	: RES:    50 , COUT: 0 , OFLOW: 0 , EGL: 000 , ERR: 0 
# -----------------------------------------------------------------------
# -----------------------------------------------------------------------
#  [FAIL] Incorrect Output at MODE: 1 , CMD: 12 
#  Inputs:	OPA:  88 , OPB: 216 , INP_VALID : 11 
#  Expected Result : RES:   128 , COUT: 0 , OFLOW: 0 , EGL: 010 , ERR: 0 
#  DUT Result	: RES:   128 , COUT: 0 , OFLOW: 1 , EGL: 000 , ERR: 0 
# -----------------------------------------------------------------------
# -----------------------------------------------------------------------
#  [FAIL] Incorrect Output at MODE: 1 , CMD: 12 
#  Inputs:	OPA: 176 , OPB:   8 , INP_VALID : 11 
#  Expected Result : RES:   168 , COUT: 0 , OFLOW: 0 , EGL: 001 , ERR: 0 
#  DUT Result	: RES:   168 , COUT: 1 , OFLOW: 0 , EGL: 000 , ERR: 0 
# -----------------------------------------------------------------------
# -----------------------------------------------------------------------
#  [FAIL] Incorrect Output at MODE: 1 , CMD: 12 
#  Inputs:	OPA:  35 , OPB: 255 , INP_VALID : 11 
#  Expected Result : RES:    36 , COUT: 0 , OFLOW: 0 , EGL: 010 , ERR: 0 
#  DUT Result	: RES:    36 , COUT: 0 , OFLOW: 0 , EGL: 000 , ERR: 0 
# -----------------------------------------------------------------------
# -----------------------------------------------------------------------
#  [FAIL] Incorrect Output at MODE: 1 , CMD: 12 
#  Inputs:	OPA: 216 , OPB:  58 , INP_VALID : 11 
#  Expected Result : RES:   158 , COUT: 0 , OFLOW: 0 , EGL: 001 , ERR: 0 
#  DUT Result	: RES:   158 , COUT: 1 , OFLOW: 0 , EGL: 000 , ERR: 0 
# -----------------------------------------------------------------------
# -----------------------------------------------------------------------
#  [FAIL] Incorrect Output at MODE: 1 , CMD: 12 
#  Inputs:	OPA:  50 , OPB: 181 , INP_VALID : 11 
#  Expected Result : RES:   125 , COUT: 0 , OFLOW: 0 , EGL: 010 , ERR: 0 
#  DUT Result	: RES:   125 , COUT: 0 , OFLOW: 0 , EGL: 000 , ERR: 0 
# -----------------------------------------------------------------------
# -----------------------------------------------------------------------
#  [FAIL] Incorrect Output at MODE: 1 , CMD: 12 
#  Inputs:	OPA: 127 , OPB:  85 , INP_VALID : 11 
#  Expected Result : RES:    42 , COUT: 0 , OFLOW: 0 , EGL: 010 , ERR: 0 
#  DUT Result	: RES:    42 , COUT: 0 , OFLOW: 0 , EGL: 000 , ERR: 0 
# -----------------------------------------------------------------------
# -----------------------------------------------------------------------
#  [FAIL] Incorrect Output at MODE: 1 , CMD: 12 
#  Inputs:	OPA:  52 , OPB: 199 , INP_VALID : 11 
#  Expected Result : RES:   109 , COUT: 0 , OFLOW: 0 , EGL: 010 , ERR: 0 
#  DUT Result	: RES:   109 , COUT: 0 , OFLOW: 0 , EGL: 000 , ERR: 0 
# -----------------------------------------------------------------------
# -----------------------------------------------------------------------
#  [FAIL] Incorrect Output at MODE: 1 , CMD: 12 
#  Inputs:	OPA: 232 , OPB:  22 , INP_VALID : 11 
#  Expected Result : RES:   210 , COUT: 0 , OFLOW: 0 , EGL: 001 , ERR: 0 
#  DUT Result	: RES:   210 , COUT: 1 , OFLOW: 0 , EGL: 000 , ERR: 0 
# -----------------------------------------------------------------------
# -----------------------------------------------------------------------
#  [FAIL] Incorrect Output at MODE: 1 , CMD: 12 
#  Inputs:	OPA:  80 , OPB:  98 , INP_VALID : 11 
#  Expected Result : RES:   238 , COUT: 0 , OFLOW: 1 , EGL: 001 , ERR: 0 
#  DUT Result	: RES:   238 , COUT: 1 , OFLOW: 0 , EGL: 000 , ERR: 0 
# -----------------------------------------------------------------------
# -----------------------------------------------------------------------
#  [FAIL] Incorrect Output at MODE: 1 , CMD: 12 
#  Inputs:	OPA:   6 , OPB: 193 , INP_VALID : 11 
#  Expected Result : RES:    69 , COUT: 0 , OFLOW: 0 , EGL: 010 , ERR: 0 
#  DUT Result	: RES:    69 , COUT: 0 , OFLOW: 0 , EGL: 000 , ERR: 0 
# -----------------------------------------------------------------------
# -----------------------------------------------------------------------
#  [FAIL] Incorrect Output at MODE: 1 , CMD: 12 
#  Inputs:	OPA: 246 , OPB:   4 , INP_VALID : 11 
#  Expected Result : RES:   242 , COUT: 0 , OFLOW: 0 , EGL: 001 , ERR: 0 
#  DUT Result	: RES:   242 , COUT: 1 , OFLOW: 0 , EGL: 000 , ERR: 0 
# -----------------------------------------------------------------------
# -----------------------------------------------------------------------
#  [FAIL] Incorrect Output at MODE: 1 , CMD: 12 
#  Inputs:	OPA:  22 , OPB:   7 , INP_VALID : 11 
#  Expected Result : RES:    15 , COUT: 0 , OFLOW: 0 , EGL: 010 , ERR: 0 
#  DUT Result	: RES:    15 , COUT: 0 , OFLOW: 0 , EGL: 000 , ERR: 0 
# -----------------------------------------------------------------------
# -----------------------------------------------------------------------
#  [FAIL] Incorrect Output at MODE: 1 , CMD: 12 
#  Inputs:	OPA: 107 , OPB:  84 , INP_VALID : 11 
#  Expected Result : RES:    23 , COUT: 0 , OFLOW: 0 , EGL: 010 , ERR: 0 
#  DUT Result	: RES:    23 , COUT: 0 , OFLOW: 0 , EGL: 000 , ERR: 0 
# -----------------------------------------------------------------------
# -----------------------------------------------------------------------
#  [FAIL] Incorrect Output at MODE: 1 , CMD: 12 
#  Inputs:	OPA: 195 , OPB:  88 , INP_VALID : 11 
#  Expected Result : RES:   107 , COUT: 0 , OFLOW: 0 , EGL: 001 , ERR: 0 
#  DUT Result	: RES:   107 , COUT: 1 , OFLOW: 1 , EGL: 000 , ERR: 0 
# -----------------------------------------------------------------------
# -----------------------------------------------------------------------
#  [FAIL] Incorrect Output at MODE: 1 , CMD: 12 
#  Inputs:	OPA:  57 , OPB:  47 , INP_VALID : 11 
#  Expected Result : RES:    10 , COUT: 0 , OFLOW: 0 , EGL: 010 , ERR: 0 
#  DUT Result	: RES:    10 , COUT: 0 , OFLOW: 0 , EGL: 000 , ERR: 0 
# -----------------------------------------------------------------------
# -----------------------------------------------------------------------
#  [FAIL] Incorrect Output at MODE: 1 , CMD: 12 
#  Inputs:	OPA:  70 , OPB: 232 , INP_VALID : 11 
#  Expected Result : RES:    94 , COUT: 0 , OFLOW: 0 , EGL: 010 , ERR: 0 
#  DUT Result	: RES:    94 , COUT: 0 , OFLOW: 0 , EGL: 000 , ERR: 0 
# -----------------------------------------------------------------------
# -----------------------------------------------------------------------
#  [FAIL] Incorrect Output at MODE: 1 , CMD: 12 
#  Inputs:	OPA:  77 , OPB: 103 , INP_VALID : 11 
#  Expected Result : RES:   230 , COUT: 0 , OFLOW: 1 , EGL: 001 , ERR: 0 
#  DUT Result	: RES:   230 , COUT: 1 , OFLOW: 0 , EGL: 000 , ERR: 0 
# -----------------------------------------------------------------------
# -----------------------------------------------------------------------
#  [FAIL] Incorrect Output at MODE: 1 , CMD: 12 
#  Inputs:	OPA:  86 , OPB: 132 , INP_VALID : 11 
#  Expected Result : RES:   210 , COUT: 0 , OFLOW: 0 , EGL: 010 , ERR: 0 
#  DUT Result	: RES:   210 , COUT: 0 , OFLOW: 1 , EGL: 000 , ERR: 0 
# -----------------------------------------------------------------------
# -----------------------------------------------------------------------
#  [FAIL] Incorrect Output at MODE: 1 , CMD: 12 
#  Inputs:	OPA:   9 , OPB:  43 , INP_VALID : 11 
#  Expected Result : RES:   222 , COUT: 0 , OFLOW: 1 , EGL: 001 , ERR: 0 
#  DUT Result	: RES:   222 , COUT: 1 , OFLOW: 0 , EGL: 000 , ERR: 0 
# -----------------------------------------------------------------------
# -----------------------------------------------------------------------
#  [FAIL] Incorrect Output at MODE: 1 , CMD: 12 
#  Inputs:	OPA: 197 , OPB: 181 , INP_VALID : 11 
#  Expected Result : RES:    16 , COUT: 0 , OFLOW: 1 , EGL: 010 , ERR: 0 
#  DUT Result	: RES:    16 , COUT: 0 , OFLOW: 0 , EGL: 000 , ERR: 0 
# -----------------------------------------------------------------------
# -----------------------------------------------------------------------
#  [FAIL] Incorrect Output at MODE: 1 , CMD: 12 
#  Inputs:	OPA:  24 , OPB: 245 , INP_VALID : 11 
#  Expected Result : RES:    35 , COUT: 0 , OFLOW: 0 , EGL: 010 , ERR: 0 
#  DUT Result	: RES:    35 , COUT: 0 , OFLOW: 0 , EGL: 000 , ERR: 0 
# -----------------------------------------------------------------------
# -----------------------------------------------------------------------
#  [FAIL] Incorrect Output at MODE: 1 , CMD: 12 
#  Inputs:	OPA:  34 , OPB:  33 , INP_VALID : 11 
#  Expected Result : RES:     1 , COUT: 0 , OFLOW: 0 , EGL: 010 , ERR: 0 
#  DUT Result	: RES:     1 , COUT: 0 , OFLOW: 0 , EGL: 000 , ERR: 0 
# -----------------------------------------------------------------------
# -----------------------------------------------------------------------
#  [FAIL] Incorrect Output at MODE: 1 , CMD: 12 
#  Inputs:	OPA: 251 , OPB: 229 , INP_VALID : 11 
#  Expected Result : RES:    22 , COUT: 0 , OFLOW: 1 , EGL: 010 , ERR: 0 
#  DUT Result	: RES:    22 , COUT: 0 , OFLOW: 0 , EGL: 000 , ERR: 0 
# -----------------------------------------------------------------------
# -----------------------------------------------------------------------
#  [FAIL] Incorrect Output at MODE: 1 , CMD: 12 
#  Inputs:	OPA: 125 , OPB: 110 , INP_VALID : 11 
#  Expected Result : RES:    15 , COUT: 0 , OFLOW: 0 , EGL: 010 , ERR: 0 
#  DUT Result	: RES:    15 , COUT: 0 , OFLOW: 0 , EGL: 000 , ERR: 0 
# -----------------------------------------------------------------------
# -----------------------------------------------------------------------
#  [FAIL] Incorrect Output at MODE: 1 , CMD: 12 
#  Inputs:	OPA:  32 , OPB: 173 , INP_VALID : 11 
#  Expected Result : RES:   115 , COUT: 0 , OFLOW: 0 , EGL: 010 , ERR: 0 
#  DUT Result	: RES:   115 , COUT: 0 , OFLOW: 0 , EGL: 000 , ERR: 0 
# -----------------------------------------------------------------------
# -----------------------------------------------------------------------
#  [FAIL] Incorrect Output at MODE: 1 , CMD: 12 
#  Inputs:	OPA: 130 , OPB:  88 , INP_VALID : 11 
#  Expected Result : RES:    42 , COUT: 0 , OFLOW: 0 , EGL: 001 , ERR: 0 
#  DUT Result	: RES:    42 , COUT: 1 , OFLOW: 1 , EGL: 000 , ERR: 0 
# -----------------------------------------------------------------------
# -----------------------------------------------------------------------
#  [FAIL] Incorrect Output at MODE: 1 , CMD: 12 
#  Inputs:	OPA: 194 , OPB:  21 , INP_VALID : 11 
#  Expected Result : RES:   173 , COUT: 0 , OFLOW: 0 , EGL: 001 , ERR: 0 
#  DUT Result	: RES:   173 , COUT: 1 , OFLOW: 0 , EGL: 000 , ERR: 0 
# -----------------------------------------------------------------------
# -----------------------------------------------------------------------
#  [FAIL] Incorrect Output at MODE: 1 , CMD: 12 
#  Inputs:	OPA:  22 , OPB: 184 , INP_VALID : 11 
#  Expected Result : RES:    94 , COUT: 0 , OFLOW: 0 , EGL: 010 , ERR: 0 
#  DUT Result	: RES:    94 , COUT: 0 , OFLOW: 0 , EGL: 000 , ERR: 0 
# -----------------------------------------------------------------------
# -----------------------------------------------------------------------
#  [FAIL] Incorrect Output at MODE: 1 , CMD: 12 
#  Inputs:	OPA: 135 , OPB:  87 , INP_VALID : 11 
#  Expected Result : RES:    48 , COUT: 0 , OFLOW: 0 , EGL: 001 , ERR: 0 
#  DUT Result	: RES:    48 , COUT: 1 , OFLOW: 1 , EGL: 000 , ERR: 0 
# -----------------------------------------------------------------------
# -----------------------------------------------------------------------
#  [FAIL] Incorrect Output at MODE: 1 , CMD: 12 
#  Inputs:	OPA: 200 , OPB: 244 , INP_VALID : 11 
#  Expected Result : RES:   212 , COUT: 0 , OFLOW: 0 , EGL: 001 , ERR: 0 
#  DUT Result	: RES:   212 , COUT: 1 , OFLOW: 0 , EGL: 000 , ERR: 0 
# -----------------------------------------------------------------------
# -----------------------------------------------------------------------
#  [FAIL] Incorrect Output at MODE: 1 , CMD: 12 
#  Inputs:	OPA: 220 , OPB: 242 , INP_VALID : 11 
#  Expected Result : RES:   234 , COUT: 0 , OFLOW: 0 , EGL: 001 , ERR: 0 
#  DUT Result	: RES:   234 , COUT: 1 , OFLOW: 0 , EGL: 000 , ERR: 0 
# -----------------------------------------------------------------------
# -----------------------------------------------------------------------
#  [FAIL] Incorrect Output at MODE: 1 , CMD: 12 
#  Inputs:	OPA:  45 , OPB: 149 , INP_VALID : 11 
#  Expected Result : RES:   152 , COUT: 0 , OFLOW: 0 , EGL: 010 , ERR: 0 
#  DUT Result	: RES:   152 , COUT: 0 , OFLOW: 1 , EGL: 000 , ERR: 0 
# -----------------------------------------------------------------------
# -----------------------------------------------------------------------
#  [FAIL] Incorrect Output at MODE: 1 , CMD: 12 
#  Inputs:	OPA:  64 , OPB: 234 , INP_VALID : 11 
#  Expected Result : RES:    86 , COUT: 0 , OFLOW: 0 , EGL: 010 , ERR: 0 
#  DUT Result	: RES:    86 , COUT: 0 , OFLOW: 0 , EGL: 000 , ERR: 0 
# -----------------------------------------------------------------------
# -----------------------------------------------------------------------
#  [FAIL] Incorrect Output at MODE: 1 , CMD: 12 
#  Inputs:	OPA: 228 , OPB:  92 , INP_VALID : 11 
#  Expected Result : RES:   136 , COUT: 0 , OFLOW: 0 , EGL: 001 , ERR: 0 
#  DUT Result	: RES:   136 , COUT: 1 , OFLOW: 0 , EGL: 000 , ERR: 0 
# -----------------------------------------------------------------------
# -----------------------------------------------------------------------
#  [FAIL] Incorrect Output at MODE: 1 , CMD: 12 
#  Inputs:	OPA: 211 , OPB:  25 , INP_VALID : 11 
#  Expected Result : RES:   186 , COUT: 0 , OFLOW: 0 , EGL: 001 , ERR: 0 
#  DUT Result	: RES:   186 , COUT: 1 , OFLOW: 0 , EGL: 000 , ERR: 0 
# -----------------------------------------------------------------------
# -----------------------------------------------------------------------
#  [FAIL] Incorrect Output at MODE: 1 , CMD: 12 
#  Inputs:	OPA:  24 , OPB:  33 , INP_VALID : 11 
#  Expected Result : RES:   247 , COUT: 0 , OFLOW: 1 , EGL: 001 , ERR: 0 
#  DUT Result	: RES:   247 , COUT: 1 , OFLOW: 0 , EGL: 000 , ERR: 0 
# -----------------------------------------------------------------------
# -----------------------------------------------------------------------
#  [FAIL] Incorrect Output at MODE: 1 , CMD: 12 
#  Inputs:	OPA: 162 , OPB:  19 , INP_VALID : 11 
#  Expected Result : RES:   143 , COUT: 0 , OFLOW: 0 , EGL: 001 , ERR: 0 
#  DUT Result	: RES:   143 , COUT: 1 , OFLOW: 0 , EGL: 000 , ERR: 0 
# -----------------------------------------------------------------------
# -----------------------------------------------------------------------
#  [FAIL] Incorrect Output at MODE: 1 , CMD: 12 
#  Inputs:	OPA: 237 , OPB: 202 , INP_VALID : 11 
#  Expected Result : RES:    35 , COUT: 0 , OFLOW: 1 , EGL: 010 , ERR: 0 
#  DUT Result	: RES:    35 , COUT: 0 , OFLOW: 0 , EGL: 000 , ERR: 0 
# -----------------------------------------------------------------------
# -----------------------------------------------------------------------
#  [FAIL] Incorrect Output at MODE: 1 , CMD: 12 
#  Inputs:	OPA: 237 , OPB: 117 , INP_VALID : 11 
#  Expected Result : RES:   120 , COUT: 0 , OFLOW: 0 , EGL: 001 , ERR: 0 
#  DUT Result	: RES:   120 , COUT: 1 , OFLOW: 1 , EGL: 000 , ERR: 0 
# -----------------------------------------------------------------------
# -----------------------------------------------------------------------
#  [FAIL] Incorrect Output at MODE: 1 , CMD: 12 
#  Inputs:	OPA:  69 , OPB: 183 , INP_VALID : 11 
#  Expected Result : RES:   142 , COUT: 0 , OFLOW: 0 , EGL: 010 , ERR: 0 
#  DUT Result	: RES:   142 , COUT: 0 , OFLOW: 1 , EGL: 000 , ERR: 0 
# -----------------------------------------------------------------------
# -----------------------------------------------------------------------
#  [FAIL] Incorrect Output at MODE: 1 , CMD: 12 
#  Inputs:	OPA:  49 , OPB: 170 , INP_VALID : 11 
#  Expected Result : RES:   135 , COUT: 0 , OFLOW: 0 , EGL: 010 , ERR: 0 
#  DUT Result	: RES:   135 , COUT: 0 , OFLOW: 1 , EGL: 000 , ERR: 0 
# -----------------------------------------------------------------------
# -----------------------------------------------------------------------
#  [FAIL] Incorrect Output at MODE: 1 , CMD: 12 
#  Inputs:	OPA:  84 , OPB: 251 , INP_VALID : 11 
#  Expected Result : RES:    89 , COUT: 0 , OFLOW: 0 , EGL: 010 , ERR: 0 
#  DUT Result	: RES:    89 , COUT: 0 , OFLOW: 0 , EGL: 000 , ERR: 0 
# -----------------------------------------------------------------------
# -----------------------------------------------------------------------
#  [FAIL] Incorrect Output at MODE: 1 , CMD: 12 
#  Inputs:	OPA: 183 , OPB: 100 , INP_VALID : 11 
#  Expected Result : RES:    83 , COUT: 0 , OFLOW: 0 , EGL: 001 , ERR: 0 
#  DUT Result	: RES:    83 , COUT: 1 , OFLOW: 1 , EGL: 000 , ERR: 0 
# -----------------------------------------------------------------------
# -----------------------------------------------------------------------
#  [FAIL] Incorrect Output at MODE: 1 , CMD: 12 
#  Inputs:	OPA: 185 , OPB: 109 , INP_VALID : 11 
#  Expected Result : RES:    76 , COUT: 0 , OFLOW: 0 , EGL: 001 , ERR: 0 
#  DUT Result	: RES:    76 , COUT: 1 , OFLOW: 1 , EGL: 000 , ERR: 0 
# -----------------------------------------------------------------------
# -----------------------------------------------------------------------
#  [FAIL] Incorrect Output at MODE: 1 , CMD: 12 
#  Inputs:	OPA: 199 , OPB:  38 , INP_VALID : 11 
#  Expected Result : RES:   161 , COUT: 0 , OFLOW: 0 , EGL: 001 , ERR: 0 
#  DUT Result	: RES:   161 , COUT: 1 , OFLOW: 0 , EGL: 000 , ERR: 0 
# -----------------------------------------------------------------------
# -----------------------------------------------------------------------
#  [FAIL] Incorrect Output at MODE: 1 , CMD: 12 
#  Inputs:	OPA:  17 , OPB: 242 , INP_VALID : 11 
#  Expected Result : RES:    31 , COUT: 0 , OFLOW: 0 , EGL: 010 , ERR: 0 
#  DUT Result	: RES:    31 , COUT: 0 , OFLOW: 0 , EGL: 000 , ERR: 0 
# -----------------------------------------------------------------------
# -----------------------------------------------------------------------
#  [FAIL] Incorrect Output at MODE: 1 , CMD: 12 
#  Inputs:	OPA:  88 , OPB: 243 , INP_VALID : 11 
#  Expected Result : RES:   101 , COUT: 0 , OFLOW: 0 , EGL: 010 , ERR: 0 
#  DUT Result	: RES:   101 , COUT: 0 , OFLOW: 0 , EGL: 000 , ERR: 0 
# -----------------------------------------------------------------------
# -----------------------------------------------------------------------
#  [FAIL] Incorrect Output at MODE: 1 , CMD: 12 
#  Inputs:	OPA: 186 , OPB:  78 , INP_VALID : 11 
#  Expected Result : RES:   108 , COUT: 0 , OFLOW: 0 , EGL: 001 , ERR: 0 
#  DUT Result	: RES:   108 , COUT: 1 , OFLOW: 1 , EGL: 000 , ERR: 0 
# -----------------------------------------------------------------------
# -----------------------------------------------------------------------
#  [FAIL] Incorrect Output at MODE: 1 , CMD: 12 
#  Inputs:	OPA: 198 , OPB: 140 , INP_VALID : 11 
#  Expected Result : RES:    58 , COUT: 0 , OFLOW: 1 , EGL: 010 , ERR: 0 
#  DUT Result	: RES:    58 , COUT: 0 , OFLOW: 0 , EGL: 000 , ERR: 0 
# -----------------------------------------------------------------------
# -----------------------------------------------------------------------
#  [FAIL] Incorrect Output at MODE: 1 , CMD: 12 
#  Inputs:	OPA: 141 , OPB: 253 , INP_VALID : 11 
#  Expected Result : RES:   144 , COUT: 0 , OFLOW: 0 , EGL: 001 , ERR: 0 
#  DUT Result	: RES:   144 , COUT: 1 , OFLOW: 0 , EGL: 000 , ERR: 0 
# -----------------------------------------------------------------------
# -----------------------------------------------------------------------
#  [FAIL] Incorrect Output at MODE: 1 , CMD: 12 
#  Inputs:	OPA:  10 , OPB: 109 , INP_VALID : 11 
#  Expected Result : RES:   157 , COUT: 0 , OFLOW: 1 , EGL: 001 , ERR: 0 
#  DUT Result	: RES:   157 , COUT: 1 , OFLOW: 0 , EGL: 000 , ERR: 0 
# -----------------------------------------------------------------------
# -----------------------------------------------------------------------
#  [FAIL] Incorrect Output at MODE: 1 , CMD: 12 
#  Inputs:	OPA:  41 , OPB:  47 , INP_VALID : 11 
#  Expected Result : RES:   250 , COUT: 0 , OFLOW: 1 , EGL: 001 , ERR: 0 
#  DUT Result	: RES:   250 , COUT: 1 , OFLOW: 0 , EGL: 000 , ERR: 0 
# -----------------------------------------------------------------------
# -----------------------------------------------------------------------
#  [FAIL] Incorrect Output at MODE: 1 , CMD: 12 
#  Inputs:	OPA: 120 , OPB: 234 , INP_VALID : 11 
#  Expected Result : RES:   142 , COUT: 0 , OFLOW: 0 , EGL: 010 , ERR: 0 
#  DUT Result	: RES:   142 , COUT: 0 , OFLOW: 1 , EGL: 000 , ERR: 0 
# -----------------------------------------------------------------------
# -----------------------------------------------------------------------
#  [FAIL] Incorrect Output at MODE: 1 , CMD: 12 
#  Inputs:	OPA: 145 , OPB: 156 , INP_VALID : 11 
#  Expected Result : RES:   245 , COUT: 0 , OFLOW: 0 , EGL: 001 , ERR: 0 
#  DUT Result	: RES:   245 , COUT: 1 , OFLOW: 0 , EGL: 000 , ERR: 0 
# -----------------------------------------------------------------------
# -----------------------------------------------------------------------
#  [FAIL] Incorrect Output at MODE: 1 , CMD: 12 
#  Inputs:	OPA: 173 , OPB: 255 , INP_VALID : 11 
#  Expected Result : RES:   174 , COUT: 0 , OFLOW: 0 , EGL: 001 , ERR: 0 
#  DUT Result	: RES:   174 , COUT: 1 , OFLOW: 0 , EGL: 000 , ERR: 0 
# -----------------------------------------------------------------------
# -----------------------------------------------------------------------
#  [FAIL] Incorrect Output at MODE: 1 , CMD: 12 
#  Inputs:	OPA: 149 , OPB: 154 , INP_VALID : 11 
#  Expected Result : RES:   251 , COUT: 0 , OFLOW: 0 , EGL: 001 , ERR: 0 
#  DUT Result	: RES:   251 , COUT: 1 , OFLOW: 0 , EGL: 000 , ERR: 0 
# -----------------------------------------------------------------------
# -----------------------------------------------------------------------
#  [FAIL] Incorrect Output at MODE: 1 , CMD: 12 
#  Inputs:	OPA:  72 , OPB: 230 , INP_VALID : 11 
#  Expected Result : RES:    98 , COUT: 0 , OFLOW: 0 , EGL: 010 , ERR: 0 
#  DUT Result	: RES:    98 , COUT: 0 , OFLOW: 0 , EGL: 000 , ERR: 0 
# -----------------------------------------------------------------------
# -----------------------------------------------------------------------
#  [FAIL] Incorrect Output at MODE: 1 , CMD: 12 
#  Inputs:	OPA: 254 , OPB: 128 , INP_VALID : 11 
#  Expected Result : RES:   126 , COUT: 0 , OFLOW: 1 , EGL: 010 , ERR: 0 
#  DUT Result	: RES:   126 , COUT: 0 , OFLOW: 0 , EGL: 000 , ERR: 0 
# -----------------------------------------------------------------------
# -----------------------------------------------------------------------
#  [FAIL] Incorrect Output at MODE: 1 , CMD: 12 
#  Inputs:	OPA: 204 , OPB: 209 , INP_VALID : 11 
#  Expected Result : RES:   251 , COUT: 0 , OFLOW: 0 , EGL: 001 , ERR: 0 
#  DUT Result	: RES:   251 , COUT: 1 , OFLOW: 0 , EGL: 000 , ERR: 0 
# -----------------------------------------------------------------------
# -----------------------------------------------------------------------
#  [FAIL] Incorrect Output at MODE: 1 , CMD: 12 
#  Inputs:	OPA: 149 , OPB: 162 , INP_VALID : 11 
#  Expected Result : RES:   243 , COUT: 0 , OFLOW: 0 , EGL: 001 , ERR: 0 
#  DUT Result	: RES:   243 , COUT: 1 , OFLOW: 0 , EGL: 000 , ERR: 0 
# -----------------------------------------------------------------------
# -----------------------------------------------------------------------
#  [FAIL] Incorrect Output at MODE: 1 , CMD: 12 
#  Inputs:	OPA: 245 , OPB:  98 , INP_VALID : 11 
#  Expected Result : RES:   147 , COUT: 0 , OFLOW: 0 , EGL: 001 , ERR: 0 
#  DUT Result	: RES:   147 , COUT: 1 , OFLOW: 0 , EGL: 000 , ERR: 0 
# -----------------------------------------------------------------------
# -----------------------------------------------------------------------
#  [FAIL] Incorrect Output at MODE: 1 , CMD: 12 
#  Inputs:	OPA: 163 , OPB:  58 , INP_VALID : 11 
#  Expected Result : RES:   105 , COUT: 0 , OFLOW: 0 , EGL: 001 , ERR: 0 
#  DUT Result	: RES:   105 , COUT: 1 , OFLOW: 1 , EGL: 000 , ERR: 0 
# -----------------------------------------------------------------------
# -----------------------------------------------------------------------
#  [FAIL] Incorrect Output at MODE: 1 , CMD: 12 
#  Inputs:	OPA:  18 , OPB:  63 , INP_VALID : 11 
#  Expected Result : RES:   211 , COUT: 0 , OFLOW: 1 , EGL: 001 , ERR: 0 
#  DUT Result	: RES:   211 , COUT: 1 , OFLOW: 0 , EGL: 000 , ERR: 0 
# -----------------------------------------------------------------------
# -----------------------------------------------------------------------
#  [FAIL] Incorrect Output at MODE: 1 , CMD: 12 
#  Inputs:	OPA:  99 , OPB:  27 , INP_VALID : 11 
#  Expected Result : RES:    72 , COUT: 0 , OFLOW: 0 , EGL: 010 , ERR: 0 
#  DUT Result	: RES:    72 , COUT: 0 , OFLOW: 0 , EGL: 000 , ERR: 0 
# -----------------------------------------------------------------------
# -----------------------------------------------------------------------
#  [FAIL] Incorrect Output at MODE: 1 , CMD: 12 
#  Inputs:	OPA: 120 , OPB: 197 , INP_VALID : 11 
#  Expected Result : RES:   179 , COUT: 0 , OFLOW: 0 , EGL: 010 , ERR: 0 
#  DUT Result	: RES:   179 , COUT: 0 , OFLOW: 1 , EGL: 000 , ERR: 0 
# -----------------------------------------------------------------------
# -----------------------------------------------------------------------
#  [FAIL] Incorrect Output at MODE: 1 , CMD: 12 
#  Inputs:	OPA: 236 , OPB: 205 , INP_VALID : 11 
#  Expected Result : RES:    31 , COUT: 0 , OFLOW: 1 , EGL: 010 , ERR: 0 
#  DUT Result	: RES:    31 , COUT: 0 , OFLOW: 0 , EGL: 000 , ERR: 0 
# -----------------------------------------------------------------------
# -----------------------------------------------------------------------
#  [FAIL] Incorrect Output at MODE: 1 , CMD: 12 
#  Inputs:	OPA: 124 , OPB: 141 , INP_VALID : 11 
#  Expected Result : RES:   239 , COUT: 0 , OFLOW: 0 , EGL: 010 , ERR: 0 
#  DUT Result	: RES:   239 , COUT: 0 , OFLOW: 1 , EGL: 000 , ERR: 0 
# -----------------------------------------------------------------------
# -----------------------------------------------------------------------
#  [FAIL] Incorrect Output at MODE: 1 , CMD: 12 
#  Inputs:	OPA:  79 , OPB:  16 , INP_VALID : 11 
#  Expected Result : RES:    63 , COUT: 0 , OFLOW: 0 , EGL: 010 , ERR: 0 
#  DUT Result	: RES:    63 , COUT: 0 , OFLOW: 0 , EGL: 000 , ERR: 0 
# -----------------------------------------------------------------------
# -----------------------------------------------------------------------
#  [FAIL] Incorrect Output at MODE: 1 , CMD: 12 
#  Inputs:	OPA: 173 , OPB: 236 , INP_VALID : 11 
#  Expected Result : RES:   193 , COUT: 0 , OFLOW: 0 , EGL: 001 , ERR: 0 
#  DUT Result	: RES:   193 , COUT: 1 , OFLOW: 0 , EGL: 000 , ERR: 0 
# -----------------------------------------------------------------------
# -----------------------------------------------------------------------
#  [FAIL] Incorrect Output at MODE: 1 , CMD: 12 
#  Inputs:	OPA: 176 , OPB: 199 , INP_VALID : 11 
#  Expected Result : RES:   233 , COUT: 0 , OFLOW: 0 , EGL: 001 , ERR: 0 
#  DUT Result	: RES:   233 , COUT: 1 , OFLOW: 0 , EGL: 000 , ERR: 0 
# -----------------------------------------------------------------------
# -----------------------------------------------------------------------
#  [FAIL] Incorrect Output at MODE: 1 , CMD: 12 
#  Inputs:	OPA:  76 , OPB: 217 , INP_VALID : 11 
#  Expected Result : RES:   115 , COUT: 0 , OFLOW: 0 , EGL: 010 , ERR: 0 
#  DUT Result	: RES:   115 , COUT: 0 , OFLOW: 0 , EGL: 000 , ERR: 0 
# -----------------------------------------------------------------------
# -----------------------------------------------------------------------
#  [FAIL] Incorrect Output at MODE: 1 , CMD: 12 
#  Inputs:	OPA:   9 , OPB: 234 , INP_VALID : 11 
#  Expected Result : RES:    31 , COUT: 0 , OFLOW: 0 , EGL: 010 , ERR: 0 
#  DUT Result	: RES:    31 , COUT: 0 , OFLOW: 0 , EGL: 000 , ERR: 0 
# -----------------------------------------------------------------------
# -----------------------------------------------------------------------
#  [FAIL] Incorrect Output at MODE: 1 , CMD: 12 
#  Inputs:	OPA: 122 , OPB:  77 , INP_VALID : 11 
#  Expected Result : RES:    45 , COUT: 0 , OFLOW: 0 , EGL: 010 , ERR: 0 
#  DUT Result	: RES:    45 , COUT: 0 , OFLOW: 0 , EGL: 000 , ERR: 0 
# -----------------------------------------------------------------------
# -----------------------------------------------------------------------
#  [FAIL] Incorrect Output at MODE: 1 , CMD: 12 
#  Inputs:	OPA: 253 , OPB:  10 , INP_VALID : 11 
#  Expected Result : RES:   243 , COUT: 0 , OFLOW: 0 , EGL: 001 , ERR: 0 
#  DUT Result	: RES:   243 , COUT: 1 , OFLOW: 0 , EGL: 000 , ERR: 0 
# -----------------------------------------------------------------------
# -----------------------------------------------------------------------
#  [FAIL] Incorrect Output at MODE: 1 , CMD: 12 
#  Inputs:	OPA:  17 , OPB: 145 , INP_VALID : 11 
#  Expected Result : RES:   128 , COUT: 0 , OFLOW: 0 , EGL: 010 , ERR: 0 
#  DUT Result	: RES:   128 , COUT: 0 , OFLOW: 1 , EGL: 000 , ERR: 0 
# -----------------------------------------------------------------------
# -----------------------------------------------------------------------
#  [FAIL] Incorrect Output at MODE: 1 , CMD: 12 
#  Inputs:	OPA:  75 , OPB:  35 , INP_VALID : 11 
#  Expected Result : RES:    40 , COUT: 0 , OFLOW: 0 , EGL: 010 , ERR: 0 
#  DUT Result	: RES:    40 , COUT: 0 , OFLOW: 0 , EGL: 000 , ERR: 0 
# -----------------------------------------------------------------------
# -----------------------------------------------------------------------
#  [FAIL] Incorrect Output at MODE: 1 , CMD: 12 
#  Inputs:	OPA: 150 , OPB:  83 , INP_VALID : 11 
#  Expected Result : RES:    67 , COUT: 0 , OFLOW: 0 , EGL: 001 , ERR: 0 
#  DUT Result	: RES:    67 , COUT: 1 , OFLOW: 1 , EGL: 000 , ERR: 0 
# -----------------------------------------------------------------------
# -----------------------------------------------------------------------
#  [FAIL] Incorrect Output at MODE: 1 , CMD: 12 
#  Inputs:	OPA:   8 , OPB: 234 , INP_VALID : 11 
#  Expected Result : RES:    30 , COUT: 0 , OFLOW: 0 , EGL: 010 , ERR: 0 
#  DUT Result	: RES:    30 , COUT: 0 , OFLOW: 0 , EGL: 000 , ERR: 0 
# -----------------------------------------------------------------------
# -----------------------------------------------------------------------
#  [FAIL] Incorrect Output at MODE: 1 , CMD: 12 
#  Inputs:	OPA: 176 , OPB:  57 , INP_VALID : 11 
#  Expected Result : RES:   119 , COUT: 0 , OFLOW: 0 , EGL: 001 , ERR: 0 
#  DUT Result	: RES:   119 , COUT: 1 , OFLOW: 1 , EGL: 000 , ERR: 0 
# -----------------------------------------------------------------------
# -----------------------------------------------------------------------
#  [FAIL] Incorrect Output at MODE: 1 , CMD: 12 
#  Inputs:	OPA: 241 , OPB: 253 , INP_VALID : 11 
#  Expected Result : RES:   244 , COUT: 0 , OFLOW: 0 , EGL: 001 , ERR: 0 
#  DUT Result	: RES:   244 , COUT: 1 , OFLOW: 0 , EGL: 000 , ERR: 0 
# -----------------------------------------------------------------------
# -----------------------------------------------------------------------
#  [FAIL] Incorrect Output at MODE: 1 , CMD: 12 
#  Inputs:	OPA: 147 , OPB: 123 , INP_VALID : 11 
#  Expected Result : RES:    24 , COUT: 0 , OFLOW: 0 , EGL: 001 , ERR: 0 
#  DUT Result	: RES:    24 , COUT: 1 , OFLOW: 1 , EGL: 000 , ERR: 0 
# -----------------------------------------------------------------------
#  [PASS] Inputs: OPA:  36 , OPB: 208 , INP_VALID : 11 
#  Expected Result : RES:     0 , COUT: 0 , OFLOW: 0 , EGL: 000 , ERR: 0 
#  DUT Result	: RES:     0 , COUT: 0 , OFLOW: 0 , EGL: 000 , ERR: 0 
#  [PASS] Inputs: OPA: 222 , OPB: 193 , INP_VALID : 11 
#  Expected Result : RES:   192 , COUT: 0 , OFLOW: 0 , EGL: 000 , ERR: 0 
#  DUT Result	: RES:   192 , COUT: 0 , OFLOW: 0 , EGL: 000 , ERR: 0 
#  [PASS] Inputs: OPA: 255 , OPB:  18 , INP_VALID : 11 
#  Expected Result : RES:    18 , COUT: 0 , OFLOW: 0 , EGL: 000 , ERR: 0 
#  DUT Result	: RES:    18 , COUT: 0 , OFLOW: 0 , EGL: 000 , ERR: 0 
#  [PASS] Inputs: OPA:  95 , OPB:  62 , INP_VALID : 11 
#  Expected Result : RES:    30 , COUT: 0 , OFLOW: 0 , EGL: 000 , ERR: 0 
#  DUT Result	: RES:    30 , COUT: 0 , OFLOW: 0 , EGL: 000 , ERR: 0 
#  [PASS] Inputs: OPA: 255 , OPB: 254 , INP_VALID : 11 
#  Expected Result : RES:   254 , COUT: 0 , OFLOW: 0 , EGL: 000 , ERR: 0 
#  DUT Result	: RES:   254 , COUT: 0 , OFLOW: 0 , EGL: 000 , ERR: 0 
#  [PASS] Inputs: OPA: 235 , OPB:  63 , INP_VALID : 11 
#  Expected Result : RES:    43 , COUT: 0 , OFLOW: 0 , EGL: 000 , ERR: 0 
#  DUT Result	: RES:    43 , COUT: 0 , OFLOW: 0 , EGL: 000 , ERR: 0 
#  [PASS] Inputs: OPA: 161 , OPB:  62 , INP_VALID : 11 
#  Expected Result : RES:    32 , COUT: 0 , OFLOW: 0 , EGL: 000 , ERR: 0 
#  DUT Result	: RES:    32 , COUT: 0 , OFLOW: 0 , EGL: 000 , ERR: 0 
#  [PASS] Inputs: OPA: 210 , OPB:  71 , INP_VALID : 11 
#  Expected Result : RES:    66 , COUT: 0 , OFLOW: 0 , EGL: 000 , ERR: 0 
#  DUT Result	: RES:    66 , COUT: 0 , OFLOW: 0 , EGL: 000 , ERR: 0 
#  [PASS] Inputs: OPA: 231 , OPB: 164 , INP_VALID : 11 
#  Expected Result : RES:   164 , COUT: 0 , OFLOW: 0 , EGL: 000 , ERR: 0 
#  DUT Result	: RES:   164 , COUT: 0 , OFLOW: 0 , EGL: 000 , ERR: 0 
#  [PASS] Inputs: OPA:  74 , OPB:  72 , INP_VALID : 11 
#  Expected Result : RES:    72 , COUT: 0 , OFLOW: 0 , EGL: 000 , ERR: 0 
#  DUT Result	: RES:    72 , COUT: 0 , OFLOW: 0 , EGL: 000 , ERR: 0 
#  [PASS] Inputs: OPA: 169 , OPB: 172 , INP_VALID : 11 
#  Expected Result : RES:   168 , COUT: 0 , OFLOW: 0 , EGL: 000 , ERR: 0 
#  DUT Result	: RES:   168 , COUT: 0 , OFLOW: 0 , EGL: 000 , ERR: 0 
#  [PASS] Inputs: OPA: 136 , OPB:   5 , INP_VALID : 11 
#  Expected Result : RES:     0 , COUT: 0 , OFLOW: 0 , EGL: 000 , ERR: 0 
#  DUT Result	: RES:     0 , COUT: 0 , OFLOW: 0 , EGL: 000 , ERR: 0 
#  [PASS] Inputs: OPA: 103 , OPB: 243 , INP_VALID : 11 
#  Expected Result : RES:    99 , COUT: 0 , OFLOW: 0 , EGL: 000 , ERR: 0 
#  DUT Result	: RES:    99 , COUT: 0 , OFLOW: 0 , EGL: 000 , ERR: 0 
#  [PASS] Inputs: OPA: 182 , OPB: 192 , INP_VALID : 11 
#  Expected Result : RES:   128 , COUT: 0 , OFLOW: 0 , EGL: 000 , ERR: 0 
#  DUT Result	: RES:   128 , COUT: 0 , OFLOW: 0 , EGL: 000 , ERR: 0 
#  [PASS] Inputs: OPA: 164 , OPB: 140 , INP_VALID : 11 
#  Expected Result : RES:   132 , COUT: 0 , OFLOW: 0 , EGL: 000 , ERR: 0 
#  DUT Result	: RES:   132 , COUT: 0 , OFLOW: 0 , EGL: 000 , ERR: 0 
#  [PASS] Inputs: OPA: 150 , OPB:  34 , INP_VALID : 11 
#  Expected Result : RES:     2 , COUT: 0 , OFLOW: 0 , EGL: 000 , ERR: 0 
#  DUT Result	: RES:     2 , COUT: 0 , OFLOW: 0 , EGL: 000 , ERR: 0 
#  [PASS] Inputs: OPA:   6 , OPB:  69 , INP_VALID : 11 
#  Expected Result : RES:     4 , COUT: 0 , OFLOW: 0 , EGL: 000 , ERR: 0 
#  DUT Result	: RES:     4 , COUT: 0 , OFLOW: 0 , EGL: 000 , ERR: 0 
#  [PASS] Inputs: OPA: 110 , OPB:  84 , INP_VALID : 11 
#  Expected Result : RES:    68 , COUT: 0 , OFLOW: 0 , EGL: 000 , ERR: 0 
#  DUT Result	: RES:    68 , COUT: 0 , OFLOW: 0 , EGL: 000 , ERR: 0 
#  [PASS] Inputs: OPA: 235 , OPB:  69 , INP_VALID : 11 
#  Expected Result : RES:    65 , COUT: 0 , OFLOW: 0 , EGL: 000 , ERR: 0 
#  DUT Result	: RES:    65 , COUT: 0 , OFLOW: 0 , EGL: 000 , ERR: 0 
#  [PASS] Inputs: OPA:  87 , OPB: 222 , INP_VALID : 11 
#  Expected Result : RES:    86 , COUT: 0 , OFLOW: 0 , EGL: 000 , ERR: 0 
#  DUT Result	: RES:    86 , COUT: 0 , OFLOW: 0 , EGL: 000 , ERR: 0 
#  [PASS] Inputs: OPA: 100 , OPB:  22 , INP_VALID : 11 
#  Expected Result : RES:     4 , COUT: 0 , OFLOW: 0 , EGL: 000 , ERR: 0 
#  DUT Result	: RES:     4 , COUT: 0 , OFLOW: 0 , EGL: 000 , ERR: 0 
#  [PASS] Inputs: OPA:  91 , OPB: 120 , INP_VALID : 11 
#  Expected Result : RES:    88 , COUT: 0 , OFLOW: 0 , EGL: 000 , ERR: 0 
#  DUT Result	: RES:    88 , COUT: 0 , OFLOW: 0 , EGL: 000 , ERR: 0 
#  [PASS] Inputs: OPA: 227 , OPB: 150 , INP_VALID : 11 
#  Expected Result : RES:   130 , COUT: 0 , OFLOW: 0 , EGL: 000 , ERR: 0 
#  DUT Result	: RES:   130 , COUT: 0 , OFLOW: 0 , EGL: 000 , ERR: 0 
#  [PASS] Inputs: OPA: 238 , OPB: 219 , INP_VALID : 11 
#  Expected Result : RES:   202 , COUT: 0 , OFLOW: 0 , EGL: 000 , ERR: 0 
#  DUT Result	: RES:   202 , COUT: 0 , OFLOW: 0 , EGL: 000 , ERR: 0 
#  [PASS] Inputs: OPA: 138 , OPB: 231 , INP_VALID : 11 
#  Expected Result : RES:   130 , COUT: 0 , OFLOW: 0 , EGL: 000 , ERR: 0 
#  DUT Result	: RES:   130 , COUT: 0 , OFLOW: 0 , EGL: 000 , ERR: 0 
#  [PASS] Inputs: OPA: 149 , OPB:  45 , INP_VALID : 11 
#  Expected Result : RES:     5 , COUT: 0 , OFLOW: 0 , EGL: 000 , ERR: 0 
#  DUT Result	: RES:     5 , COUT: 0 , OFLOW: 0 , EGL: 000 , ERR: 0 
#  [PASS] Inputs: OPA: 205 , OPB: 135 , INP_VALID : 11 
#  Expected Result : RES:   133 , COUT: 0 , OFLOW: 0 , EGL: 000 , ERR: 0 
#  DUT Result	: RES:   133 , COUT: 0 , OFLOW: 0 , EGL: 000 , ERR: 0 
#  [PASS] Inputs: OPA: 169 , OPB: 109 , INP_VALID : 11 
#  Expected Result : RES:    41 , COUT: 0 , OFLOW: 0 , EGL: 000 , ERR: 0 
#  DUT Result	: RES:    41 , COUT: 0 , OFLOW: 0 , EGL: 000 , ERR: 0 
#  [PASS] Inputs: OPA: 171 , OPB: 183 , INP_VALID : 11 
#  Expected Result : RES:   163 , COUT: 0 , OFLOW: 0 , EGL: 000 , ERR: 0 
#  DUT Result	: RES:   163 , COUT: 0 , OFLOW: 0 , EGL: 000 , ERR: 0 
#  [PASS] Inputs: OPA:  41 , OPB:  76 , INP_VALID : 11 
#  Expected Result : RES:     8 , COUT: 0 , OFLOW: 0 , EGL: 000 , ERR: 0 
#  DUT Result	: RES:     8 , COUT: 0 , OFLOW: 0 , EGL: 000 , ERR: 0 
#  [PASS] Inputs: OPA:  80 , OPB: 153 , INP_VALID : 11 
#  Expected Result : RES:    16 , COUT: 0 , OFLOW: 0 , EGL: 000 , ERR: 0 
#  DUT Result	: RES:    16 , COUT: 0 , OFLOW: 0 , EGL: 000 , ERR: 0 
#  [PASS] Inputs: OPA: 228 , OPB: 220 , INP_VALID : 11 
#  Expected Result : RES:   196 , COUT: 0 , OFLOW: 0 , EGL: 000 , ERR: 0 
#  DUT Result	: RES:   196 , COUT: 0 , OFLOW: 0 , EGL: 000 , ERR: 0 
#  [PASS] Inputs: OPA:  41 , OPB:  68 , INP_VALID : 11 
#  Expected Result : RES:     0 , COUT: 0 , OFLOW: 0 , EGL: 000 , ERR: 0 
#  DUT Result	: RES:     0 , COUT: 0 , OFLOW: 0 , EGL: 000 , ERR: 0 
#  [PASS] Inputs: OPA: 146 , OPB: 175 , INP_VALID : 11 
#  Expected Result : RES:   130 , COUT: 0 , OFLOW: 0 , EGL: 000 , ERR: 0 
#  DUT Result	: RES:   130 , COUT: 0 , OFLOW: 0 , EGL: 000 , ERR: 0 
#  [PASS] Inputs: OPA:  34 , OPB:  24 , INP_VALID : 11 
#  Expected Result : RES:     0 , COUT: 0 , OFLOW: 0 , EGL: 000 , ERR: 0 
#  DUT Result	: RES:     0 , COUT: 0 , OFLOW: 0 , EGL: 000 , ERR: 0 
#  [PASS] Inputs: OPA: 171 , OPB: 187 , INP_VALID : 11 
#  Expected Result : RES:   171 , COUT: 0 , OFLOW: 0 , EGL: 000 , ERR: 0 
#  DUT Result	: RES:   171 , COUT: 0 , OFLOW: 0 , EGL: 000 , ERR: 0 
#  [PASS] Inputs: OPA:  22 , OPB: 170 , INP_VALID : 11 
#  Expected Result : RES:     2 , COUT: 0 , OFLOW: 0 , EGL: 000 , ERR: 0 
#  DUT Result	: RES:     2 , COUT: 0 , OFLOW: 0 , EGL: 000 , ERR: 0 
#  [PASS] Inputs: OPA: 188 , OPB: 245 , INP_VALID : 11 
#  Expected Result : RES:   180 , COUT: 0 , OFLOW: 0 , EGL: 000 , ERR: 0 
#  DUT Result	: RES:   180 , COUT: 0 , OFLOW: 0 , EGL: 000 , ERR: 0 
#  [PASS] Inputs: OPA: 251 , OPB: 251 , INP_VALID : 11 
#  Expected Result : RES:   251 , COUT: 0 , OFLOW: 0 , EGL: 000 , ERR: 0 
#  DUT Result	: RES:   251 , COUT: 0 , OFLOW: 0 , EGL: 000 , ERR: 0 
#  [PASS] Inputs: OPA: 159 , OPB: 205 , INP_VALID : 11 
#  Expected Result : RES:   141 , COUT: 0 , OFLOW: 0 , EGL: 000 , ERR: 0 
#  DUT Result	: RES:   141 , COUT: 0 , OFLOW: 0 , EGL: 000 , ERR: 0 
#  [PASS] Inputs: OPA:  16 , OPB: 150 , INP_VALID : 11 
#  Expected Result : RES:    16 , COUT: 0 , OFLOW: 0 , EGL: 000 , ERR: 0 
#  DUT Result	: RES:    16 , COUT: 0 , OFLOW: 0 , EGL: 000 , ERR: 0 
#  [PASS] Inputs: OPA:   6 , OPB:  38 , INP_VALID : 11 
#  Expected Result : RES:     6 , COUT: 0 , OFLOW: 0 , EGL: 000 , ERR: 0 
#  DUT Result	: RES:     6 , COUT: 0 , OFLOW: 0 , EGL: 000 , ERR: 0 
#  [PASS] Inputs: OPA:  65 , OPB:  47 , INP_VALID : 11 
#  Expected Result : RES:     1 , COUT: 0 , OFLOW: 0 , EGL: 000 , ERR: 0 
#  DUT Result	: RES:     1 , COUT: 0 , OFLOW: 0 , EGL: 000 , ERR: 0 
#  [PASS] Inputs: OPA: 110 , OPB: 129 , INP_VALID : 11 
#  Expected Result : RES:     0 , COUT: 0 , OFLOW: 0 , EGL: 000 , ERR: 0 
#  DUT Result	: RES:     0 , COUT: 0 , OFLOW: 0 , EGL: 000 , ERR: 0 
#  [PASS] Inputs: OPA: 161 , OPB: 176 , INP_VALID : 11 
#  Expected Result : RES:   160 , COUT: 0 , OFLOW: 0 , EGL: 000 , ERR: 0 
#  DUT Result	: RES:   160 , COUT: 0 , OFLOW: 0 , EGL: 000 , ERR: 0 
#  [PASS] Inputs: OPA:  44 , OPB:  13 , INP_VALID : 11 
#  Expected Result : RES:    12 , COUT: 0 , OFLOW: 0 , EGL: 000 , ERR: 0 
#  DUT Result	: RES:    12 , COUT: 0 , OFLOW: 0 , EGL: 000 , ERR: 0 
#  [PASS] Inputs: OPA: 128 , OPB: 202 , INP_VALID : 11 
#  Expected Result : RES:   128 , COUT: 0 , OFLOW: 0 , EGL: 000 , ERR: 0 
#  DUT Result	: RES:   128 , COUT: 0 , OFLOW: 0 , EGL: 000 , ERR: 0 
#  [PASS] Inputs: OPA: 102 , OPB: 149 , INP_VALID : 11 
#  Expected Result : RES:     4 , COUT: 0 , OFLOW: 0 , EGL: 000 , ERR: 0 
#  DUT Result	: RES:     4 , COUT: 0 , OFLOW: 0 , EGL: 000 , ERR: 0 
#  [PASS] Inputs: OPA:  13 , OPB: 101 , INP_VALID : 11 
#  Expected Result : RES:     5 , COUT: 0 , OFLOW: 0 , EGL: 000 , ERR: 0 
#  DUT Result	: RES:     5 , COUT: 0 , OFLOW: 0 , EGL: 000 , ERR: 0 
#  [PASS] Inputs: OPA: 118 , OPB: 128 , INP_VALID : 11 
#  Expected Result : RES:     0 , COUT: 0 , OFLOW: 0 , EGL: 000 , ERR: 0 
#  DUT Result	: RES:     0 , COUT: 0 , OFLOW: 0 , EGL: 000 , ERR: 0 
#  [PASS] Inputs: OPA:  48 , OPB: 249 , INP_VALID : 11 
#  Expected Result : RES:    48 , COUT: 0 , OFLOW: 0 , EGL: 000 , ERR: 0 
#  DUT Result	: RES:    48 , COUT: 0 , OFLOW: 0 , EGL: 000 , ERR: 0 
#  [PASS] Inputs: OPA:  91 , OPB: 221 , INP_VALID : 11 
#  Expected Result : RES:    89 , COUT: 0 , OFLOW: 0 , EGL: 000 , ERR: 0 
#  DUT Result	: RES:    89 , COUT: 0 , OFLOW: 0 , EGL: 000 , ERR: 0 
#  [PASS] Inputs: OPA: 190 , OPB: 184 , INP_VALID : 11 
#  Expected Result : RES:   184 , COUT: 0 , OFLOW: 0 , EGL: 000 , ERR: 0 
#  DUT Result	: RES:   184 , COUT: 0 , OFLOW: 0 , EGL: 000 , ERR: 0 
#  [PASS] Inputs: OPA:  28 , OPB: 112 , INP_VALID : 11 
#  Expected Result : RES:    16 , COUT: 0 , OFLOW: 0 , EGL: 000 , ERR: 0 
#  DUT Result	: RES:    16 , COUT: 0 , OFLOW: 0 , EGL: 000 , ERR: 0 
#  [PASS] Inputs: OPA: 218 , OPB:  26 , INP_VALID : 11 
#  Expected Result : RES:    26 , COUT: 0 , OFLOW: 0 , EGL: 000 , ERR: 0 
#  DUT Result	: RES:    26 , COUT: 0 , OFLOW: 0 , EGL: 000 , ERR: 0 
#  [PASS] Inputs: OPA: 136 , OPB: 189 , INP_VALID : 11 
#  Expected Result : RES:   136 , COUT: 0 , OFLOW: 0 , EGL: 000 , ERR: 0 
#  DUT Result	: RES:   136 , COUT: 0 , OFLOW: 0 , EGL: 000 , ERR: 0 
#  [PASS] Inputs: OPA:  26 , OPB:  65 , INP_VALID : 11 
#  Expected Result : RES:     0 , COUT: 0 , OFLOW: 0 , EGL: 000 , ERR: 0 
#  DUT Result	: RES:     0 , COUT: 0 , OFLOW: 0 , EGL: 000 , ERR: 0 
#  [PASS] Inputs: OPA:  75 , OPB: 238 , INP_VALID : 11 
#  Expected Result : RES:    74 , COUT: 0 , OFLOW: 0 , EGL: 000 , ERR: 0 
#  DUT Result	: RES:    74 , COUT: 0 , OFLOW: 0 , EGL: 000 , ERR: 0 
#  [PASS] Inputs: OPA:  28 , OPB: 237 , INP_VALID : 11 
#  Expected Result : RES:    12 , COUT: 0 , OFLOW: 0 , EGL: 000 , ERR: 0 
#  DUT Result	: RES:    12 , COUT: 0 , OFLOW: 0 , EGL: 000 , ERR: 0 
#  [PASS] Inputs: OPA: 138 , OPB:  96 , INP_VALID : 11 
#  Expected Result : RES:     0 , COUT: 0 , OFLOW: 0 , EGL: 000 , ERR: 0 
#  DUT Result	: RES:     0 , COUT: 0 , OFLOW: 0 , EGL: 000 , ERR: 0 
#  [PASS] Inputs: OPA:  21 , OPB:   7 , INP_VALID : 11 
#  Expected Result : RES:     5 , COUT: 0 , OFLOW: 0 , EGL: 000 , ERR: 0 
#  DUT Result	: RES:     5 , COUT: 0 , OFLOW: 0 , EGL: 000 , ERR: 0 
#  [PASS] Inputs: OPA: 163 , OPB:  13 , INP_VALID : 11 
#  Expected Result : RES:     1 , COUT: 0 , OFLOW: 0 , EGL: 000 , ERR: 0 
#  DUT Result	: RES:     1 , COUT: 0 , OFLOW: 0 , EGL: 000 , ERR: 0 
#  [PASS] Inputs: OPA: 147 , OPB:  63 , INP_VALID : 11 
#  Expected Result : RES:    19 , COUT: 0 , OFLOW: 0 , EGL: 000 , ERR: 0 
#  DUT Result	: RES:    19 , COUT: 0 , OFLOW: 0 , EGL: 000 , ERR: 0 
#  [PASS] Inputs: OPA:  35 , OPB:  44 , INP_VALID : 11 
#  Expected Result : RES:    32 , COUT: 0 , OFLOW: 0 , EGL: 000 , ERR: 0 
#  DUT Result	: RES:    32 , COUT: 0 , OFLOW: 0 , EGL: 000 , ERR: 0 
#  [PASS] Inputs: OPA:  63 , OPB:  87 , INP_VALID : 11 
#  Expected Result : RES:    23 , COUT: 0 , OFLOW: 0 , EGL: 000 , ERR: 0 
#  DUT Result	: RES:    23 , COUT: 0 , OFLOW: 0 , EGL: 000 , ERR: 0 
#  [PASS] Inputs: OPA: 174 , OPB: 213 , INP_VALID : 11 
#  Expected Result : RES:   132 , COUT: 0 , OFLOW: 0 , EGL: 000 , ERR: 0 
#  DUT Result	: RES:   132 , COUT: 0 , OFLOW: 0 , EGL: 000 , ERR: 0 
#  [PASS] Inputs: OPA:  64 , OPB: 245 , INP_VALID : 11 
#  Expected Result : RES:    64 , COUT: 0 , OFLOW: 0 , EGL: 000 , ERR: 0 
#  DUT Result	: RES:    64 , COUT: 0 , OFLOW: 0 , EGL: 000 , ERR: 0 
#  [PASS] Inputs: OPA: 244 , OPB: 129 , INP_VALID : 11 
#  Expected Result : RES:   128 , COUT: 0 , OFLOW: 0 , EGL: 000 , ERR: 0 
#  DUT Result	: RES:   128 , COUT: 0 , OFLOW: 0 , EGL: 000 , ERR: 0 
#  [PASS] Inputs: OPA: 150 , OPB:  63 , INP_VALID : 11 
#  Expected Result : RES:    22 , COUT: 0 , OFLOW: 0 , EGL: 000 , ERR: 0 
#  DUT Result	: RES:    22 , COUT: 0 , OFLOW: 0 , EGL: 000 , ERR: 0 
#  [PASS] Inputs: OPA:  28 , OPB:  12 , INP_VALID : 11 
#  Expected Result : RES:    12 , COUT: 0 , OFLOW: 0 , EGL: 000 , ERR: 0 
#  DUT Result	: RES:    12 , COUT: 0 , OFLOW: 0 , EGL: 000 , ERR: 0 
#  [PASS] Inputs: OPA:  87 , OPB: 235 , INP_VALID : 11 
#  Expected Result : RES:    67 , COUT: 0 , OFLOW: 0 , EGL: 000 , ERR: 0 
#  DUT Result	: RES:    67 , COUT: 0 , OFLOW: 0 , EGL: 000 , ERR: 0 
#  [PASS] Inputs: OPA: 195 , OPB:  75 , INP_VALID : 11 
#  Expected Result : RES:    67 , COUT: 0 , OFLOW: 0 , EGL: 000 , ERR: 0 
#  DUT Result	: RES:    67 , COUT: 0 , OFLOW: 0 , EGL: 000 , ERR: 0 
#  [PASS] Inputs: OPA: 228 , OPB: 226 , INP_VALID : 11 
#  Expected Result : RES:   224 , COUT: 0 , OFLOW: 0 , EGL: 000 , ERR: 0 
#  DUT Result	: RES:   224 , COUT: 0 , OFLOW: 0 , EGL: 000 , ERR: 0 
#  [PASS] Inputs: OPA:  70 , OPB:  46 , INP_VALID : 11 
#  Expected Result : RES:     6 , COUT: 0 , OFLOW: 0 , EGL: 000 , ERR: 0 
#  DUT Result	: RES:     6 , COUT: 0 , OFLOW: 0 , EGL: 000 , ERR: 0 
#  [PASS] Inputs: OPA:  35 , OPB: 124 , INP_VALID : 11 
#  Expected Result : RES:    32 , COUT: 0 , OFLOW: 0 , EGL: 000 , ERR: 0 
#  DUT Result	: RES:    32 , COUT: 0 , OFLOW: 0 , EGL: 000 , ERR: 0 
#  [PASS] Inputs: OPA: 139 , OPB: 109 , INP_VALID : 11 
#  Expected Result : RES:     9 , COUT: 0 , OFLOW: 0 , EGL: 000 , ERR: 0 
#  DUT Result	: RES:     9 , COUT: 0 , OFLOW: 0 , EGL: 000 , ERR: 0 
#  [PASS] Inputs: OPA: 246 , OPB:  61 , INP_VALID : 11 
#  Expected Result : RES:    52 , COUT: 0 , OFLOW: 0 , EGL: 000 , ERR: 0 
#  DUT Result	: RES:    52 , COUT: 0 , OFLOW: 0 , EGL: 000 , ERR: 0 
#  [PASS] Inputs: OPA: 208 , OPB:  83 , INP_VALID : 11 
#  Expected Result : RES:    80 , COUT: 0 , OFLOW: 0 , EGL: 000 , ERR: 0 
#  DUT Result	: RES:    80 , COUT: 0 , OFLOW: 0 , EGL: 000 , ERR: 0 
#  [PASS] Inputs: OPA: 225 , OPB:  45 , INP_VALID : 11 
#  Expected Result : RES:    33 , COUT: 0 , OFLOW: 0 , EGL: 000 , ERR: 0 
#  DUT Result	: RES:    33 , COUT: 0 , OFLOW: 0 , EGL: 000 , ERR: 0 
#  [PASS] Inputs: OPA: 236 , OPB: 136 , INP_VALID : 11 
#  Expected Result : RES:   136 , COUT: 0 , OFLOW: 0 , EGL: 000 , ERR: 0 
#  DUT Result	: RES:   136 , COUT: 0 , OFLOW: 0 , EGL: 000 , ERR: 0 
#  [PASS] Inputs: OPA: 114 , OPB: 135 , INP_VALID : 11 
#  Expected Result : RES:     2 , COUT: 0 , OFLOW: 0 , EGL: 000 , ERR: 0 
#  DUT Result	: RES:     2 , COUT: 0 , OFLOW: 0 , EGL: 000 , ERR: 0 
#  [PASS] Inputs: OPA: 213 , OPB:  61 , INP_VALID : 11 
#  Expected Result : RES:    21 , COUT: 0 , OFLOW: 0 , EGL: 000 , ERR: 0 
#  DUT Result	: RES:    21 , COUT: 0 , OFLOW: 0 , EGL: 000 , ERR: 0 
#  [PASS] Inputs: OPA:  57 , OPB:  90 , INP_VALID : 11 
#  Expected Result : RES:    24 , COUT: 0 , OFLOW: 0 , EGL: 000 , ERR: 0 
#  DUT Result	: RES:    24 , COUT: 0 , OFLOW: 0 , EGL: 000 , ERR: 0 
#  [PASS] Inputs: OPA:  46 , OPB:  56 , INP_VALID : 11 
#  Expected Result : RES:    40 , COUT: 0 , OFLOW: 0 , EGL: 000 , ERR: 0 
#  DUT Result	: RES:    40 , COUT: 0 , OFLOW: 0 , EGL: 000 , ERR: 0 
#  [PASS] Inputs: OPA: 137 , OPB: 228 , INP_VALID : 11 
#  Expected Result : RES:   128 , COUT: 0 , OFLOW: 0 , EGL: 000 , ERR: 0 
#  DUT Result	: RES:   128 , COUT: 0 , OFLOW: 0 , EGL: 000 , ERR: 0 
#  [PASS] Inputs: OPA: 136 , OPB: 117 , INP_VALID : 11 
#  Expected Result : RES:     0 , COUT: 0 , OFLOW: 0 , EGL: 000 , ERR: 0 
#  DUT Result	: RES:     0 , COUT: 0 , OFLOW: 0 , EGL: 000 , ERR: 0 
#  [PASS] Inputs: OPA:  78 , OPB:  76 , INP_VALID : 11 
#  Expected Result : RES:    76 , COUT: 0 , OFLOW: 0 , EGL: 000 , ERR: 0 
#  DUT Result	: RES:    76 , COUT: 0 , OFLOW: 0 , EGL: 000 , ERR: 0 
#  [PASS] Inputs: OPA: 123 , OPB:  52 , INP_VALID : 11 
#  Expected Result : RES:    48 , COUT: 0 , OFLOW: 0 , EGL: 000 , ERR: 0 
#  DUT Result	: RES:    48 , COUT: 0 , OFLOW: 0 , EGL: 000 , ERR: 0 
#  [PASS] Inputs: OPA:  99 , OPB: 129 , INP_VALID : 11 
#  Expected Result : RES:     1 , COUT: 0 , OFLOW: 0 , EGL: 000 , ERR: 0 
#  DUT Result	: RES:     1 , COUT: 0 , OFLOW: 0 , EGL: 000 , ERR: 0 
#  [PASS] Inputs: OPA: 179 , OPB: 165 , INP_VALID : 11 
#  Expected Result : RES:   161 , COUT: 0 , OFLOW: 0 , EGL: 000 , ERR: 0 
#  DUT Result	: RES:   161 , COUT: 0 , OFLOW: 0 , EGL: 000 , ERR: 0 
#  [PASS] Inputs: OPA: 232 , OPB: 164 , INP_VALID : 11 
#  Expected Result : RES:   160 , COUT: 0 , OFLOW: 0 , EGL: 000 , ERR: 0 
#  DUT Result	: RES:   160 , COUT: 0 , OFLOW: 0 , EGL: 000 , ERR: 0 
#  [PASS] Inputs: OPA: 123 , OPB: 112 , INP_VALID : 11 
#  Expected Result : RES:   112 , COUT: 0 , OFLOW: 0 , EGL: 000 , ERR: 0 
#  DUT Result	: RES:   112 , COUT: 0 , OFLOW: 0 , EGL: 000 , ERR: 0 
#  [PASS] Inputs: OPA: 118 , OPB: 194 , INP_VALID : 11 
#  Expected Result : RES:    66 , COUT: 0 , OFLOW: 0 , EGL: 000 , ERR: 0 
#  DUT Result	: RES:    66 , COUT: 0 , OFLOW: 0 , EGL: 000 , ERR: 0 
#  [PASS] Inputs: OPA: 245 , OPB: 250 , INP_VALID : 11 
#  Expected Result : RES:   240 , COUT: 0 , OFLOW: 0 , EGL: 000 , ERR: 0 
#  DUT Result	: RES:   240 , COUT: 0 , OFLOW: 0 , EGL: 000 , ERR: 0 
#  [PASS] Inputs: OPA: 210 , OPB: 131 , INP_VALID : 11 
#  Expected Result : RES:   130 , COUT: 0 , OFLOW: 0 , EGL: 000 , ERR: 0 
#  DUT Result	: RES:   130 , COUT: 0 , OFLOW: 0 , EGL: 000 , ERR: 0 
#  [PASS] Inputs: OPA: 240 , OPB: 194 , INP_VALID : 11 
#  Expected Result : RES:   192 , COUT: 0 , OFLOW: 0 , EGL: 000 , ERR: 0 
#  DUT Result	: RES:   192 , COUT: 0 , OFLOW: 0 , EGL: 000 , ERR: 0 
#  [PASS] Inputs: OPA: 165 , OPB: 189 , INP_VALID : 11 
#  Expected Result : RES:   165 , COUT: 0 , OFLOW: 0 , EGL: 000 , ERR: 0 
#  DUT Result	: RES:   165 , COUT: 0 , OFLOW: 0 , EGL: 000 , ERR: 0 
#  [PASS] Inputs: OPA:  46 , OPB: 232 , INP_VALID : 11 
#  Expected Result : RES:    40 , COUT: 0 , OFLOW: 0 , EGL: 000 , ERR: 0 
#  DUT Result	: RES:    40 , COUT: 0 , OFLOW: 0 , EGL: 000 , ERR: 0 
#  [PASS] Inputs: OPA: 226 , OPB:  84 , INP_VALID : 11 
#  Expected Result : RES:    64 , COUT: 0 , OFLOW: 0 , EGL: 000 , ERR: 0 
#  DUT Result	: RES:    64 , COUT: 0 , OFLOW: 0 , EGL: 000 , ERR: 0 
#  [PASS] Inputs: OPA: 139 , OPB:  10 , INP_VALID : 11 
#  Expected Result : RES:    10 , COUT: 0 , OFLOW: 0 , EGL: 000 , ERR: 0 
#  DUT Result	: RES:    10 , COUT: 0 , OFLOW: 0 , EGL: 000 , ERR: 0 
#  [PASS] Inputs: OPA:  86 , OPB: 144 , INP_VALID : 11 
#  Expected Result : RES:   239 , COUT: 0 , OFLOW: 0 , EGL: 000 , ERR: 0 
#  DUT Result	: RES:   239 , COUT: 0 , OFLOW: 0 , EGL: 000 , ERR: 0 
#  [PASS] Inputs: OPA:   0 , OPB:   3 , INP_VALID : 11 
#  Expected Result : RES:   255 , COUT: 0 , OFLOW: 0 , EGL: 000 , ERR: 0 
#  DUT Result	: RES:   255 , COUT: 0 , OFLOW: 0 , EGL: 000 , ERR: 0 
#  [PASS] Inputs: OPA: 193 , OPB: 162 , INP_VALID : 11 
#  Expected Result : RES:   127 , COUT: 0 , OFLOW: 0 , EGL: 000 , ERR: 0 
#  DUT Result	: RES:   127 , COUT: 0 , OFLOW: 0 , EGL: 000 , ERR: 0 
#  [PASS] Inputs: OPA: 143 , OPB: 112 , INP_VALID : 11 
#  Expected Result : RES:   255 , COUT: 0 , OFLOW: 0 , EGL: 000 , ERR: 0 
#  DUT Result	: RES:   255 , COUT: 0 , OFLOW: 0 , EGL: 000 , ERR: 0 
#  [PASS] Inputs: OPA: 102 , OPB: 205 , INP_VALID : 11 
#  Expected Result : RES:   187 , COUT: 0 , OFLOW: 0 , EGL: 000 , ERR: 0 
#  DUT Result	: RES:   187 , COUT: 0 , OFLOW: 0 , EGL: 000 , ERR: 0 
#  [PASS] Inputs: OPA: 197 , OPB:  62 , INP_VALID : 11 
#  Expected Result : RES:   251 , COUT: 0 , OFLOW: 0 , EGL: 000 , ERR: 0 
#  DUT Result	: RES:   251 , COUT: 0 , OFLOW: 0 , EGL: 000 , ERR: 0 
#  [PASS] Inputs: OPA: 237 , OPB: 221 , INP_VALID : 11 
#  Expected Result : RES:    50 , COUT: 0 , OFLOW: 0 , EGL: 000 , ERR: 0 
#  DUT Result	: RES:    50 , COUT: 0 , OFLOW: 0 , EGL: 000 , ERR: 0 
#  [PASS] Inputs: OPA: 127 , OPB: 184 , INP_VALID : 11 
#  Expected Result : RES:   199 , COUT: 0 , OFLOW: 0 , EGL: 000 , ERR: 0 
#  DUT Result	: RES:   199 , COUT: 0 , OFLOW: 0 , EGL: 000 , ERR: 0 
#  [PASS] Inputs: OPA:  38 , OPB: 156 , INP_VALID : 11 
#  Expected Result : RES:   251 , COUT: 0 , OFLOW: 0 , EGL: 000 , ERR: 0 
#  DUT Result	: RES:   251 , COUT: 0 , OFLOW: 0 , EGL: 000 , ERR: 0 
#  [PASS] Inputs: OPA: 244 , OPB:  90 , INP_VALID : 11 
#  Expected Result : RES:   175 , COUT: 0 , OFLOW: 0 , EGL: 000 , ERR: 0 
#  DUT Result	: RES:   175 , COUT: 0 , OFLOW: 0 , EGL: 000 , ERR: 0 
#  [PASS] Inputs: OPA:   8 , OPB: 134 , INP_VALID : 11 
#  Expected Result : RES:   255 , COUT: 0 , OFLOW: 0 , EGL: 000 , ERR: 0 
#  DUT Result	: RES:   255 , COUT: 0 , OFLOW: 0 , EGL: 000 , ERR: 0 
#  [PASS] Inputs: OPA: 102 , OPB:  62 , INP_VALID : 11 
#  Expected Result : RES:   217 , COUT: 0 , OFLOW: 0 , EGL: 000 , ERR: 0 
#  DUT Result	: RES:   217 , COUT: 0 , OFLOW: 0 , EGL: 000 , ERR: 0 
#  [PASS] Inputs: OPA:  62 , OPB: 189 , INP_VALID : 11 
#  Expected Result : RES:   195 , COUT: 0 , OFLOW: 0 , EGL: 000 , ERR: 0 
#  DUT Result	: RES:   195 , COUT: 0 , OFLOW: 0 , EGL: 000 , ERR: 0 
#  [PASS] Inputs: OPA:  69 , OPB: 202 , INP_VALID : 11 
#  Expected Result : RES:   191 , COUT: 0 , OFLOW: 0 , EGL: 000 , ERR: 0 
#  DUT Result	: RES:   191 , COUT: 0 , OFLOW: 0 , EGL: 000 , ERR: 0 
#  [PASS] Inputs: OPA: 253 , OPB: 144 , INP_VALID : 11 
#  Expected Result : RES:   111 , COUT: 0 , OFLOW: 0 , EGL: 000 , ERR: 0 
#  DUT Result	: RES:   111 , COUT: 0 , OFLOW: 0 , EGL: 000 , ERR: 0 
#  [PASS] Inputs: OPA: 250 , OPB: 148 , INP_VALID : 11 
#  Expected Result : RES:   111 , COUT: 0 , OFLOW: 0 , EGL: 000 , ERR: 0 
#  DUT Result	: RES:   111 , COUT: 0 , OFLOW: 0 , EGL: 000 , ERR: 0 
#  [PASS] Inputs: OPA: 170 , OPB:  13 , INP_VALID : 11 
#  Expected Result : RES:   247 , COUT: 0 , OFLOW: 0 , EGL: 000 , ERR: 0 
#  DUT Result	: RES:   247 , COUT: 0 , OFLOW: 0 , EGL: 000 , ERR: 0 
#  [PASS] Inputs: OPA: 144 , OPB: 213 , INP_VALID : 11 
#  Expected Result : RES:   111 , COUT: 0 , OFLOW: 0 , EGL: 000 , ERR: 0 
#  DUT Result	: RES:   111 , COUT: 0 , OFLOW: 0 , EGL: 000 , ERR: 0 
#  [PASS] Inputs: OPA: 247 , OPB: 122 , INP_VALID : 11 
#  Expected Result : RES:   141 , COUT: 0 , OFLOW: 0 , EGL: 000 , ERR: 0 
#  DUT Result	: RES:   141 , COUT: 0 , OFLOW: 0 , EGL: 000 , ERR: 0 
#  [PASS] Inputs: OPA:  50 , OPB:  87 , INP_VALID : 11 
#  Expected Result : RES:   237 , COUT: 0 , OFLOW: 0 , EGL: 000 , ERR: 0 
#  DUT Result	: RES:   237 , COUT: 0 , OFLOW: 0 , EGL: 000 , ERR: 0 
#  [PASS] Inputs: OPA: 181 , OPB: 197 , INP_VALID : 11 
#  Expected Result : RES:   122 , COUT: 0 , OFLOW: 0 , EGL: 000 , ERR: 0 
#  DUT Result	: RES:   122 , COUT: 0 , OFLOW: 0 , EGL: 000 , ERR: 0 
#  [PASS] Inputs: OPA: 198 , OPB:  57 , INP_VALID : 11 
#  Expected Result : RES:   255 , COUT: 0 , OFLOW: 0 , EGL: 000 , ERR: 0 
#  DUT Result	: RES:   255 , COUT: 0 , OFLOW: 0 , EGL: 000 , ERR: 0 
#  [PASS] Inputs: OPA: 189 , OPB: 240 , INP_VALID : 11 
#  Expected Result : RES:    79 , COUT: 0 , OFLOW: 0 , EGL: 000 , ERR: 0 
#  DUT Result	: RES:    79 , COUT: 0 , OFLOW: 0 , EGL: 000 , ERR: 0 
#  [PASS] Inputs: OPA: 118 , OPB:  56 , INP_VALID : 11 
#  Expected Result : RES:   207 , COUT: 0 , OFLOW: 0 , EGL: 000 , ERR: 0 
#  DUT Result	: RES:   207 , COUT: 0 , OFLOW: 0 , EGL: 000 , ERR: 0 
#  [PASS] Inputs: OPA:  26 , OPB:   5 , INP_VALID : 11 
#  Expected Result : RES:   255 , COUT: 0 , OFLOW: 0 , EGL: 000 , ERR: 0 
#  DUT Result	: RES:   255 , COUT: 0 , OFLOW: 0 , EGL: 000 , ERR: 0 
#  [PASS] Inputs: OPA: 238 , OPB:  35 , INP_VALID : 11 
#  Expected Result : RES:   221 , COUT: 0 , OFLOW: 0 , EGL: 000 , ERR: 0 
#  DUT Result	: RES:   221 , COUT: 0 , OFLOW: 0 , EGL: 000 , ERR: 0 
#  [PASS] Inputs: OPA: 121 , OPB: 114 , INP_VALID : 11 
#  Expected Result : RES:   143 , COUT: 0 , OFLOW: 0 , EGL: 000 , ERR: 0 
#  DUT Result	: RES:   143 , COUT: 0 , OFLOW: 0 , EGL: 000 , ERR: 0 
#  [PASS] Inputs: OPA:  37 , OPB: 206 , INP_VALID : 11 
#  Expected Result : RES:   251 , COUT: 0 , OFLOW: 0 , EGL: 000 , ERR: 0 
#  DUT Result	: RES:   251 , COUT: 0 , OFLOW: 0 , EGL: 000 , ERR: 0 
#  [PASS] Inputs: OPA:  46 , OPB: 229 , INP_VALID : 11 
#  Expected Result : RES:   219 , COUT: 0 , OFLOW: 0 , EGL: 000 , ERR: 0 
#  DUT Result	: RES:   219 , COUT: 0 , OFLOW: 0 , EGL: 000 , ERR: 0 
#  [PASS] Inputs: OPA: 138 , OPB: 183 , INP_VALID : 11 
#  Expected Result : RES:   125 , COUT: 0 , OFLOW: 0 , EGL: 000 , ERR: 0 
#  DUT Result	: RES:   125 , COUT: 0 , OFLOW: 0 , EGL: 000 , ERR: 0 
#  [PASS] Inputs: OPA: 106 , OPB: 217 , INP_VALID : 11 
#  Expected Result : RES:   183 , COUT: 0 , OFLOW: 0 , EGL: 000 , ERR: 0 
#  DUT Result	: RES:   183 , COUT: 0 , OFLOW: 0 , EGL: 000 , ERR: 0 
#  [PASS] Inputs: OPA: 119 , OPB:  41 , INP_VALID : 11 
#  Expected Result : RES:   222 , COUT: 0 , OFLOW: 0 , EGL: 000 , ERR: 0 
#  DUT Result	: RES:   222 , COUT: 0 , OFLOW: 0 , EGL: 000 , ERR: 0 
#  [PASS] Inputs: OPA:  70 , OPB: 171 , INP_VALID : 11 
#  Expected Result : RES:   253 , COUT: 0 , OFLOW: 0 , EGL: 000 , ERR: 0 
#  DUT Result	: RES:   253 , COUT: 0 , OFLOW: 0 , EGL: 000 , ERR: 0 
#  [PASS] Inputs: OPA:  86 , OPB: 244 , INP_VALID : 11 
#  Expected Result : RES:   171 , COUT: 0 , OFLOW: 0 , EGL: 000 , ERR: 0 
#  DUT Result	: RES:   171 , COUT: 0 , OFLOW: 0 , EGL: 000 , ERR: 0 
#  [PASS] Inputs: OPA: 157 , OPB:  40 , INP_VALID : 11 
#  Expected Result : RES:   247 , COUT: 0 , OFLOW: 0 , EGL: 000 , ERR: 0 
#  DUT Result	: RES:   247 , COUT: 0 , OFLOW: 0 , EGL: 000 , ERR: 0 
#  [PASS] Inputs: OPA: 137 , OPB: 190 , INP_VALID : 11 
#  Expected Result : RES:   119 , COUT: 0 , OFLOW: 0 , EGL: 000 , ERR: 0 
#  DUT Result	: RES:   119 , COUT: 0 , OFLOW: 0 , EGL: 000 , ERR: 0 
#  [PASS] Inputs: OPA:  49 , OPB:  82 , INP_VALID : 11 
#  Expected Result : RES:   239 , COUT: 0 , OFLOW: 0 , EGL: 000 , ERR: 0 
#  DUT Result	: RES:   239 , COUT: 0 , OFLOW: 0 , EGL: 000 , ERR: 0 
#  [PASS] Inputs: OPA: 184 , OPB:  72 , INP_VALID : 11 
#  Expected Result : RES:   247 , COUT: 0 , OFLOW: 0 , EGL: 000 , ERR: 0 
#  DUT Result	: RES:   247 , COUT: 0 , OFLOW: 0 , EGL: 000 , ERR: 0 
#  [PASS] Inputs: OPA:  22 , OPB: 147 , INP_VALID : 11 
#  Expected Result : RES:   237 , COUT: 0 , OFLOW: 0 , EGL: 000 , ERR: 0 
#  DUT Result	: RES:   237 , COUT: 0 , OFLOW: 0 , EGL: 000 , ERR: 0 
#  [PASS] Inputs: OPA: 158 , OPB: 170 , INP_VALID : 11 
#  Expected Result : RES:   117 , COUT: 0 , OFLOW: 0 , EGL: 000 , ERR: 0 
#  DUT Result	: RES:   117 , COUT: 0 , OFLOW: 0 , EGL: 000 , ERR: 0 
#  [PASS] Inputs: OPA:   7 , OPB:   9 , INP_VALID : 11 
#  Expected Result : RES:   254 , COUT: 0 , OFLOW: 0 , EGL: 000 , ERR: 0 
#  DUT Result	: RES:   254 , COUT: 0 , OFLOW: 0 , EGL: 000 , ERR: 0 
#  [PASS] Inputs: OPA: 228 , OPB: 129 , INP_VALID : 11 
#  Expected Result : RES:   127 , COUT: 0 , OFLOW: 0 , EGL: 000 , ERR: 0 
#  DUT Result	: RES:   127 , COUT: 0 , OFLOW: 0 , EGL: 000 , ERR: 0 
#  [PASS] Inputs: OPA: 143 , OPB:  28 , INP_VALID : 11 
#  Expected Result : RES:   243 , COUT: 0 , OFLOW: 0 , EGL: 000 , ERR: 0 
#  DUT Result	: RES:   243 , COUT: 0 , OFLOW: 0 , EGL: 000 , ERR: 0 
#  [PASS] Inputs: OPA:  72 , OPB: 209 , INP_VALID : 11 
#  Expected Result : RES:   191 , COUT: 0 , OFLOW: 0 , EGL: 000 , ERR: 0 
#  DUT Result	: RES:   191 , COUT: 0 , OFLOW: 0 , EGL: 000 , ERR: 0 
#  [PASS] Inputs: OPA:  17 , OPB: 208 , INP_VALID : 11 
#  Expected Result : RES:   239 , COUT: 0 , OFLOW: 0 , EGL: 000 , ERR: 0 
#  DUT Result	: RES:   239 , COUT: 0 , OFLOW: 0 , EGL: 000 , ERR: 0 
#  [PASS] Inputs: OPA: 249 , OPB: 131 , INP_VALID : 11 
#  Expected Result : RES:   126 , COUT: 0 , OFLOW: 0 , EGL: 000 , ERR: 0 
#  DUT Result	: RES:   126 , COUT: 0 , OFLOW: 0 , EGL: 000 , ERR: 0 
#  [PASS] Inputs: OPA:  71 , OPB: 186 , INP_VALID : 11 
#  Expected Result : RES:   253 , COUT: 0 , OFLOW: 0 , EGL: 000 , ERR: 0 
#  DUT Result	: RES:   253 , COUT: 0 , OFLOW: 0 , EGL: 000 , ERR: 0 
#  [PASS] Inputs: OPA: 165 , OPB: 239 , INP_VALID : 11 
#  Expected Result : RES:    90 , COUT: 0 , OFLOW: 0 , EGL: 000 , ERR: 0 
#  DUT Result	: RES:    90 , COUT: 0 , OFLOW: 0 , EGL: 000 , ERR: 0 
#  [PASS] Inputs: OPA:  28 , OPB: 219 , INP_VALID : 11 
#  Expected Result : RES:   231 , COUT: 0 , OFLOW: 0 , EGL: 000 , ERR: 0 
#  DUT Result	: RES:   231 , COUT: 0 , OFLOW: 0 , EGL: 000 , ERR: 0 
#  [PASS] Inputs: OPA:  29 , OPB: 116 , INP_VALID : 11 
#  Expected Result : RES:   235 , COUT: 0 , OFLOW: 0 , EGL: 000 , ERR: 0 
#  DUT Result	: RES:   235 , COUT: 0 , OFLOW: 0 , EGL: 000 , ERR: 0 
#  [PASS] Inputs: OPA: 229 , OPB: 106 , INP_VALID : 11 
#  Expected Result : RES:   159 , COUT: 0 , OFLOW: 0 , EGL: 000 , ERR: 0 
#  DUT Result	: RES:   159 , COUT: 0 , OFLOW: 0 , EGL: 000 , ERR: 0 
#  [PASS] Inputs: OPA:  79 , OPB:  24 , INP_VALID : 11 
#  Expected Result : RES:   247 , COUT: 0 , OFLOW: 0 , EGL: 000 , ERR: 0 
#  DUT Result	: RES:   247 , COUT: 0 , OFLOW: 0 , EGL: 000 , ERR: 0 
#  [PASS] Inputs: OPA: 246 , OPB: 231 , INP_VALID : 11 
#  Expected Result : RES:    25 , COUT: 0 , OFLOW: 0 , EGL: 000 , ERR: 0 
#  DUT Result	: RES:    25 , COUT: 0 , OFLOW: 0 , EGL: 000 , ERR: 0 
#  [PASS] Inputs: OPA: 244 , OPB: 172 , INP_VALID : 11 
#  Expected Result : RES:    91 , COUT: 0 , OFLOW: 0 , EGL: 000 , ERR: 0 
#  DUT Result	: RES:    91 , COUT: 0 , OFLOW: 0 , EGL: 000 , ERR: 0 
#  [PASS] Inputs: OPA: 254 , OPB:  14 , INP_VALID : 11 
#  Expected Result : RES:   241 , COUT: 0 , OFLOW: 0 , EGL: 000 , ERR: 0 
#  DUT Result	: RES:   241 , COUT: 0 , OFLOW: 0 , EGL: 000 , ERR: 0 
#  [PASS] Inputs: OPA:  45 , OPB: 172 , INP_VALID : 11 
#  Expected Result : RES:   211 , COUT: 0 , OFLOW: 0 , EGL: 000 , ERR: 0 
#  DUT Result	: RES:   211 , COUT: 0 , OFLOW: 0 , EGL: 000 , ERR: 0 
#  [PASS] Inputs: OPA:  98 , OPB:  41 , INP_VALID : 11 
#  Expected Result : RES:   223 , COUT: 0 , OFLOW: 0 , EGL: 000 , ERR: 0 
#  DUT Result	: RES:   223 , COUT: 0 , OFLOW: 0 , EGL: 000 , ERR: 0 
#  [PASS] Inputs: OPA:  86 , OPB:  54 , INP_VALID : 11 
#  Expected Result : RES:   233 , COUT: 0 , OFLOW: 0 , EGL: 000 , ERR: 0 
#  DUT Result	: RES:   233 , COUT: 0 , OFLOW: 0 , EGL: 000 , ERR: 0 
#  [PASS] Inputs: OPA:  77 , OPB: 143 , INP_VALID : 11 
#  Expected Result : RES:   242 , COUT: 0 , OFLOW: 0 , EGL: 000 , ERR: 0 
#  DUT Result	: RES:   242 , COUT: 0 , OFLOW: 0 , EGL: 000 , ERR: 0 
#  [PASS] Inputs: OPA: 208 , OPB:  84 , INP_VALID : 11 
#  Expected Result : RES:   175 , COUT: 0 , OFLOW: 0 , EGL: 000 , ERR: 0 
#  DUT Result	: RES:   175 , COUT: 0 , OFLOW: 0 , EGL: 000 , ERR: 0 
#  [PASS] Inputs: OPA:  73 , OPB: 245 , INP_VALID : 11 
#  Expected Result : RES:   190 , COUT: 0 , OFLOW: 0 , EGL: 000 , ERR: 0 
#  DUT Result	: RES:   190 , COUT: 0 , OFLOW: 0 , EGL: 000 , ERR: 0 
#  [PASS] Inputs: OPA: 176 , OPB:  39 , INP_VALID : 11 
#  Expected Result : RES:   223 , COUT: 0 , OFLOW: 0 , EGL: 000 , ERR: 0 
#  DUT Result	: RES:   223 , COUT: 0 , OFLOW: 0 , EGL: 000 , ERR: 0 
#  [PASS] Inputs: OPA:  16 , OPB:  30 , INP_VALID : 11 
#  Expected Result : RES:   239 , COUT: 0 , OFLOW: 0 , EGL: 000 , ERR: 0 
#  DUT Result	: RES:   239 , COUT: 0 , OFLOW: 0 , EGL: 000 , ERR: 0 
#  [PASS] Inputs: OPA: 119 , OPB:   5 , INP_VALID : 11 
#  Expected Result : RES:   250 , COUT: 0 , OFLOW: 0 , EGL: 000 , ERR: 0 
#  DUT Result	: RES:   250 , COUT: 0 , OFLOW: 0 , EGL: 000 , ERR: 0 
#  [PASS] Inputs: OPA: 111 , OPB: 211 , INP_VALID : 11 
#  Expected Result : RES:   188 , COUT: 0 , OFLOW: 0 , EGL: 000 , ERR: 0 
#  DUT Result	: RES:   188 , COUT: 0 , OFLOW: 0 , EGL: 000 , ERR: 0 
#  [PASS] Inputs: OPA:   2 , OPB: 145 , INP_VALID : 11 
#  Expected Result : RES:   255 , COUT: 0 , OFLOW: 0 , EGL: 000 , ERR: 0 
#  DUT Result	: RES:   255 , COUT: 0 , OFLOW: 0 , EGL: 000 , ERR: 0 
#  [PASS] Inputs: OPA: 166 , OPB:   2 , INP_VALID : 11 
#  Expected Result : RES:   253 , COUT: 0 , OFLOW: 0 , EGL: 000 , ERR: 0 
#  DUT Result	: RES:   253 , COUT: 0 , OFLOW: 0 , EGL: 000 , ERR: 0 
#  [PASS] Inputs: OPA: 112 , OPB: 148 , INP_VALID : 11 
#  Expected Result : RES:   239 , COUT: 0 , OFLOW: 0 , EGL: 000 , ERR: 0 
#  DUT Result	: RES:   239 , COUT: 0 , OFLOW: 0 , EGL: 000 , ERR: 0 
#  [PASS] Inputs: OPA: 121 , OPB:  36 , INP_VALID : 11 
#  Expected Result : RES:   223 , COUT: 0 , OFLOW: 0 , EGL: 000 , ERR: 0 
#  DUT Result	: RES:   223 , COUT: 0 , OFLOW: 0 , EGL: 000 , ERR: 0 
#  [PASS] Inputs: OPA: 203 , OPB:  89 , INP_VALID : 11 
#  Expected Result : RES:   182 , COUT: 0 , OFLOW: 0 , EGL: 000 , ERR: 0 
#  DUT Result	: RES:   182 , COUT: 0 , OFLOW: 0 , EGL: 000 , ERR: 0 
#  [PASS] Inputs: OPA: 236 , OPB: 215 , INP_VALID : 11 
#  Expected Result : RES:    59 , COUT: 0 , OFLOW: 0 , EGL: 000 , ERR: 0 
#  DUT Result	: RES:    59 , COUT: 0 , OFLOW: 0 , EGL: 000 , ERR: 0 
#  [PASS] Inputs: OPA: 247 , OPB: 227 , INP_VALID : 11 
#  Expected Result : RES:    28 , COUT: 0 , OFLOW: 0 , EGL: 000 , ERR: 0 
#  DUT Result	: RES:    28 , COUT: 0 , OFLOW: 0 , EGL: 000 , ERR: 0 
#  [PASS] Inputs: OPA: 133 , OPB: 247 , INP_VALID : 11 
#  Expected Result : RES:   122 , COUT: 0 , OFLOW: 0 , EGL: 000 , ERR: 0 
#  DUT Result	: RES:   122 , COUT: 0 , OFLOW: 0 , EGL: 000 , ERR: 0 
#  [PASS] Inputs: OPA: 227 , OPB: 191 , INP_VALID : 11 
#  Expected Result : RES:    92 , COUT: 0 , OFLOW: 0 , EGL: 000 , ERR: 0 
#  DUT Result	: RES:    92 , COUT: 0 , OFLOW: 0 , EGL: 000 , ERR: 0 
#  [PASS] Inputs: OPA: 104 , OPB: 176 , INP_VALID : 11 
#  Expected Result : RES:   223 , COUT: 0 , OFLOW: 0 , EGL: 000 , ERR: 0 
#  DUT Result	: RES:   223 , COUT: 0 , OFLOW: 0 , EGL: 000 , ERR: 0 
#  [PASS] Inputs: OPA:  64 , OPB:  51 , INP_VALID : 11 
#  Expected Result : RES:   255 , COUT: 0 , OFLOW: 0 , EGL: 000 , ERR: 0 
#  DUT Result	: RES:   255 , COUT: 0 , OFLOW: 0 , EGL: 000 , ERR: 0 
#  [PASS] Inputs: OPA:  37 , OPB:  67 , INP_VALID : 11 
#  Expected Result : RES:   254 , COUT: 0 , OFLOW: 0 , EGL: 000 , ERR: 0 
#  DUT Result	: RES:   254 , COUT: 0 , OFLOW: 0 , EGL: 000 , ERR: 0 
#  [PASS] Inputs: OPA: 154 , OPB: 218 , INP_VALID : 11 
#  Expected Result : RES:   101 , COUT: 0 , OFLOW: 0 , EGL: 000 , ERR: 0 
#  DUT Result	: RES:   101 , COUT: 0 , OFLOW: 0 , EGL: 000 , ERR: 0 
#  [PASS] Inputs: OPA: 189 , OPB: 239 , INP_VALID : 11 
#  Expected Result : RES:    82 , COUT: 0 , OFLOW: 0 , EGL: 000 , ERR: 0 
#  DUT Result	: RES:    82 , COUT: 0 , OFLOW: 0 , EGL: 000 , ERR: 0 
#  [PASS] Inputs: OPA: 201 , OPB: 158 , INP_VALID : 11 
#  Expected Result : RES:   119 , COUT: 0 , OFLOW: 0 , EGL: 000 , ERR: 0 
#  DUT Result	: RES:   119 , COUT: 0 , OFLOW: 0 , EGL: 000 , ERR: 0 
#  [PASS] Inputs: OPA: 244 , OPB:  46 , INP_VALID : 11 
#  Expected Result : RES:   219 , COUT: 0 , OFLOW: 0 , EGL: 000 , ERR: 0 
#  DUT Result	: RES:   219 , COUT: 0 , OFLOW: 0 , EGL: 000 , ERR: 0 
#  [PASS] Inputs: OPA:  17 , OPB: 208 , INP_VALID : 11 
#  Expected Result : RES:   239 , COUT: 0 , OFLOW: 0 , EGL: 000 , ERR: 0 
#  DUT Result	: RES:   239 , COUT: 0 , OFLOW: 0 , EGL: 000 , ERR: 0 
#  [PASS] Inputs: OPA: 126 , OPB:  91 , INP_VALID : 11 
#  Expected Result : RES:   165 , COUT: 0 , OFLOW: 0 , EGL: 000 , ERR: 0 
#  DUT Result	: RES:   165 , COUT: 0 , OFLOW: 0 , EGL: 000 , ERR: 0 
#  [PASS] Inputs: OPA: 173 , OPB:  63 , INP_VALID : 11 
#  Expected Result : RES:   210 , COUT: 0 , OFLOW: 0 , EGL: 000 , ERR: 0 
#  DUT Result	: RES:   210 , COUT: 0 , OFLOW: 0 , EGL: 000 , ERR: 0 
#  [PASS] Inputs: OPA: 167 , OPB: 117 , INP_VALID : 11 
#  Expected Result : RES:   218 , COUT: 0 , OFLOW: 0 , EGL: 000 , ERR: 0 
#  DUT Result	: RES:   218 , COUT: 0 , OFLOW: 0 , EGL: 000 , ERR: 0 
#  [PASS] Inputs: OPA:  38 , OPB:  20 , INP_VALID : 11 
#  Expected Result : RES:   251 , COUT: 0 , OFLOW: 0 , EGL: 000 , ERR: 0 
#  DUT Result	: RES:   251 , COUT: 0 , OFLOW: 0 , EGL: 000 , ERR: 0 
#  [PASS] Inputs: OPA: 228 , OPB:  52 , INP_VALID : 11 
#  Expected Result : RES:   219 , COUT: 0 , OFLOW: 0 , EGL: 000 , ERR: 0 
#  DUT Result	: RES:   219 , COUT: 0 , OFLOW: 0 , EGL: 000 , ERR: 0 
#  [PASS] Inputs: OPA:   9 , OPB:  23 , INP_VALID : 11 
#  Expected Result : RES:   254 , COUT: 0 , OFLOW: 0 , EGL: 000 , ERR: 0 
#  DUT Result	: RES:   254 , COUT: 0 , OFLOW: 0 , EGL: 000 , ERR: 0 
#  [PASS] Inputs: OPA: 201 , OPB: 187 , INP_VALID : 11 
#  Expected Result : RES:   118 , COUT: 0 , OFLOW: 0 , EGL: 000 , ERR: 0 
#  DUT Result	: RES:   118 , COUT: 0 , OFLOW: 0 , EGL: 000 , ERR: 0 
#  [PASS] Inputs: OPA: 235 , OPB: 115 , INP_VALID : 11 
#  Expected Result : RES:   156 , COUT: 0 , OFLOW: 0 , EGL: 000 , ERR: 0 
#  DUT Result	: RES:   156 , COUT: 0 , OFLOW: 0 , EGL: 000 , ERR: 0 
#  [PASS] Inputs: OPA: 109 , OPB: 216 , INP_VALID : 11 
#  Expected Result : RES:   183 , COUT: 0 , OFLOW: 0 , EGL: 000 , ERR: 0 
#  DUT Result	: RES:   183 , COUT: 0 , OFLOW: 0 , EGL: 000 , ERR: 0 
#  [PASS] Inputs: OPA:  61 , OPB:  53 , INP_VALID : 11 
#  Expected Result : RES:   202 , COUT: 0 , OFLOW: 0 , EGL: 000 , ERR: 0 
#  DUT Result	: RES:   202 , COUT: 0 , OFLOW: 0 , EGL: 000 , ERR: 0 
#  [PASS] Inputs: OPA: 250 , OPB: 202 , INP_VALID : 11 
#  Expected Result : RES:    53 , COUT: 0 , OFLOW: 0 , EGL: 000 , ERR: 0 
#  DUT Result	: RES:    53 , COUT: 0 , OFLOW: 0 , EGL: 000 , ERR: 0 
#  [PASS] Inputs: OPA:   7 , OPB:  55 , INP_VALID : 11 
#  Expected Result : RES:   248 , COUT: 0 , OFLOW: 0 , EGL: 000 , ERR: 0 
#  DUT Result	: RES:   248 , COUT: 0 , OFLOW: 0 , EGL: 000 , ERR: 0 
#  [PASS] Inputs: OPA: 228 , OPB: 183 , INP_VALID : 11 
#  Expected Result : RES:    91 , COUT: 0 , OFLOW: 0 , EGL: 000 , ERR: 0 
#  DUT Result	: RES:    91 , COUT: 0 , OFLOW: 0 , EGL: 000 , ERR: 0 
#  [PASS] Inputs: OPA:   4 , OPB:  34 , INP_VALID : 11 
#  Expected Result : RES:   255 , COUT: 0 , OFLOW: 0 , EGL: 000 , ERR: 0 
#  DUT Result	: RES:   255 , COUT: 0 , OFLOW: 0 , EGL: 000 , ERR: 0 
#  [PASS] Inputs: OPA: 240 , OPB: 135 , INP_VALID : 11 
#  Expected Result : RES:   127 , COUT: 0 , OFLOW: 0 , EGL: 000 , ERR: 0 
#  DUT Result	: RES:   127 , COUT: 0 , OFLOW: 0 , EGL: 000 , ERR: 0 
#  [PASS] Inputs: OPA: 228 , OPB:  33 , INP_VALID : 11 
#  Expected Result : RES:   223 , COUT: 0 , OFLOW: 0 , EGL: 000 , ERR: 0 
#  DUT Result	: RES:   223 , COUT: 0 , OFLOW: 0 , EGL: 000 , ERR: 0 
#  [PASS] Inputs: OPA: 239 , OPB:  40 , INP_VALID : 11 
#  Expected Result : RES:   215 , COUT: 0 , OFLOW: 0 , EGL: 000 , ERR: 0 
#  DUT Result	: RES:   215 , COUT: 0 , OFLOW: 0 , EGL: 000 , ERR: 0 
#  [PASS] Inputs: OPA:  58 , OPB:  37 , INP_VALID : 11 
#  Expected Result : RES:   223 , COUT: 0 , OFLOW: 0 , EGL: 000 , ERR: 0 
#  DUT Result	: RES:   223 , COUT: 0 , OFLOW: 0 , EGL: 000 , ERR: 0 
#  [PASS] Inputs: OPA:   8 , OPB: 177 , INP_VALID : 11 
#  Expected Result : RES:   185 , COUT: 0 , OFLOW: 0 , EGL: 000 , ERR: 0 
#  DUT Result	: RES:   185 , COUT: 0 , OFLOW: 0 , EGL: 000 , ERR: 0 
#  [PASS] Inputs: OPA:  35 , OPB: 149 , INP_VALID : 11 
#  Expected Result : RES:   183 , COUT: 0 , OFLOW: 0 , EGL: 000 , ERR: 0 
#  DUT Result	: RES:   183 , COUT: 0 , OFLOW: 0 , EGL: 000 , ERR: 0 
#  [PASS] Inputs: OPA: 151 , OPB: 219 , INP_VALID : 11 
#  Expected Result : RES:   223 , COUT: 0 , OFLOW: 0 , EGL: 000 , ERR: 0 
#  DUT Result	: RES:   223 , COUT: 0 , OFLOW: 0 , EGL: 000 , ERR: 0 
#  [PASS] Inputs: OPA:  79 , OPB:  89 , INP_VALID : 11 
#  Expected Result : RES:    95 , COUT: 0 , OFLOW: 0 , EGL: 000 , ERR: 0 
#  DUT Result	: RES:    95 , COUT: 0 , OFLOW: 0 , EGL: 000 , ERR: 0 
#  [PASS] Inputs: OPA: 168 , OPB:  15 , INP_VALID : 11 
#  Expected Result : RES:   175 , COUT: 0 , OFLOW: 0 , EGL: 000 , ERR: 0 
#  DUT Result	: RES:   175 , COUT: 0 , OFLOW: 0 , EGL: 000 , ERR: 0 
#  [PASS] Inputs: OPA:  45 , OPB: 163 , INP_VALID : 11 
#  Expected Result : RES:   175 , COUT: 0 , OFLOW: 0 , EGL: 000 , ERR: 0 
#  DUT Result	: RES:   175 , COUT: 0 , OFLOW: 0 , EGL: 000 , ERR: 0 
#  [PASS] Inputs: OPA: 221 , OPB: 122 , INP_VALID : 11 
#  Expected Result : RES:   255 , COUT: 0 , OFLOW: 0 , EGL: 000 , ERR: 0 
#  DUT Result	: RES:   255 , COUT: 0 , OFLOW: 0 , EGL: 000 , ERR: 0 
#  [PASS] Inputs: OPA:  49 , OPB:  48 , INP_VALID : 11 
#  Expected Result : RES:    49 , COUT: 0 , OFLOW: 0 , EGL: 000 , ERR: 0 
#  DUT Result	: RES:    49 , COUT: 0 , OFLOW: 0 , EGL: 000 , ERR: 0 
#  [PASS] Inputs: OPA:  74 , OPB:  80 , INP_VALID : 11 
#  Expected Result : RES:    90 , COUT: 0 , OFLOW: 0 , EGL: 000 , ERR: 0 
#  DUT Result	: RES:    90 , COUT: 0 , OFLOW: 0 , EGL: 000 , ERR: 0 
#  [PASS] Inputs: OPA:  77 , OPB:  89 , INP_VALID : 11 
#  Expected Result : RES:    93 , COUT: 0 , OFLOW: 0 , EGL: 000 , ERR: 0 
#  DUT Result	: RES:    93 , COUT: 0 , OFLOW: 0 , EGL: 000 , ERR: 0 
#  [PASS] Inputs: OPA: 217 , OPB:  63 , INP_VALID : 11 
#  Expected Result : RES:   255 , COUT: 0 , OFLOW: 0 , EGL: 000 , ERR: 0 
#  DUT Result	: RES:   255 , COUT: 0 , OFLOW: 0 , EGL: 000 , ERR: 0 
#  [PASS] Inputs: OPA: 187 , OPB:  79 , INP_VALID : 11 
#  Expected Result : RES:   255 , COUT: 0 , OFLOW: 0 , EGL: 000 , ERR: 0 
#  DUT Result	: RES:   255 , COUT: 0 , OFLOW: 0 , EGL: 000 , ERR: 0 
#  [PASS] Inputs: OPA:  93 , OPB:  32 , INP_VALID : 11 
#  Expected Result : RES:   125 , COUT: 0 , OFLOW: 0 , EGL: 000 , ERR: 0 
#  DUT Result	: RES:   125 , COUT: 0 , OFLOW: 0 , EGL: 000 , ERR: 0 
#  [PASS] Inputs: OPA:  69 , OPB: 254 , INP_VALID : 11 
#  Expected Result : RES:   255 , COUT: 0 , OFLOW: 0 , EGL: 000 , ERR: 0 
#  DUT Result	: RES:   255 , COUT: 0 , OFLOW: 0 , EGL: 000 , ERR: 0 
#  [PASS] Inputs: OPA: 130 , OPB:   3 , INP_VALID : 11 
#  Expected Result : RES:   131 , COUT: 0 , OFLOW: 0 , EGL: 000 , ERR: 0 
#  DUT Result	: RES:   131 , COUT: 0 , OFLOW: 0 , EGL: 000 , ERR: 0 
#  [PASS] Inputs: OPA:  94 , OPB: 109 , INP_VALID : 11 
#  Expected Result : RES:   127 , COUT: 0 , OFLOW: 0 , EGL: 000 , ERR: 0 
#  DUT Result	: RES:   127 , COUT: 0 , OFLOW: 0 , EGL: 000 , ERR: 0 
#  [PASS] Inputs: OPA: 221 , OPB: 184 , INP_VALID : 11 
#  Expected Result : RES:   253 , COUT: 0 , OFLOW: 0 , EGL: 000 , ERR: 0 
#  DUT Result	: RES:   253 , COUT: 0 , OFLOW: 0 , EGL: 000 , ERR: 0 
#  [PASS] Inputs: OPA: 187 , OPB: 162 , INP_VALID : 11 
#  Expected Result : RES:   187 , COUT: 0 , OFLOW: 0 , EGL: 000 , ERR: 0 
#  DUT Result	: RES:   187 , COUT: 0 , OFLOW: 0 , EGL: 000 , ERR: 0 
#  [PASS] Inputs: OPA: 131 , OPB: 144 , INP_VALID : 11 
#  Expected Result : RES:   147 , COUT: 0 , OFLOW: 0 , EGL: 000 , ERR: 0 
#  DUT Result	: RES:   147 , COUT: 0 , OFLOW: 0 , EGL: 000 , ERR: 0 
#  [PASS] Inputs: OPA:  45 , OPB:  30 , INP_VALID : 11 
#  Expected Result : RES:    63 , COUT: 0 , OFLOW: 0 , EGL: 000 , ERR: 0 
#  DUT Result	: RES:    63 , COUT: 0 , OFLOW: 0 , EGL: 000 , ERR: 0 
#  [PASS] Inputs: OPA: 224 , OPB: 130 , INP_VALID : 11 
#  Expected Result : RES:   226 , COUT: 0 , OFLOW: 0 , EGL: 000 , ERR: 0 
#  DUT Result	: RES:   226 , COUT: 0 , OFLOW: 0 , EGL: 000 , ERR: 0 
#  [PASS] Inputs: OPA: 102 , OPB: 184 , INP_VALID : 11 
#  Expected Result : RES:   254 , COUT: 0 , OFLOW: 0 , EGL: 000 , ERR: 0 
#  DUT Result	: RES:   254 , COUT: 0 , OFLOW: 0 , EGL: 000 , ERR: 0 
#  [PASS] Inputs: OPA:  78 , OPB: 191 , INP_VALID : 11 
#  Expected Result : RES:   255 , COUT: 0 , OFLOW: 0 , EGL: 000 , ERR: 0 
#  DUT Result	: RES:   255 , COUT: 0 , OFLOW: 0 , EGL: 000 , ERR: 0 
#  [PASS] Inputs: OPA: 235 , OPB:  38 , INP_VALID : 11 
#  Expected Result : RES:   239 , COUT: 0 , OFLOW: 0 , EGL: 000 , ERR: 0 
#  DUT Result	: RES:   239 , COUT: 0 , OFLOW: 0 , EGL: 000 , ERR: 0 
#  [PASS] Inputs: OPA: 223 , OPB: 250 , INP_VALID : 11 
#  Expected Result : RES:   255 , COUT: 0 , OFLOW: 0 , EGL: 000 , ERR: 0 
#  DUT Result	: RES:   255 , COUT: 0 , OFLOW: 0 , EGL: 000 , ERR: 0 
#  [PASS] Inputs: OPA: 107 , OPB: 253 , INP_VALID : 11 
#  Expected Result : RES:   255 , COUT: 0 , OFLOW: 0 , EGL: 000 , ERR: 0 
#  DUT Result	: RES:   255 , COUT: 0 , OFLOW: 0 , EGL: 000 , ERR: 0 
#  [PASS] Inputs: OPA: 207 , OPB:  48 , INP_VALID : 11 
#  Expected Result : RES:   255 , COUT: 0 , OFLOW: 0 , EGL: 000 , ERR: 0 
#  DUT Result	: RES:   255 , COUT: 0 , OFLOW: 0 , EGL: 000 , ERR: 0 
#  [PASS] Inputs: OPA:  78 , OPB:  89 , INP_VALID : 11 
#  Expected Result : RES:    95 , COUT: 0 , OFLOW: 0 , EGL: 000 , ERR: 0 
#  DUT Result	: RES:    95 , COUT: 0 , OFLOW: 0 , EGL: 000 , ERR: 0 
#  [PASS] Inputs: OPA:   3 , OPB: 123 , INP_VALID : 11 
#  Expected Result : RES:   123 , COUT: 0 , OFLOW: 0 , EGL: 000 , ERR: 0 
#  DUT Result	: RES:   123 , COUT: 0 , OFLOW: 0 , EGL: 000 , ERR: 0 
#  [PASS] Inputs: OPA: 207 , OPB: 135 , INP_VALID : 11 
#  Expected Result : RES:   207 , COUT: 0 , OFLOW: 0 , EGL: 000 , ERR: 0 
#  DUT Result	: RES:   207 , COUT: 0 , OFLOW: 0 , EGL: 000 , ERR: 0 
#  [PASS] Inputs: OPA: 228 , OPB:  13 , INP_VALID : 11 
#  Expected Result : RES:   237 , COUT: 0 , OFLOW: 0 , EGL: 000 , ERR: 0 
#  DUT Result	: RES:   237 , COUT: 0 , OFLOW: 0 , EGL: 000 , ERR: 0 
#  [PASS] Inputs: OPA:  22 , OPB: 125 , INP_VALID : 11 
#  Expected Result : RES:   127 , COUT: 0 , OFLOW: 0 , EGL: 000 , ERR: 0 
#  DUT Result	: RES:   127 , COUT: 0 , OFLOW: 0 , EGL: 000 , ERR: 0 
#  [PASS] Inputs: OPA:  65 , OPB:  26 , INP_VALID : 11 
#  Expected Result : RES:    91 , COUT: 0 , OFLOW: 0 , EGL: 000 , ERR: 0 
#  DUT Result	: RES:    91 , COUT: 0 , OFLOW: 0 , EGL: 000 , ERR: 0 
#  [PASS] Inputs: OPA:  92 , OPB:  56 , INP_VALID : 11 
#  Expected Result : RES:   124 , COUT: 0 , OFLOW: 0 , EGL: 000 , ERR: 0 
#  DUT Result	: RES:   124 , COUT: 0 , OFLOW: 0 , EGL: 000 , ERR: 0 
#  [PASS] Inputs: OPA:  21 , OPB: 200 , INP_VALID : 11 
#  Expected Result : RES:   221 , COUT: 0 , OFLOW: 0 , EGL: 000 , ERR: 0 
#  DUT Result	: RES:   221 , COUT: 0 , OFLOW: 0 , EGL: 000 , ERR: 0 
#  [PASS] Inputs: OPA:  36 , OPB:  94 , INP_VALID : 11 
#  Expected Result : RES:   126 , COUT: 0 , OFLOW: 0 , EGL: 000 , ERR: 0 
#  DUT Result	: RES:   126 , COUT: 0 , OFLOW: 0 , EGL: 000 , ERR: 0 
#  [PASS] Inputs: OPA: 142 , OPB:  53 , INP_VALID : 11 
#  Expected Result : RES:   191 , COUT: 0 , OFLOW: 0 , EGL: 000 , ERR: 0 
#  DUT Result	: RES:   191 , COUT: 0 , OFLOW: 0 , EGL: 000 , ERR: 0 
#  [PASS] Inputs: OPA: 244 , OPB:  85 , INP_VALID : 11 
#  Expected Result : RES:   245 , COUT: 0 , OFLOW: 0 , EGL: 000 , ERR: 0 
#  DUT Result	: RES:   245 , COUT: 0 , OFLOW: 0 , EGL: 000 , ERR: 0 
#  [PASS] Inputs: OPA: 142 , OPB:  42 , INP_VALID : 11 
#  Expected Result : RES:   174 , COUT: 0 , OFLOW: 0 , EGL: 000 , ERR: 0 
#  DUT Result	: RES:   174 , COUT: 0 , OFLOW: 0 , EGL: 000 , ERR: 0 
#  [PASS] Inputs: OPA:  58 , OPB: 105 , INP_VALID : 11 
#  Expected Result : RES:   123 , COUT: 0 , OFLOW: 0 , EGL: 000 , ERR: 0 
#  DUT Result	: RES:   123 , COUT: 0 , OFLOW: 0 , EGL: 000 , ERR: 0 
#  [PASS] Inputs: OPA: 235 , OPB: 231 , INP_VALID : 11 
#  Expected Result : RES:   239 , COUT: 0 , OFLOW: 0 , EGL: 000 , ERR: 0 
#  DUT Result	: RES:   239 , COUT: 0 , OFLOW: 0 , EGL: 000 , ERR: 0 
#  [PASS] Inputs: OPA: 169 , OPB: 161 , INP_VALID : 11 
#  Expected Result : RES:   169 , COUT: 0 , OFLOW: 0 , EGL: 000 , ERR: 0 
#  DUT Result	: RES:   169 , COUT: 0 , OFLOW: 0 , EGL: 000 , ERR: 0 
#  [PASS] Inputs: OPA: 242 , OPB: 177 , INP_VALID : 11 
#  Expected Result : RES:   243 , COUT: 0 , OFLOW: 0 , EGL: 000 , ERR: 0 
#  DUT Result	: RES:   243 , COUT: 0 , OFLOW: 0 , EGL: 000 , ERR: 0 
#  [PASS] Inputs: OPA: 135 , OPB:   7 , INP_VALID : 11 
#  Expected Result : RES:   135 , COUT: 0 , OFLOW: 0 , EGL: 000 , ERR: 0 
#  DUT Result	: RES:   135 , COUT: 0 , OFLOW: 0 , EGL: 000 , ERR: 0 
#  [PASS] Inputs: OPA: 156 , OPB:   1 , INP_VALID : 11 
#  Expected Result : RES:   157 , COUT: 0 , OFLOW: 0 , EGL: 000 , ERR: 0 
#  DUT Result	: RES:   157 , COUT: 0 , OFLOW: 0 , EGL: 000 , ERR: 0 
#  [PASS] Inputs: OPA: 138 , OPB: 170 , INP_VALID : 11 
#  Expected Result : RES:   170 , COUT: 0 , OFLOW: 0 , EGL: 000 , ERR: 0 
#  DUT Result	: RES:   170 , COUT: 0 , OFLOW: 0 , EGL: 000 , ERR: 0 
#  [PASS] Inputs: OPA:   9 , OPB: 144 , INP_VALID : 11 
#  Expected Result : RES:   153 , COUT: 0 , OFLOW: 0 , EGL: 000 , ERR: 0 
#  DUT Result	: RES:   153 , COUT: 0 , OFLOW: 0 , EGL: 000 , ERR: 0 
#  [PASS] Inputs: OPA: 175 , OPB:  26 , INP_VALID : 11 
#  Expected Result : RES:   191 , COUT: 0 , OFLOW: 0 , EGL: 000 , ERR: 0 
#  DUT Result	: RES:   191 , COUT: 0 , OFLOW: 0 , EGL: 000 , ERR: 0 
#  [PASS] Inputs: OPA:  72 , OPB: 175 , INP_VALID : 11 
#  Expected Result : RES:   239 , COUT: 0 , OFLOW: 0 , EGL: 000 , ERR: 0 
#  DUT Result	: RES:   239 , COUT: 0 , OFLOW: 0 , EGL: 000 , ERR: 0 
#  [PASS] Inputs: OPA: 140 , OPB: 159 , INP_VALID : 11 
#  Expected Result : RES:   159 , COUT: 0 , OFLOW: 0 , EGL: 000 , ERR: 0 
#  DUT Result	: RES:   159 , COUT: 0 , OFLOW: 0 , EGL: 000 , ERR: 0 
#  [PASS] Inputs: OPA: 197 , OPB:  70 , INP_VALID : 11 
#  Expected Result : RES:   199 , COUT: 0 , OFLOW: 0 , EGL: 000 , ERR: 0 
#  DUT Result	: RES:   199 , COUT: 0 , OFLOW: 0 , EGL: 000 , ERR: 0 
#  [PASS] Inputs: OPA: 114 , OPB: 186 , INP_VALID : 11 
#  Expected Result : RES:   250 , COUT: 0 , OFLOW: 0 , EGL: 000 , ERR: 0 
#  DUT Result	: RES:   250 , COUT: 0 , OFLOW: 0 , EGL: 000 , ERR: 0 
#  [PASS] Inputs: OPA:  81 , OPB: 126 , INP_VALID : 11 
#  Expected Result : RES:   127 , COUT: 0 , OFLOW: 0 , EGL: 000 , ERR: 0 
#  DUT Result	: RES:   127 , COUT: 0 , OFLOW: 0 , EGL: 000 , ERR: 0 
#  [PASS] Inputs: OPA: 117 , OPB: 118 , INP_VALID : 11 
#  Expected Result : RES:   119 , COUT: 0 , OFLOW: 0 , EGL: 000 , ERR: 0 
#  DUT Result	: RES:   119 , COUT: 0 , OFLOW: 0 , EGL: 000 , ERR: 0 
#  [PASS] Inputs: OPA: 189 , OPB:  51 , INP_VALID : 11 
#  Expected Result : RES:   191 , COUT: 0 , OFLOW: 0 , EGL: 000 , ERR: 0 
#  DUT Result	: RES:   191 , COUT: 0 , OFLOW: 0 , EGL: 000 , ERR: 0 
#  [PASS] Inputs: OPA: 147 , OPB: 183 , INP_VALID : 11 
#  Expected Result : RES:   183 , COUT: 0 , OFLOW: 0 , EGL: 000 , ERR: 0 
#  DUT Result	: RES:   183 , COUT: 0 , OFLOW: 0 , EGL: 000 , ERR: 0 
#  [PASS] Inputs: OPA:  44 , OPB: 211 , INP_VALID : 11 
#  Expected Result : RES:   255 , COUT: 0 , OFLOW: 0 , EGL: 000 , ERR: 0 
#  DUT Result	: RES:   255 , COUT: 0 , OFLOW: 0 , EGL: 000 , ERR: 0 
#  [PASS] Inputs: OPA:  53 , OPB: 166 , INP_VALID : 11 
#  Expected Result : RES:   183 , COUT: 0 , OFLOW: 0 , EGL: 000 , ERR: 0 
#  DUT Result	: RES:   183 , COUT: 0 , OFLOW: 0 , EGL: 000 , ERR: 0 
#  [PASS] Inputs: OPA: 145 , OPB:  11 , INP_VALID : 11 
#  Expected Result : RES:   155 , COUT: 0 , OFLOW: 0 , EGL: 000 , ERR: 0 
#  DUT Result	: RES:   155 , COUT: 0 , OFLOW: 0 , EGL: 000 , ERR: 0 
#  [PASS] Inputs: OPA:  60 , OPB: 218 , INP_VALID : 11 
#  Expected Result : RES:   254 , COUT: 0 , OFLOW: 0 , EGL: 000 , ERR: 0 
#  DUT Result	: RES:   254 , COUT: 0 , OFLOW: 0 , EGL: 000 , ERR: 0 
#  [PASS] Inputs: OPA: 246 , OPB: 156 , INP_VALID : 11 
#  Expected Result : RES:   254 , COUT: 0 , OFLOW: 0 , EGL: 000 , ERR: 0 
#  DUT Result	: RES:   254 , COUT: 0 , OFLOW: 0 , EGL: 000 , ERR: 0 
#  [PASS] Inputs: OPA: 145 , OPB:  59 , INP_VALID : 11 
#  Expected Result : RES:   187 , COUT: 0 , OFLOW: 0 , EGL: 000 , ERR: 0 
#  DUT Result	: RES:   187 , COUT: 0 , OFLOW: 0 , EGL: 000 , ERR: 0 
#  [PASS] Inputs: OPA:  73 , OPB: 156 , INP_VALID : 11 
#  Expected Result : RES:   221 , COUT: 0 , OFLOW: 0 , EGL: 000 , ERR: 0 
#  DUT Result	: RES:   221 , COUT: 0 , OFLOW: 0 , EGL: 000 , ERR: 0 
#  [PASS] Inputs: OPA: 108 , OPB: 131 , INP_VALID : 11 
#  Expected Result : RES:   239 , COUT: 0 , OFLOW: 0 , EGL: 000 , ERR: 0 
#  DUT Result	: RES:   239 , COUT: 0 , OFLOW: 0 , EGL: 000 , ERR: 0 
#  [PASS] Inputs: OPA:  32 , OPB:  61 , INP_VALID : 11 
#  Expected Result : RES:    61 , COUT: 0 , OFLOW: 0 , EGL: 000 , ERR: 0 
#  DUT Result	: RES:    61 , COUT: 0 , OFLOW: 0 , EGL: 000 , ERR: 0 
#  [PASS] Inputs: OPA: 137 , OPB: 150 , INP_VALID : 11 
#  Expected Result : RES:   159 , COUT: 0 , OFLOW: 0 , EGL: 000 , ERR: 0 
#  DUT Result	: RES:   159 , COUT: 0 , OFLOW: 0 , EGL: 000 , ERR: 0 
#  [PASS] Inputs: OPA:  60 , OPB: 191 , INP_VALID : 11 
#  Expected Result : RES:   191 , COUT: 0 , OFLOW: 0 , EGL: 000 , ERR: 0 
#  DUT Result	: RES:   191 , COUT: 0 , OFLOW: 0 , EGL: 000 , ERR: 0 
#  [PASS] Inputs: OPA: 173 , OPB: 152 , INP_VALID : 11 
#  Expected Result : RES:   189 , COUT: 0 , OFLOW: 0 , EGL: 000 , ERR: 0 
#  DUT Result	: RES:   189 , COUT: 0 , OFLOW: 0 , EGL: 000 , ERR: 0 
#  [PASS] Inputs: OPA: 108 , OPB: 132 , INP_VALID : 11 
#  Expected Result : RES:   236 , COUT: 0 , OFLOW: 0 , EGL: 000 , ERR: 0 
#  DUT Result	: RES:   236 , COUT: 0 , OFLOW: 0 , EGL: 000 , ERR: 0 
#  [PASS] Inputs: OPA: 101 , OPB: 147 , INP_VALID : 11 
#  Expected Result : RES:   247 , COUT: 0 , OFLOW: 0 , EGL: 000 , ERR: 0 
#  DUT Result	: RES:   247 , COUT: 0 , OFLOW: 0 , EGL: 000 , ERR: 0 
#  [PASS] Inputs: OPA: 117 , OPB: 234 , INP_VALID : 11 
#  Expected Result : RES:   255 , COUT: 0 , OFLOW: 0 , EGL: 000 , ERR: 0 
#  DUT Result	: RES:   255 , COUT: 0 , OFLOW: 0 , EGL: 000 , ERR: 0 
#  [PASS] Inputs: OPA: 174 , OPB:  90 , INP_VALID : 11 
#  Expected Result : RES:   254 , COUT: 0 , OFLOW: 0 , EGL: 000 , ERR: 0 
#  DUT Result	: RES:   254 , COUT: 0 , OFLOW: 0 , EGL: 000 , ERR: 0 
#  [PASS] Inputs: OPA:   8 , OPB: 180 , INP_VALID : 11 
#  Expected Result : RES:   188 , COUT: 0 , OFLOW: 0 , EGL: 000 , ERR: 0 
#  DUT Result	: RES:   188 , COUT: 0 , OFLOW: 0 , EGL: 000 , ERR: 0 
#  [PASS] Inputs: OPA: 195 , OPB: 109 , INP_VALID : 11 
#  Expected Result : RES:   239 , COUT: 0 , OFLOW: 0 , EGL: 000 , ERR: 0 
#  DUT Result	: RES:   239 , COUT: 0 , OFLOW: 0 , EGL: 000 , ERR: 0 
#  [PASS] Inputs: OPA:  52 , OPB:  69 , INP_VALID : 11 
#  Expected Result : RES:   117 , COUT: 0 , OFLOW: 0 , EGL: 000 , ERR: 0 
#  DUT Result	: RES:   117 , COUT: 0 , OFLOW: 0 , EGL: 000 , ERR: 0 
#  [PASS] Inputs: OPA: 239 , OPB:  36 , INP_VALID : 11 
#  Expected Result : RES:   239 , COUT: 0 , OFLOW: 0 , EGL: 000 , ERR: 0 
#  DUT Result	: RES:   239 , COUT: 0 , OFLOW: 0 , EGL: 000 , ERR: 0 
#  [PASS] Inputs: OPA:  13 , OPB:  90 , INP_VALID : 11 
#  Expected Result : RES:    95 , COUT: 0 , OFLOW: 0 , EGL: 000 , ERR: 0 
#  DUT Result	: RES:    95 , COUT: 0 , OFLOW: 0 , EGL: 000 , ERR: 0 
#  [PASS] Inputs: OPA: 170 , OPB:  26 , INP_VALID : 11 
#  Expected Result : RES:   186 , COUT: 0 , OFLOW: 0 , EGL: 000 , ERR: 0 
#  DUT Result	: RES:   186 , COUT: 0 , OFLOW: 0 , EGL: 000 , ERR: 0 
#  [PASS] Inputs: OPA: 131 , OPB: 169 , INP_VALID : 11 
#  Expected Result : RES:   171 , COUT: 0 , OFLOW: 0 , EGL: 000 , ERR: 0 
#  DUT Result	: RES:   171 , COUT: 0 , OFLOW: 0 , EGL: 000 , ERR: 0 
#  [PASS] Inputs: OPA:  34 , OPB: 151 , INP_VALID : 11 
#  Expected Result : RES:   183 , COUT: 0 , OFLOW: 0 , EGL: 000 , ERR: 0 
#  DUT Result	: RES:   183 , COUT: 0 , OFLOW: 0 , EGL: 000 , ERR: 0 
#  [PASS] Inputs: OPA:  47 , OPB:  19 , INP_VALID : 11 
#  Expected Result : RES:    63 , COUT: 0 , OFLOW: 0 , EGL: 000 , ERR: 0 
#  DUT Result	: RES:    63 , COUT: 0 , OFLOW: 0 , EGL: 000 , ERR: 0 
#  [PASS] Inputs: OPA: 233 , OPB: 106 , INP_VALID : 11 
#  Expected Result : RES:   235 , COUT: 0 , OFLOW: 0 , EGL: 000 , ERR: 0 
#  DUT Result	: RES:   235 , COUT: 0 , OFLOW: 0 , EGL: 000 , ERR: 0 
#  [PASS] Inputs: OPA: 109 , OPB: 116 , INP_VALID : 11 
#  Expected Result : RES:   125 , COUT: 0 , OFLOW: 0 , EGL: 000 , ERR: 0 
#  DUT Result	: RES:   125 , COUT: 0 , OFLOW: 0 , EGL: 000 , ERR: 0 
#  [PASS] Inputs: OPA: 105 , OPB:  65 , INP_VALID : 11 
#  Expected Result : RES:   105 , COUT: 0 , OFLOW: 0 , EGL: 000 , ERR: 0 
#  DUT Result	: RES:   105 , COUT: 0 , OFLOW: 0 , EGL: 000 , ERR: 0 
#  [PASS] Inputs: OPA: 223 , OPB: 228 , INP_VALID : 11 
#  Expected Result : RES:   255 , COUT: 0 , OFLOW: 0 , EGL: 000 , ERR: 0 
#  DUT Result	: RES:   255 , COUT: 0 , OFLOW: 0 , EGL: 000 , ERR: 0 
#  [PASS] Inputs: OPA: 191 , OPB: 186 , INP_VALID : 11 
#  Expected Result : RES:   191 , COUT: 0 , OFLOW: 0 , EGL: 000 , ERR: 0 
#  DUT Result	: RES:   191 , COUT: 0 , OFLOW: 0 , EGL: 000 , ERR: 0 
#  [PASS] Inputs: OPA: 225 , OPB: 150 , INP_VALID : 11 
#  Expected Result : RES:   247 , COUT: 0 , OFLOW: 0 , EGL: 000 , ERR: 0 
#  DUT Result	: RES:   247 , COUT: 0 , OFLOW: 0 , EGL: 000 , ERR: 0 
#  [PASS] Inputs: OPA:  38 , OPB:  77 , INP_VALID : 11 
#  Expected Result : RES:   111 , COUT: 0 , OFLOW: 0 , EGL: 000 , ERR: 0 
#  DUT Result	: RES:   111 , COUT: 0 , OFLOW: 0 , EGL: 000 , ERR: 0 
#  [PASS] Inputs: OPA: 174 , OPB:  92 , INP_VALID : 11 
#  Expected Result : RES:   254 , COUT: 0 , OFLOW: 0 , EGL: 000 , ERR: 0 
#  DUT Result	: RES:   254 , COUT: 0 , OFLOW: 0 , EGL: 000 , ERR: 0 
#  [PASS] Inputs: OPA:  49 , OPB: 122 , INP_VALID : 11 
#  Expected Result : RES:   123 , COUT: 0 , OFLOW: 0 , EGL: 000 , ERR: 0 
#  DUT Result	: RES:   123 , COUT: 0 , OFLOW: 0 , EGL: 000 , ERR: 0 
#  [PASS] Inputs: OPA: 195 , OPB: 197 , INP_VALID : 11 
#  Expected Result : RES:   199 , COUT: 0 , OFLOW: 0 , EGL: 000 , ERR: 0 
#  DUT Result	: RES:   199 , COUT: 0 , OFLOW: 0 , EGL: 000 , ERR: 0 
#  [PASS] Inputs: OPA: 110 , OPB:  48 , INP_VALID : 11 
#  Expected Result : RES:   126 , COUT: 0 , OFLOW: 0 , EGL: 000 , ERR: 0 
#  DUT Result	: RES:   126 , COUT: 0 , OFLOW: 0 , EGL: 000 , ERR: 0 
#  [PASS] Inputs: OPA:  49 , OPB:  14 , INP_VALID : 11 
#  Expected Result : RES:    63 , COUT: 0 , OFLOW: 0 , EGL: 000 , ERR: 0 
#  DUT Result	: RES:    63 , COUT: 0 , OFLOW: 0 , EGL: 000 , ERR: 0 
#  [PASS] Inputs: OPA: 239 , OPB:  79 , INP_VALID : 11 
#  Expected Result : RES:   239 , COUT: 0 , OFLOW: 0 , EGL: 000 , ERR: 0 
#  DUT Result	: RES:   239 , COUT: 0 , OFLOW: 0 , EGL: 000 , ERR: 0 
#  [PASS] Inputs: OPA:  58 , OPB:  55 , INP_VALID : 11 
#  Expected Result : RES:    63 , COUT: 0 , OFLOW: 0 , EGL: 000 , ERR: 0 
#  DUT Result	: RES:    63 , COUT: 0 , OFLOW: 0 , EGL: 000 , ERR: 0 
#  [PASS] Inputs: OPA: 218 , OPB: 241 , INP_VALID : 11 
#  Expected Result : RES:   251 , COUT: 0 , OFLOW: 0 , EGL: 000 , ERR: 0 
#  DUT Result	: RES:   251 , COUT: 0 , OFLOW: 0 , EGL: 000 , ERR: 0 
#  [PASS] Inputs: OPA:  55 , OPB: 173 , INP_VALID : 11 
#  Expected Result : RES:   191 , COUT: 0 , OFLOW: 0 , EGL: 000 , ERR: 0 
#  DUT Result	: RES:   191 , COUT: 0 , OFLOW: 0 , EGL: 000 , ERR: 0 
#  [PASS] Inputs: OPA:  57 , OPB:  27 , INP_VALID : 11 
#  Expected Result : RES:    59 , COUT: 0 , OFLOW: 0 , EGL: 000 , ERR: 0 
#  DUT Result	: RES:    59 , COUT: 0 , OFLOW: 0 , EGL: 000 , ERR: 0 
#  [PASS] Inputs: OPA: 187 , OPB: 217 , INP_VALID : 11 
#  Expected Result : RES:   251 , COUT: 0 , OFLOW: 0 , EGL: 000 , ERR: 0 
#  DUT Result	: RES:   251 , COUT: 0 , OFLOW: 0 , EGL: 000 , ERR: 0 
#  [PASS] Inputs: OPA: 214 , OPB:   6 , INP_VALID : 11 
#  Expected Result : RES:   214 , COUT: 0 , OFLOW: 0 , EGL: 000 , ERR: 0 
#  DUT Result	: RES:   214 , COUT: 0 , OFLOW: 0 , EGL: 000 , ERR: 0 
# -----------------------------------------------------------------------
#  [FAIL] Incorrect Output at MODE: 0 , CMD:  3 
#  Inputs:	OPA: 144 , OPB:  78 , INP_VALID : 11 
#  Expected Result : RES:   255 , COUT: 0 , OFLOW: 0 , EGL: 000 , ERR: 0 
#  DUT Result	: RES:    33 , COUT: 0 , OFLOW: 0 , EGL: 000 , ERR: 0 
# -----------------------------------------------------------------------
# -----------------------------------------------------------------------
#  [FAIL] Incorrect Output at MODE: 0 , CMD:  3 
#  Inputs:	OPA: 161 , OPB: 180 , INP_VALID : 11 
#  Expected Result : RES:    95 , COUT: 0 , OFLOW: 0 , EGL: 000 , ERR: 0 
#  DUT Result	: RES:    74 , COUT: 0 , OFLOW: 0 , EGL: 000 , ERR: 0 
# -----------------------------------------------------------------------
# -----------------------------------------------------------------------
#  [FAIL] Incorrect Output at MODE: 0 , CMD:  3 
#  Inputs:	OPA: 228 , OPB:  88 , INP_VALID : 11 
#  Expected Result : RES:   191 , COUT: 0 , OFLOW: 0 , EGL: 000 , ERR: 0 
#  DUT Result	: RES:     3 , COUT: 0 , OFLOW: 0 , EGL: 000 , ERR: 0 
# -----------------------------------------------------------------------
# -----------------------------------------------------------------------
#  [FAIL] Incorrect Output at MODE: 0 , CMD:  3 
#  Inputs:	OPA:  27 , OPB:  85 , INP_VALID : 11 
#  Expected Result : RES:   238 , COUT: 0 , OFLOW: 0 , EGL: 000 , ERR: 0 
#  DUT Result	: RES:   160 , COUT: 0 , OFLOW: 0 , EGL: 000 , ERR: 0 
# -----------------------------------------------------------------------
# -----------------------------------------------------------------------
#  [FAIL] Incorrect Output at MODE: 0 , CMD:  3 
#  Inputs:	OPA:  57 , OPB:  23 , INP_VALID : 11 
#  Expected Result : RES:   238 , COUT: 0 , OFLOW: 0 , EGL: 000 , ERR: 0 
#  DUT Result	: RES:   192 , COUT: 0 , OFLOW: 0 , EGL: 000 , ERR: 0 
# -----------------------------------------------------------------------
# -----------------------------------------------------------------------
#  [FAIL] Incorrect Output at MODE: 0 , CMD:  3 
#  Inputs:	OPA:  36 , OPB: 144 , INP_VALID : 11 
#  Expected Result : RES:   255 , COUT: 0 , OFLOW: 0 , EGL: 000 , ERR: 0 
#  DUT Result	: RES:    75 , COUT: 0 , OFLOW: 0 , EGL: 000 , ERR: 0 
# -----------------------------------------------------------------------
# -----------------------------------------------------------------------
#  [FAIL] Incorrect Output at MODE: 0 , CMD:  3 
#  Inputs:	OPA: 163 , OPB: 241 , INP_VALID : 11 
#  Expected Result : RES:    94 , COUT: 0 , OFLOW: 0 , EGL: 000 , ERR: 0 
#  DUT Result	: RES:    12 , COUT: 0 , OFLOW: 0 , EGL: 000 , ERR: 0 
# -----------------------------------------------------------------------
# -----------------------------------------------------------------------
#  [FAIL] Incorrect Output at MODE: 0 , CMD:  3 
#  Inputs:	OPA: 113 , OPB:  92 , INP_VALID : 11 
#  Expected Result : RES:   175 , COUT: 0 , OFLOW: 0 , EGL: 000 , ERR: 0 
#  DUT Result	: RES:   130 , COUT: 0 , OFLOW: 0 , EGL: 000 , ERR: 0 
# -----------------------------------------------------------------------
# -----------------------------------------------------------------------
#  [FAIL] Incorrect Output at MODE: 0 , CMD:  3 
#  Inputs:	OPA:  36 , OPB: 237 , INP_VALID : 11 
#  Expected Result : RES:   219 , COUT: 0 , OFLOW: 0 , EGL: 000 , ERR: 0 
#  DUT Result	: RES:    18 , COUT: 0 , OFLOW: 0 , EGL: 000 , ERR: 0 
# -----------------------------------------------------------------------
# -----------------------------------------------------------------------
#  [FAIL] Incorrect Output at MODE: 0 , CMD:  3 
#  Inputs:	OPA: 103 , OPB:  43 , INP_VALID : 11 
#  Expected Result : RES:   220 , COUT: 0 , OFLOW: 0 , EGL: 000 , ERR: 0 
#  DUT Result	: RES:   144 , COUT: 0 , OFLOW: 0 , EGL: 000 , ERR: 0 
# -----------------------------------------------------------------------
# -----------------------------------------------------------------------
#  [FAIL] Incorrect Output at MODE: 0 , CMD:  3 
#  Inputs:	OPA: 183 , OPB: 108 , INP_VALID : 11 
#  Expected Result : RES:   219 , COUT: 0 , OFLOW: 0 , EGL: 000 , ERR: 0 
#  DUT Result	: RES:     0 , COUT: 0 , OFLOW: 0 , EGL: 000 , ERR: 0 
# -----------------------------------------------------------------------
# -----------------------------------------------------------------------
#  [FAIL] Incorrect Output at MODE: 0 , CMD:  3 
#  Inputs:	OPA: 112 , OPB:  12 , INP_VALID : 11 
#  Expected Result : RES:   255 , COUT: 0 , OFLOW: 0 , EGL: 000 , ERR: 0 
#  DUT Result	: RES:   131 , COUT: 0 , OFLOW: 0 , EGL: 000 , ERR: 0 
# -----------------------------------------------------------------------
# -----------------------------------------------------------------------
#  [FAIL] Incorrect Output at MODE: 0 , CMD:  3 
#  Inputs:	OPA: 113 , OPB:  82 , INP_VALID : 11 
#  Expected Result : RES:   175 , COUT: 0 , OFLOW: 0 , EGL: 000 , ERR: 0 
#  DUT Result	: RES:   140 , COUT: 0 , OFLOW: 0 , EGL: 000 , ERR: 0 
# -----------------------------------------------------------------------
# -----------------------------------------------------------------------
#  [FAIL] Incorrect Output at MODE: 0 , CMD:  3 
#  Inputs:	OPA: 155 , OPB: 122 , INP_VALID : 11 
#  Expected Result : RES:   229 , COUT: 0 , OFLOW: 0 , EGL: 000 , ERR: 0 
#  DUT Result	: RES:     4 , COUT: 0 , OFLOW: 0 , EGL: 000 , ERR: 0 
# -----------------------------------------------------------------------
# -----------------------------------------------------------------------
#  [FAIL] Incorrect Output at MODE: 0 , CMD:  3 
#  Inputs:	OPA:  21 , OPB:  48 , INP_VALID : 11 
#  Expected Result : RES:   239 , COUT: 0 , OFLOW: 0 , EGL: 000 , ERR: 0 
#  DUT Result	: RES:   202 , COUT: 0 , OFLOW: 0 , EGL: 000 , ERR: 0 
# -----------------------------------------------------------------------
# -----------------------------------------------------------------------
#  [FAIL] Incorrect Output at MODE: 0 , CMD:  3 
#  Inputs:	OPA:  93 , OPB:  94 , INP_VALID : 11 
#  Expected Result : RES:   163 , COUT: 0 , OFLOW: 0 , EGL: 000 , ERR: 0 
#  DUT Result	: RES:   160 , COUT: 0 , OFLOW: 0 , EGL: 000 , ERR: 0 
# -----------------------------------------------------------------------
# -----------------------------------------------------------------------
#  [FAIL] Incorrect Output at MODE: 0 , CMD:  3 
#  Inputs:	OPA: 100 , OPB:  37 , INP_VALID : 11 
#  Expected Result : RES:   219 , COUT: 0 , OFLOW: 0 , EGL: 000 , ERR: 0 
#  DUT Result	: RES:   154 , COUT: 0 , OFLOW: 0 , EGL: 000 , ERR: 0 
# -----------------------------------------------------------------------
# -----------------------------------------------------------------------
#  [FAIL] Incorrect Output at MODE: 0 , CMD:  3 
#  Inputs:	OPA: 229 , OPB:  37 , INP_VALID : 11 
#  Expected Result : RES:   218 , COUT: 0 , OFLOW: 0 , EGL: 000 , ERR: 0 
#  DUT Result	: RES:    26 , COUT: 0 , OFLOW: 0 , EGL: 000 , ERR: 0 
# -----------------------------------------------------------------------
# -----------------------------------------------------------------------
#  [FAIL] Incorrect Output at MODE: 0 , CMD:  3 
#  Inputs:	OPA:  54 , OPB: 198 , INP_VALID : 11 
#  Expected Result : RES:   249 , COUT: 0 , OFLOW: 0 , EGL: 000 , ERR: 0 
#  DUT Result	: RES:     9 , COUT: 0 , OFLOW: 0 , EGL: 000 , ERR: 0 
# -----------------------------------------------------------------------
# -----------------------------------------------------------------------
#  [FAIL] Incorrect Output at MODE: 0 , CMD:  3 
#  Inputs:	OPA: 206 , OPB:  40 , INP_VALID : 11 
#  Expected Result : RES:   247 , COUT: 0 , OFLOW: 0 , EGL: 000 , ERR: 0 
#  DUT Result	: RES:    17 , COUT: 0 , OFLOW: 0 , EGL: 000 , ERR: 0 
# -----------------------------------------------------------------------
# -----------------------------------------------------------------------
#  [FAIL] Incorrect Output at MODE: 0 , CMD:  3 
#  Inputs:	OPA: 204 , OPB:  81 , INP_VALID : 11 
#  Expected Result : RES:   191 , COUT: 0 , OFLOW: 0 , EGL: 000 , ERR: 0 
#  DUT Result	: RES:    34 , COUT: 0 , OFLOW: 0 , EGL: 000 , ERR: 0 
# -----------------------------------------------------------------------
# -----------------------------------------------------------------------
#  [FAIL] Incorrect Output at MODE: 0 , CMD:  3 
#  Inputs:	OPA: 167 , OPB: 213 , INP_VALID : 11 
#  Expected Result : RES:   122 , COUT: 0 , OFLOW: 0 , EGL: 000 , ERR: 0 
#  DUT Result	: RES:     8 , COUT: 0 , OFLOW: 0 , EGL: 000 , ERR: 0 
# -----------------------------------------------------------------------
# -----------------------------------------------------------------------
#  [FAIL] Incorrect Output at MODE: 0 , CMD:  3 
#  Inputs:	OPA: 214 , OPB: 207 , INP_VALID : 11 
#  Expected Result : RES:    57 , COUT: 0 , OFLOW: 0 , EGL: 000 , ERR: 0 
#  DUT Result	: RES:    32 , COUT: 0 , OFLOW: 0 , EGL: 000 , ERR: 0 
# -----------------------------------------------------------------------
# -----------------------------------------------------------------------
#  [FAIL] Incorrect Output at MODE: 0 , CMD:  3 
#  Inputs:	OPA:  60 , OPB:  61 , INP_VALID : 11 
#  Expected Result : RES:   195 , COUT: 0 , OFLOW: 0 , EGL: 000 , ERR: 0 
#  DUT Result	: RES:   194 , COUT: 0 , OFLOW: 0 , EGL: 000 , ERR: 0 
# -----------------------------------------------------------------------
# -----------------------------------------------------------------------
#  [FAIL] Incorrect Output at MODE: 0 , CMD:  3 
#  Inputs:	OPA:  54 , OPB:  47 , INP_VALID : 11 
#  Expected Result : RES:   217 , COUT: 0 , OFLOW: 0 , EGL: 000 , ERR: 0 
#  DUT Result	: RES:   192 , COUT: 0 , OFLOW: 0 , EGL: 000 , ERR: 0 
# -----------------------------------------------------------------------
# -----------------------------------------------------------------------
#  [FAIL] Incorrect Output at MODE: 0 , CMD:  3 
#  Inputs:	OPA: 167 , OPB: 107 , INP_VALID : 11 
#  Expected Result : RES:   220 , COUT: 0 , OFLOW: 0 , EGL: 000 , ERR: 0 
#  DUT Result	: RES:    16 , COUT: 0 , OFLOW: 0 , EGL: 000 , ERR: 0 
# -----------------------------------------------------------------------
# -----------------------------------------------------------------------
#  [FAIL] Incorrect Output at MODE: 0 , CMD:  3 
#  Inputs:	OPA:  41 , OPB: 184 , INP_VALID : 11 
#  Expected Result : RES:   215 , COUT: 0 , OFLOW: 0 , EGL: 000 , ERR: 0 
#  DUT Result	: RES:    70 , COUT: 0 , OFLOW: 0 , EGL: 000 , ERR: 0 
# -----------------------------------------------------------------------
# -----------------------------------------------------------------------
#  [FAIL] Incorrect Output at MODE: 0 , CMD:  3 
#  Inputs:	OPA:  54 , OPB:  93 , INP_VALID : 11 
#  Expected Result : RES:   235 , COUT: 0 , OFLOW: 0 , EGL: 000 , ERR: 0 
#  DUT Result	: RES:   128 , COUT: 0 , OFLOW: 0 , EGL: 000 , ERR: 0 
# -----------------------------------------------------------------------
# -----------------------------------------------------------------------
#  [FAIL] Incorrect Output at MODE: 0 , CMD:  3 
#  Inputs:	OPA: 178 , OPB: 182 , INP_VALID : 11 
#  Expected Result : RES:    77 , COUT: 0 , OFLOW: 0 , EGL: 000 , ERR: 0 
#  DUT Result	: RES:    73 , COUT: 0 , OFLOW: 0 , EGL: 000 , ERR: 0 
# -----------------------------------------------------------------------
# -----------------------------------------------------------------------
#  [FAIL] Incorrect Output at MODE: 0 , CMD:  3 
#  Inputs:	OPA: 109 , OPB:  75 , INP_VALID : 11 
#  Expected Result : RES:   182 , COUT: 0 , OFLOW: 0 , EGL: 000 , ERR: 0 
#  DUT Result	: RES:   144 , COUT: 0 , OFLOW: 0 , EGL: 000 , ERR: 0 
# -----------------------------------------------------------------------
# -----------------------------------------------------------------------
#  [FAIL] Incorrect Output at MODE: 0 , CMD:  3 
#  Inputs:	OPA:  24 , OPB:  41 , INP_VALID : 11 
#  Expected Result : RES:   247 , COUT: 0 , OFLOW: 0 , EGL: 000 , ERR: 0 
#  DUT Result	: RES:   198 , COUT: 0 , OFLOW: 0 , EGL: 000 , ERR: 0 
# -----------------------------------------------------------------------
# -----------------------------------------------------------------------
#  [FAIL] Incorrect Output at MODE: 0 , CMD:  3 
#  Inputs:	OPA:  70 , OPB:   2 , INP_VALID : 11 
#  Expected Result : RES:   253 , COUT: 0 , OFLOW: 0 , EGL: 000 , ERR: 0 
#  DUT Result	: RES:   185 , COUT: 0 , OFLOW: 0 , EGL: 000 , ERR: 0 
# -----------------------------------------------------------------------
# -----------------------------------------------------------------------
#  [FAIL] Incorrect Output at MODE: 0 , CMD:  3 
#  Inputs:	OPA:  98 , OPB:  31 , INP_VALID : 11 
#  Expected Result : RES:   253 , COUT: 0 , OFLOW: 0 , EGL: 000 , ERR: 0 
#  DUT Result	: RES:   128 , COUT: 0 , OFLOW: 0 , EGL: 000 , ERR: 0 
# -----------------------------------------------------------------------
# -----------------------------------------------------------------------
#  [FAIL] Incorrect Output at MODE: 0 , CMD:  3 
#  Inputs:	OPA: 198 , OPB: 168 , INP_VALID : 11 
#  Expected Result : RES:   127 , COUT: 0 , OFLOW: 0 , EGL: 000 , ERR: 0 
#  DUT Result	: RES:    17 , COUT: 0 , OFLOW: 0 , EGL: 000 , ERR: 0 
# -----------------------------------------------------------------------
# -----------------------------------------------------------------------
#  [FAIL] Incorrect Output at MODE: 0 , CMD:  3 
#  Inputs:	OPA: 133 , OPB: 142 , INP_VALID : 11 
#  Expected Result : RES:   123 , COUT: 0 , OFLOW: 0 , EGL: 000 , ERR: 0 
#  DUT Result	: RES:   112 , COUT: 0 , OFLOW: 0 , EGL: 000 , ERR: 0 
# -----------------------------------------------------------------------
# -----------------------------------------------------------------------
#  [FAIL] Incorrect Output at MODE: 0 , CMD:  3 
#  Inputs:	OPA:  69 , OPB: 133 , INP_VALID : 11 
#  Expected Result : RES:   250 , COUT: 0 , OFLOW: 0 , EGL: 000 , ERR: 0 
#  DUT Result	: RES:    58 , COUT: 0 , OFLOW: 0 , EGL: 000 , ERR: 0 
# -----------------------------------------------------------------------
# -----------------------------------------------------------------------
#  [FAIL] Incorrect Output at MODE: 0 , CMD:  3 
#  Inputs:	OPA: 177 , OPB:  43 , INP_VALID : 11 
#  Expected Result : RES:   222 , COUT: 0 , OFLOW: 0 , EGL: 000 , ERR: 0 
#  DUT Result	: RES:    68 , COUT: 0 , OFLOW: 0 , EGL: 000 , ERR: 0 
# -----------------------------------------------------------------------
# -----------------------------------------------------------------------
#  [FAIL] Incorrect Output at MODE: 0 , CMD:  3 
#  Inputs:	OPA: 207 , OPB: 242 , INP_VALID : 11 
#  Expected Result : RES:    61 , COUT: 0 , OFLOW: 0 , EGL: 000 , ERR: 0 
#  DUT Result	: RES:     0 , COUT: 0 , OFLOW: 0 , EGL: 000 , ERR: 0 
# -----------------------------------------------------------------------
# -----------------------------------------------------------------------
#  [FAIL] Incorrect Output at MODE: 0 , CMD:  3 
#  Inputs:	OPA:  28 , OPB: 165 , INP_VALID : 11 
#  Expected Result : RES:   251 , COUT: 0 , OFLOW: 0 , EGL: 000 , ERR: 0 
#  DUT Result	: RES:    66 , COUT: 0 , OFLOW: 0 , EGL: 000 , ERR: 0 
# -----------------------------------------------------------------------
# -----------------------------------------------------------------------
#  [FAIL] Incorrect Output at MODE: 0 , CMD:  3 
#  Inputs:	OPA:  63 , OPB: 188 , INP_VALID : 11 
#  Expected Result : RES:   195 , COUT: 0 , OFLOW: 0 , EGL: 000 , ERR: 0 
#  DUT Result	: RES:    64 , COUT: 0 , OFLOW: 0 , EGL: 000 , ERR: 0 
# -----------------------------------------------------------------------
# -----------------------------------------------------------------------
#  [FAIL] Incorrect Output at MODE: 0 , CMD:  3 
#  Inputs:	OPA: 108 , OPB: 177 , INP_VALID : 11 
#  Expected Result : RES:   223 , COUT: 0 , OFLOW: 0 , EGL: 000 , ERR: 0 
#  DUT Result	: RES:     2 , COUT: 0 , OFLOW: 0 , EGL: 000 , ERR: 0 
# -----------------------------------------------------------------------
# -----------------------------------------------------------------------
#  [FAIL] Incorrect Output at MODE: 0 , CMD:  3 
#  Inputs:	OPA: 120 , OPB:  82 , INP_VALID : 11 
#  Expected Result : RES:   175 , COUT: 0 , OFLOW: 0 , EGL: 000 , ERR: 0 
#  DUT Result	: RES:   133 , COUT: 0 , OFLOW: 0 , EGL: 000 , ERR: 0 
# -----------------------------------------------------------------------
# -----------------------------------------------------------------------
#  [FAIL] Incorrect Output at MODE: 0 , CMD:  3 
#  Inputs:	OPA: 196 , OPB: 112 , INP_VALID : 11 
#  Expected Result : RES:   191 , COUT: 0 , OFLOW: 0 , EGL: 000 , ERR: 0 
#  DUT Result	: RES:    11 , COUT: 0 , OFLOW: 0 , EGL: 000 , ERR: 0 
# -----------------------------------------------------------------------
# -----------------------------------------------------------------------
#  [FAIL] Incorrect Output at MODE: 0 , CMD:  3 
#  Inputs:	OPA: 143 , OPB: 122 , INP_VALID : 11 
#  Expected Result : RES:   245 , COUT: 0 , OFLOW: 0 , EGL: 000 , ERR: 0 
#  DUT Result	: RES:     0 , COUT: 0 , OFLOW: 0 , EGL: 000 , ERR: 0 
# -----------------------------------------------------------------------
# -----------------------------------------------------------------------
#  [FAIL] Incorrect Output at MODE: 0 , CMD:  3 
#  Inputs:	OPA: 133 , OPB: 150 , INP_VALID : 11 
#  Expected Result : RES:   123 , COUT: 0 , OFLOW: 0 , EGL: 000 , ERR: 0 
#  DUT Result	: RES:   104 , COUT: 0 , OFLOW: 0 , EGL: 000 , ERR: 0 
# -----------------------------------------------------------------------
# -----------------------------------------------------------------------
#  [FAIL] Incorrect Output at MODE: 0 , CMD:  3 
#  Inputs:	OPA: 226 , OPB:  97 , INP_VALID : 11 
#  Expected Result : RES:   159 , COUT: 0 , OFLOW: 0 , EGL: 000 , ERR: 0 
#  DUT Result	: RES:    28 , COUT: 0 , OFLOW: 0 , EGL: 000 , ERR: 0 
# -----------------------------------------------------------------------
# -----------------------------------------------------------------------
#  [FAIL] Incorrect Output at MODE: 0 , CMD:  3 
#  Inputs:	OPA:  47 , OPB: 134 , INP_VALID : 11 
#  Expected Result : RES:   249 , COUT: 0 , OFLOW: 0 , EGL: 000 , ERR: 0 
#  DUT Result	: RES:    80 , COUT: 0 , OFLOW: 0 , EGL: 000 , ERR: 0 
# -----------------------------------------------------------------------
# -----------------------------------------------------------------------
#  [FAIL] Incorrect Output at MODE: 0 , CMD:  3 
#  Inputs:	OPA:  80 , OPB:  19 , INP_VALID : 11 
#  Expected Result : RES:   239 , COUT: 0 , OFLOW: 0 , EGL: 000 , ERR: 0 
#  DUT Result	: RES:   172 , COUT: 0 , OFLOW: 0 , EGL: 000 , ERR: 0 
# -----------------------------------------------------------------------
# -----------------------------------------------------------------------
#  [FAIL] Incorrect Output at MODE: 0 , CMD:  3 
#  Inputs:	OPA: 209 , OPB: 230 , INP_VALID : 11 
#  Expected Result : RES:    63 , COUT: 0 , OFLOW: 0 , EGL: 000 , ERR: 0 
#  DUT Result	: RES:     8 , COUT: 0 , OFLOW: 0 , EGL: 000 , ERR: 0 
# -----------------------------------------------------------------------
# -----------------------------------------------------------------------
#  [FAIL] Incorrect Output at MODE: 0 , CMD:  3 
#  Inputs:	OPA: 125 , OPB: 243 , INP_VALID : 11 
#  Expected Result : RES:   142 , COUT: 0 , OFLOW: 0 , EGL: 000 , ERR: 0 
#  DUT Result	: RES:     0 , COUT: 0 , OFLOW: 0 , EGL: 000 , ERR: 0 
# -----------------------------------------------------------------------
# -----------------------------------------------------------------------
#  [FAIL] Incorrect Output at MODE: 0 , CMD:  3 
#  Inputs:	OPA: 147 , OPB:  23 , INP_VALID : 11 
#  Expected Result : RES:   236 , COUT: 0 , OFLOW: 0 , EGL: 000 , ERR: 0 
#  DUT Result	: RES:   104 , COUT: 0 , OFLOW: 0 , EGL: 000 , ERR: 0 
# -----------------------------------------------------------------------
# -----------------------------------------------------------------------
#  [FAIL] Incorrect Output at MODE: 0 , CMD:  3 
#  Inputs:	OPA: 233 , OPB:  93 , INP_VALID : 11 
#  Expected Result : RES:   182 , COUT: 0 , OFLOW: 0 , EGL: 000 , ERR: 0 
#  DUT Result	: RES:     2 , COUT: 0 , OFLOW: 0 , EGL: 000 , ERR: 0 
# -----------------------------------------------------------------------
# -----------------------------------------------------------------------
#  [FAIL] Incorrect Output at MODE: 0 , CMD:  3 
#  Inputs:	OPA: 128 , OPB:  40 , INP_VALID : 11 
#  Expected Result : RES:   255 , COUT: 0 , OFLOW: 0 , EGL: 000 , ERR: 0 
#  DUT Result	: RES:    87 , COUT: 0 , OFLOW: 0 , EGL: 000 , ERR: 0 
# -----------------------------------------------------------------------
# -----------------------------------------------------------------------
#  [FAIL] Incorrect Output at MODE: 0 , CMD:  3 
#  Inputs:	OPA:  85 , OPB:  47 , INP_VALID : 11 
#  Expected Result : RES:   250 , COUT: 0 , OFLOW: 0 , EGL: 000 , ERR: 0 
#  DUT Result	: RES:   128 , COUT: 0 , OFLOW: 0 , EGL: 000 , ERR: 0 
# -----------------------------------------------------------------------
# -----------------------------------------------------------------------
#  [FAIL] Incorrect Output at MODE: 0 , CMD:  3 
#  Inputs:	OPA:  18 , OPB: 150 , INP_VALID : 11 
#  Expected Result : RES:   237 , COUT: 0 , OFLOW: 0 , EGL: 000 , ERR: 0 
#  DUT Result	: RES:   105 , COUT: 0 , OFLOW: 0 , EGL: 000 , ERR: 0 
# -----------------------------------------------------------------------
# -----------------------------------------------------------------------
#  [FAIL] Incorrect Output at MODE: 0 , CMD:  3 
#  Inputs:	OPA: 182 , OPB:  57 , INP_VALID : 11 
#  Expected Result : RES:   207 , COUT: 0 , OFLOW: 0 , EGL: 000 , ERR: 0 
#  DUT Result	: RES:    64 , COUT: 0 , OFLOW: 0 , EGL: 000 , ERR: 0 
# -----------------------------------------------------------------------
# -----------------------------------------------------------------------
#  [FAIL] Incorrect Output at MODE: 0 , CMD:  3 
#  Inputs:	OPA: 156 , OPB: 146 , INP_VALID : 11 
#  Expected Result : RES:   111 , COUT: 0 , OFLOW: 0 , EGL: 000 , ERR: 0 
#  DUT Result	: RES:    97 , COUT: 0 , OFLOW: 0 , EGL: 000 , ERR: 0 
# -----------------------------------------------------------------------
# -----------------------------------------------------------------------
#  [FAIL] Incorrect Output at MODE: 0 , CMD:  3 
#  Inputs:	OPA: 110 , OPB: 208 , INP_VALID : 11 
#  Expected Result : RES:   191 , COUT: 0 , OFLOW: 0 , EGL: 000 , ERR: 0 
#  DUT Result	: RES:     1 , COUT: 0 , OFLOW: 0 , EGL: 000 , ERR: 0 
# -----------------------------------------------------------------------
# -----------------------------------------------------------------------
#  [FAIL] Incorrect Output at MODE: 0 , CMD:  3 
#  Inputs:	OPA: 226 , OPB: 113 , INP_VALID : 11 
#  Expected Result : RES:   159 , COUT: 0 , OFLOW: 0 , EGL: 000 , ERR: 0 
#  DUT Result	: RES:    12 , COUT: 0 , OFLOW: 0 , EGL: 000 , ERR: 0 
# -----------------------------------------------------------------------
# -----------------------------------------------------------------------
#  [FAIL] Incorrect Output at MODE: 0 , CMD:  3 
#  Inputs:	OPA: 144 , OPB:  52 , INP_VALID : 11 
#  Expected Result : RES:   239 , COUT: 0 , OFLOW: 0 , EGL: 000 , ERR: 0 
#  DUT Result	: RES:    75 , COUT: 0 , OFLOW: 0 , EGL: 000 , ERR: 0 
# -----------------------------------------------------------------------
# -----------------------------------------------------------------------
#  [FAIL] Incorrect Output at MODE: 0 , CMD:  3 
#  Inputs:	OPA:  83 , OPB:  91 , INP_VALID : 11 
#  Expected Result : RES:   172 , COUT: 0 , OFLOW: 0 , EGL: 000 , ERR: 0 
#  DUT Result	: RES:   164 , COUT: 0 , OFLOW: 0 , EGL: 000 , ERR: 0 
# -----------------------------------------------------------------------
# -----------------------------------------------------------------------
#  [FAIL] Incorrect Output at MODE: 0 , CMD:  3 
#  Inputs:	OPA: 164 , OPB: 195 , INP_VALID : 11 
#  Expected Result : RES:   127 , COUT: 0 , OFLOW: 0 , EGL: 000 , ERR: 0 
#  DUT Result	: RES:    24 , COUT: 0 , OFLOW: 0 , EGL: 000 , ERR: 0 
# -----------------------------------------------------------------------
# -----------------------------------------------------------------------
#  [FAIL] Incorrect Output at MODE: 0 , CMD:  3 
#  Inputs:	OPA: 178 , OPB: 182 , INP_VALID : 11 
#  Expected Result : RES:    77 , COUT: 0 , OFLOW: 0 , EGL: 000 , ERR: 0 
#  DUT Result	: RES:    73 , COUT: 0 , OFLOW: 0 , EGL: 000 , ERR: 0 
# -----------------------------------------------------------------------
# -----------------------------------------------------------------------
#  [FAIL] Incorrect Output at MODE: 0 , CMD:  3 
#  Inputs:	OPA:  90 , OPB:  57 , INP_VALID : 11 
#  Expected Result : RES:   231 , COUT: 0 , OFLOW: 0 , EGL: 000 , ERR: 0 
#  DUT Result	: RES:   132 , COUT: 0 , OFLOW: 0 , EGL: 000 , ERR: 0 
# -----------------------------------------------------------------------
# -----------------------------------------------------------------------
#  [FAIL] Incorrect Output at MODE: 0 , CMD:  3 
#  Inputs:	OPA:  94 , OPB: 185 , INP_VALID : 11 
#  Expected Result : RES:   231 , COUT: 0 , OFLOW: 0 , EGL: 000 , ERR: 0 
#  DUT Result	: RES:     0 , COUT: 0 , OFLOW: 0 , EGL: 000 , ERR: 0 
# -----------------------------------------------------------------------
# -----------------------------------------------------------------------
#  [FAIL] Incorrect Output at MODE: 0 , CMD:  3 
#  Inputs:	OPA: 230 , OPB: 245 , INP_VALID : 11 
#  Expected Result : RES:    27 , COUT: 0 , OFLOW: 0 , EGL: 000 , ERR: 0 
#  DUT Result	: RES:     8 , COUT: 0 , OFLOW: 0 , EGL: 000 , ERR: 0 
# -----------------------------------------------------------------------
# -----------------------------------------------------------------------
#  [FAIL] Incorrect Output at MODE: 0 , CMD:  3 
#  Inputs:	OPA:  88 , OPB:  28 , INP_VALID : 11 
#  Expected Result : RES:   231 , COUT: 0 , OFLOW: 0 , EGL: 000 , ERR: 0 
#  DUT Result	: RES:   163 , COUT: 0 , OFLOW: 0 , EGL: 000 , ERR: 0 
# -----------------------------------------------------------------------
# -----------------------------------------------------------------------
#  [FAIL] Incorrect Output at MODE: 0 , CMD:  3 
#  Inputs:	OPA:  41 , OPB: 236 , INP_VALID : 11 
#  Expected Result : RES:   215 , COUT: 0 , OFLOW: 0 , EGL: 000 , ERR: 0 
#  DUT Result	: RES:    18 , COUT: 0 , OFLOW: 0 , EGL: 000 , ERR: 0 
# -----------------------------------------------------------------------
# -----------------------------------------------------------------------
#  [FAIL] Incorrect Output at MODE: 0 , CMD:  3 
#  Inputs:	OPA:  56 , OPB: 194 , INP_VALID : 11 
#  Expected Result : RES:   255 , COUT: 0 , OFLOW: 0 , EGL: 000 , ERR: 0 
#  DUT Result	: RES:     5 , COUT: 0 , OFLOW: 0 , EGL: 000 , ERR: 0 
# -----------------------------------------------------------------------
# -----------------------------------------------------------------------
#  [FAIL] Incorrect Output at MODE: 0 , CMD:  3 
#  Inputs:	OPA:  61 , OPB: 150 , INP_VALID : 11 
#  Expected Result : RES:   235 , COUT: 0 , OFLOW: 0 , EGL: 000 , ERR: 0 
#  DUT Result	: RES:    64 , COUT: 0 , OFLOW: 0 , EGL: 000 , ERR: 0 
# -----------------------------------------------------------------------
# -----------------------------------------------------------------------
#  [FAIL] Incorrect Output at MODE: 0 , CMD:  3 
#  Inputs:	OPA:  83 , OPB:  72 , INP_VALID : 11 
#  Expected Result : RES:   191 , COUT: 0 , OFLOW: 0 , EGL: 000 , ERR: 0 
#  DUT Result	: RES:   164 , COUT: 0 , OFLOW: 0 , EGL: 000 , ERR: 0 
# -----------------------------------------------------------------------
# -----------------------------------------------------------------------
#  [FAIL] Incorrect Output at MODE: 0 , CMD:  3 
#  Inputs:	OPA:  71 , OPB: 169 , INP_VALID : 11 
#  Expected Result : RES:   254 , COUT: 0 , OFLOW: 0 , EGL: 000 , ERR: 0 
#  DUT Result	: RES:    16 , COUT: 0 , OFLOW: 0 , EGL: 000 , ERR: 0 
# -----------------------------------------------------------------------
# -----------------------------------------------------------------------
#  [FAIL] Incorrect Output at MODE: 0 , CMD:  3 
#  Inputs:	OPA: 139 , OPB: 215 , INP_VALID : 11 
#  Expected Result : RES:   124 , COUT: 0 , OFLOW: 0 , EGL: 000 , ERR: 0 
#  DUT Result	: RES:    32 , COUT: 0 , OFLOW: 0 , EGL: 000 , ERR: 0 
# -----------------------------------------------------------------------
# -----------------------------------------------------------------------
#  [FAIL] Incorrect Output at MODE: 0 , CMD:  3 
#  Inputs:	OPA: 144 , OPB: 156 , INP_VALID : 11 
#  Expected Result : RES:   111 , COUT: 0 , OFLOW: 0 , EGL: 000 , ERR: 0 
#  DUT Result	: RES:    99 , COUT: 0 , OFLOW: 0 , EGL: 000 , ERR: 0 
# -----------------------------------------------------------------------
# -----------------------------------------------------------------------
#  [FAIL] Incorrect Output at MODE: 0 , CMD:  3 
#  Inputs:	OPA:  34 , OPB: 193 , INP_VALID : 11 
#  Expected Result : RES:   255 , COUT: 0 , OFLOW: 0 , EGL: 000 , ERR: 0 
#  DUT Result	: RES:    28 , COUT: 0 , OFLOW: 0 , EGL: 000 , ERR: 0 
# -----------------------------------------------------------------------
# -----------------------------------------------------------------------
#  [FAIL] Incorrect Output at MODE: 0 , CMD:  3 
#  Inputs:	OPA: 167 , OPB: 186 , INP_VALID : 11 
#  Expected Result : RES:    93 , COUT: 0 , OFLOW: 0 , EGL: 000 , ERR: 0 
#  DUT Result	: RES:    64 , COUT: 0 , OFLOW: 0 , EGL: 000 , ERR: 0 
# -----------------------------------------------------------------------
# -----------------------------------------------------------------------
#  [FAIL] Incorrect Output at MODE: 0 , CMD:  3 
#  Inputs:	OPA: 123 , OPB: 188 , INP_VALID : 11 
#  Expected Result : RES:   199 , COUT: 0 , OFLOW: 0 , EGL: 000 , ERR: 0 
#  DUT Result	: RES:     0 , COUT: 0 , OFLOW: 0 , EGL: 000 , ERR: 0 
# -----------------------------------------------------------------------
# -----------------------------------------------------------------------
#  [FAIL] Incorrect Output at MODE: 0 , CMD:  3 
#  Inputs:	OPA: 118 , OPB: 199 , INP_VALID : 11 
#  Expected Result : RES:   185 , COUT: 0 , OFLOW: 0 , EGL: 000 , ERR: 0 
#  DUT Result	: RES:     8 , COUT: 0 , OFLOW: 0 , EGL: 000 , ERR: 0 
# -----------------------------------------------------------------------
# -----------------------------------------------------------------------
#  [FAIL] Incorrect Output at MODE: 0 , CMD:  3 
#  Inputs:	OPA:   7 , OPB: 123 , INP_VALID : 11 
#  Expected Result : RES:   252 , COUT: 0 , OFLOW: 0 , EGL: 000 , ERR: 0 
#  DUT Result	: RES:   128 , COUT: 0 , OFLOW: 0 , EGL: 000 , ERR: 0 
# -----------------------------------------------------------------------
# -----------------------------------------------------------------------
#  [FAIL] Incorrect Output at MODE: 0 , CMD:  3 
#  Inputs:	OPA: 251 , OPB: 189 , INP_VALID : 11 
#  Expected Result : RES:    70 , COUT: 0 , OFLOW: 0 , EGL: 000 , ERR: 0 
#  DUT Result	: RES:     0 , COUT: 0 , OFLOW: 0 , EGL: 000 , ERR: 0 
# -----------------------------------------------------------------------
# -----------------------------------------------------------------------
#  [FAIL] Incorrect Output at MODE: 0 , CMD:  3 
#  Inputs:	OPA:  49 , OPB:   7 , INP_VALID : 11 
#  Expected Result : RES:   254 , COUT: 0 , OFLOW: 0 , EGL: 000 , ERR: 0 
#  DUT Result	: RES:   200 , COUT: 0 , OFLOW: 0 , EGL: 000 , ERR: 0 
# -----------------------------------------------------------------------
# -----------------------------------------------------------------------
#  [FAIL] Incorrect Output at MODE: 0 , CMD:  3 
#  Inputs:	OPA:  23 , OPB: 247 , INP_VALID : 11 
#  Expected Result : RES:   232 , COUT: 0 , OFLOW: 0 , EGL: 000 , ERR: 0 
#  DUT Result	: RES:     8 , COUT: 0 , OFLOW: 0 , EGL: 000 , ERR: 0 
# -----------------------------------------------------------------------
# -----------------------------------------------------------------------
#  [FAIL] Incorrect Output at MODE: 0 , CMD:  3 
#  Inputs:	OPA:  36 , OPB:  84 , INP_VALID : 11 
#  Expected Result : RES:   251 , COUT: 0 , OFLOW: 0 , EGL: 000 , ERR: 0 
#  DUT Result	: RES:   139 , COUT: 0 , OFLOW: 0 , EGL: 000 , ERR: 0 
# -----------------------------------------------------------------------
# -----------------------------------------------------------------------
#  [FAIL] Incorrect Output at MODE: 0 , CMD:  3 
#  Inputs:	OPA:  19 , OPB: 219 , INP_VALID : 11 
#  Expected Result : RES:   236 , COUT: 0 , OFLOW: 0 , EGL: 000 , ERR: 0 
#  DUT Result	: RES:    36 , COUT: 0 , OFLOW: 0 , EGL: 000 , ERR: 0 
# -----------------------------------------------------------------------
# -----------------------------------------------------------------------
#  [FAIL] Incorrect Output at MODE: 0 , CMD:  3 
#  Inputs:	OPA:  98 , OPB:  16 , INP_VALID : 11 
#  Expected Result : RES:   255 , COUT: 0 , OFLOW: 0 , EGL: 000 , ERR: 0 
#  DUT Result	: RES:   141 , COUT: 0 , OFLOW: 0 , EGL: 000 , ERR: 0 
# -----------------------------------------------------------------------
# -----------------------------------------------------------------------
#  [FAIL] Incorrect Output at MODE: 0 , CMD:  3 
#  Inputs:	OPA: 113 , OPB:  20 , INP_VALID : 11 
#  Expected Result : RES:   239 , COUT: 0 , OFLOW: 0 , EGL: 000 , ERR: 0 
#  DUT Result	: RES:   138 , COUT: 0 , OFLOW: 0 , EGL: 000 , ERR: 0 
# -----------------------------------------------------------------------
# -----------------------------------------------------------------------
#  [FAIL] Incorrect Output at MODE: 0 , CMD:  3 
#  Inputs:	OPA: 151 , OPB: 125 , INP_VALID : 11 
#  Expected Result : RES:   234 , COUT: 0 , OFLOW: 0 , EGL: 000 , ERR: 0 
#  DUT Result	: RES:     0 , COUT: 0 , OFLOW: 0 , EGL: 000 , ERR: 0 
# -----------------------------------------------------------------------
# -----------------------------------------------------------------------
#  [FAIL] Incorrect Output at MODE: 0 , CMD:  3 
#  Inputs:	OPA: 163 , OPB: 183 , INP_VALID : 11 
#  Expected Result : RES:    92 , COUT: 0 , OFLOW: 0 , EGL: 000 , ERR: 0 
#  DUT Result	: RES:    72 , COUT: 0 , OFLOW: 0 , EGL: 000 , ERR: 0 
# -----------------------------------------------------------------------
# -----------------------------------------------------------------------
#  [FAIL] Incorrect Output at MODE: 0 , CMD:  3 
#  Inputs:	OPA:  18 , OPB:   6 , INP_VALID : 11 
#  Expected Result : RES:   253 , COUT: 0 , OFLOW: 0 , EGL: 000 , ERR: 0 
#  DUT Result	: RES:   233 , COUT: 0 , OFLOW: 0 , EGL: 000 , ERR: 0 
# -----------------------------------------------------------------------
# -----------------------------------------------------------------------
#  [FAIL] Incorrect Output at MODE: 0 , CMD:  3 
#  Inputs:	OPA: 241 , OPB:  88 , INP_VALID : 11 
#  Expected Result : RES:   175 , COUT: 0 , OFLOW: 0 , EGL: 000 , ERR: 0 
#  DUT Result	: RES:     6 , COUT: 0 , OFLOW: 0 , EGL: 000 , ERR: 0 
# -----------------------------------------------------------------------
# -----------------------------------------------------------------------
#  [FAIL] Incorrect Output at MODE: 0 , CMD:  3 
#  Inputs:	OPA: 137 , OPB:  45 , INP_VALID : 11 
#  Expected Result : RES:   246 , COUT: 0 , OFLOW: 0 , EGL: 000 , ERR: 0 
#  DUT Result	: RES:    82 , COUT: 0 , OFLOW: 0 , EGL: 000 , ERR: 0 
# -----------------------------------------------------------------------
# -----------------------------------------------------------------------
#  [FAIL] Incorrect Output at MODE: 0 , CMD:  3 
#  Inputs:	OPA:  47 , OPB: 185 , INP_VALID : 11 
#  Expected Result : RES:   214 , COUT: 0 , OFLOW: 0 , EGL: 000 , ERR: 0 
#  DUT Result	: RES:    64 , COUT: 0 , OFLOW: 0 , EGL: 000 , ERR: 0 
# -----------------------------------------------------------------------
# -----------------------------------------------------------------------
#  [FAIL] Incorrect Output at MODE: 0 , CMD:  3 
#  Inputs:	OPA: 118 , OPB:  89 , INP_VALID : 11 
#  Expected Result : RES:   175 , COUT: 0 , OFLOW: 0 , EGL: 000 , ERR: 0 
#  DUT Result	: RES:   128 , COUT: 0 , OFLOW: 0 , EGL: 000 , ERR: 0 
# -----------------------------------------------------------------------
# -----------------------------------------------------------------------
#  [FAIL] Incorrect Output at MODE: 0 , CMD:  3 
#  Inputs:	OPA: 210 , OPB:  54 , INP_VALID : 11 
#  Expected Result : RES:   237 , COUT: 0 , OFLOW: 0 , EGL: 000 , ERR: 0 
#  DUT Result	: RES:     9 , COUT: 0 , OFLOW: 0 , EGL: 000 , ERR: 0 
# -----------------------------------------------------------------------
# -----------------------------------------------------------------------
#  [FAIL] Incorrect Output at MODE: 0 , CMD:  3 
#  Inputs:	OPA: 192 , OPB: 132 , INP_VALID : 11 
#  Expected Result : RES:   127 , COUT: 0 , OFLOW: 0 , EGL: 000 , ERR: 0 
#  DUT Result	: RES:    59 , COUT: 0 , OFLOW: 0 , EGL: 000 , ERR: 0 
# -----------------------------------------------------------------------
# -----------------------------------------------------------------------
#  [FAIL] Incorrect Output at MODE: 0 , CMD:  3 
#  Inputs:	OPA:  40 , OPB: 179 , INP_VALID : 11 
#  Expected Result : RES:   223 , COUT: 0 , OFLOW: 0 , EGL: 000 , ERR: 0 
#  DUT Result	: RES:    68 , COUT: 0 , OFLOW: 0 , EGL: 000 , ERR: 0 
# -----------------------------------------------------------------------
# -----------------------------------------------------------------------
#  [FAIL] Incorrect Output at MODE: 0 , CMD:  3 
#  Inputs:	OPA:  26 , OPB:  23 , INP_VALID : 11 
#  Expected Result : RES:   237 , COUT: 0 , OFLOW: 0 , EGL: 000 , ERR: 0 
#  DUT Result	: RES:   224 , COUT: 0 , OFLOW: 0 , EGL: 000 , ERR: 0 
# -----------------------------------------------------------------------
# -----------------------------------------------------------------------
#  [FAIL] Incorrect Output at MODE: 0 , CMD:  3 
#  Inputs:	OPA:  12 , OPB: 187 , INP_VALID : 11 
#  Expected Result : RES:   247 , COUT: 0 , OFLOW: 0 , EGL: 000 , ERR: 0 
#  DUT Result	: RES:    64 , COUT: 0 , OFLOW: 0 , EGL: 000 , ERR: 0 
# -----------------------------------------------------------------------
# -----------------------------------------------------------------------
#  [FAIL] Incorrect Output at MODE: 0 , CMD:  3 
#  Inputs:	OPA: 185 , OPB:  10 , INP_VALID : 11 
#  Expected Result : RES:   247 , COUT: 0 , OFLOW: 0 , EGL: 000 , ERR: 0 
#  DUT Result	: RES:    68 , COUT: 0 , OFLOW: 0 , EGL: 000 , ERR: 0 
# -----------------------------------------------------------------------
# -----------------------------------------------------------------------
#  [FAIL] Incorrect Output at MODE: 0 , CMD:  3 
#  Inputs:	OPA: 252 , OPB: 100 , INP_VALID : 11 
#  Expected Result : RES:   155 , COUT: 0 , OFLOW: 0 , EGL: 000 , ERR: 0 
#  DUT Result	: RES:     3 , COUT: 0 , OFLOW: 0 , EGL: 000 , ERR: 0 
# -----------------------------------------------------------------------
#  [PASS] Inputs: OPA:  47 , OPB: 100 , INP_VALID : 11 
#  Expected Result : RES:    75 , COUT: 0 , OFLOW: 0 , EGL: 000 , ERR: 0 
#  DUT Result	: RES:    75 , COUT: 0 , OFLOW: 0 , EGL: 000 , ERR: 0 
#  [PASS] Inputs: OPA:  98 , OPB: 150 , INP_VALID : 11 
#  Expected Result : RES:   244 , COUT: 0 , OFLOW: 0 , EGL: 000 , ERR: 0 
#  DUT Result	: RES:   244 , COUT: 0 , OFLOW: 0 , EGL: 000 , ERR: 0 
#  [PASS] Inputs: OPA: 213 , OPB: 186 , INP_VALID : 11 
#  Expected Result : RES:   111 , COUT: 0 , OFLOW: 0 , EGL: 000 , ERR: 0 
#  DUT Result	: RES:   111 , COUT: 0 , OFLOW: 0 , EGL: 000 , ERR: 0 
#  [PASS] Inputs: OPA:  42 , OPB: 225 , INP_VALID : 11 
#  Expected Result : RES:   203 , COUT: 0 , OFLOW: 0 , EGL: 000 , ERR: 0 
#  DUT Result	: RES:   203 , COUT: 0 , OFLOW: 0 , EGL: 000 , ERR: 0 
#  [PASS] Inputs: OPA:  60 , OPB: 201 , INP_VALID : 11 
#  Expected Result : RES:   245 , COUT: 0 , OFLOW: 0 , EGL: 000 , ERR: 0 
#  DUT Result	: RES:   245 , COUT: 0 , OFLOW: 0 , EGL: 000 , ERR: 0 
#  [PASS] Inputs: OPA:  88 , OPB: 174 , INP_VALID : 11 
#  Expected Result : RES:   246 , COUT: 0 , OFLOW: 0 , EGL: 000 , ERR: 0 
#  DUT Result	: RES:   246 , COUT: 0 , OFLOW: 0 , EGL: 000 , ERR: 0 
#  [PASS] Inputs: OPA: 162 , OPB: 232 , INP_VALID : 11 
#  Expected Result : RES:    74 , COUT: 0 , OFLOW: 0 , EGL: 000 , ERR: 0 
#  DUT Result	: RES:    74 , COUT: 0 , OFLOW: 0 , EGL: 000 , ERR: 0 
#  [PASS] Inputs: OPA:  28 , OPB: 123 , INP_VALID : 11 
#  Expected Result : RES:   103 , COUT: 0 , OFLOW: 0 , EGL: 000 , ERR: 0 
#  DUT Result	: RES:   103 , COUT: 0 , OFLOW: 0 , EGL: 000 , ERR: 0 
#  [PASS] Inputs: OPA: 249 , OPB:  95 , INP_VALID : 11 
#  Expected Result : RES:   166 , COUT: 0 , OFLOW: 0 , EGL: 000 , ERR: 0 
#  DUT Result	: RES:   166 , COUT: 0 , OFLOW: 0 , EGL: 000 , ERR: 0 
#  [PASS] Inputs: OPA: 136 , OPB: 107 , INP_VALID : 11 
#  Expected Result : RES:   227 , COUT: 0 , OFLOW: 0 , EGL: 000 , ERR: 0 
#  DUT Result	: RES:   227 , COUT: 0 , OFLOW: 0 , EGL: 000 , ERR: 0 
#  [PASS] Inputs: OPA: 191 , OPB:  14 , INP_VALID : 11 
#  Expected Result : RES:   177 , COUT: 0 , OFLOW: 0 , EGL: 000 , ERR: 0 
#  DUT Result	: RES:   177 , COUT: 0 , OFLOW: 0 , EGL: 000 , ERR: 0 
#  [PASS] Inputs: OPA: 209 , OPB:  16 , INP_VALID : 11 
#  Expected Result : RES:   193 , COUT: 0 , OFLOW: 0 , EGL: 000 , ERR: 0 
#  DUT Result	: RES:   193 , COUT: 0 , OFLOW: 0 , EGL: 000 , ERR: 0 
#  [PASS] Inputs: OPA: 166 , OPB: 159 , INP_VALID : 11 
#  Expected Result : RES:    57 , COUT: 0 , OFLOW: 0 , EGL: 000 , ERR: 0 
#  DUT Result	: RES:    57 , COUT: 0 , OFLOW: 0 , EGL: 000 , ERR: 0 
#  [PASS] Inputs: OPA:  58 , OPB: 156 , INP_VALID : 11 
#  Expected Result : RES:   166 , COUT: 0 , OFLOW: 0 , EGL: 000 , ERR: 0 
#  DUT Result	: RES:   166 , COUT: 0 , OFLOW: 0 , EGL: 000 , ERR: 0 
#  [PASS] Inputs: OPA: 112 , OPB: 195 , INP_VALID : 11 
#  Expected Result : RES:   179 , COUT: 0 , OFLOW: 0 , EGL: 000 , ERR: 0 
#  DUT Result	: RES:   179 , COUT: 0 , OFLOW: 0 , EGL: 000 , ERR: 0 
#  [PASS] Inputs: OPA:  27 , OPB: 106 , INP_VALID : 11 
#  Expected Result : RES:   113 , COUT: 0 , OFLOW: 0 , EGL: 000 , ERR: 0 
#  DUT Result	: RES:   113 , COUT: 0 , OFLOW: 0 , EGL: 000 , ERR: 0 
#  [PASS] Inputs: OPA: 157 , OPB: 238 , INP_VALID : 11 
#  Expected Result : RES:   115 , COUT: 0 , OFLOW: 0 , EGL: 000 , ERR: 0 
#  DUT Result	: RES:   115 , COUT: 0 , OFLOW: 0 , EGL: 000 , ERR: 0 
#  [PASS] Inputs: OPA: 169 , OPB:  44 , INP_VALID : 11 
#  Expected Result : RES:   133 , COUT: 0 , OFLOW: 0 , EGL: 000 , ERR: 0 
#  DUT Result	: RES:   133 , COUT: 0 , OFLOW: 0 , EGL: 000 , ERR: 0 
#  [PASS] Inputs: OPA:  95 , OPB: 224 , INP_VALID : 11 
#  Expected Result : RES:   191 , COUT: 0 , OFLOW: 0 , EGL: 000 , ERR: 0 
#  DUT Result	: RES:   191 , COUT: 0 , OFLOW: 0 , EGL: 000 , ERR: 0 
#  [PASS] Inputs: OPA: 132 , OPB: 159 , INP_VALID : 11 
#  Expected Result : RES:    27 , COUT: 0 , OFLOW: 0 , EGL: 000 , ERR: 0 
#  DUT Result	: RES:    27 , COUT: 0 , OFLOW: 0 , EGL: 000 , ERR: 0 
#  [PASS] Inputs: OPA:  98 , OPB: 142 , INP_VALID : 11 
#  Expected Result : RES:   236 , COUT: 0 , OFLOW: 0 , EGL: 000 , ERR: 0 
#  DUT Result	: RES:   236 , COUT: 0 , OFLOW: 0 , EGL: 000 , ERR: 0 
#  [PASS] Inputs: OPA: 214 , OPB: 115 , INP_VALID : 11 
#  Expected Result : RES:   165 , COUT: 0 , OFLOW: 0 , EGL: 000 , ERR: 0 
#  DUT Result	: RES:   165 , COUT: 0 , OFLOW: 0 , EGL: 000 , ERR: 0 
#  [PASS] Inputs: OPA: 154 , OPB:  46 , INP_VALID : 11 
#  Expected Result : RES:   180 , COUT: 0 , OFLOW: 0 , EGL: 000 , ERR: 0 
#  DUT Result	: RES:   180 , COUT: 0 , OFLOW: 0 , EGL: 000 , ERR: 0 
#  [PASS] Inputs: OPA: 145 , OPB:   9 , INP_VALID : 11 
#  Expected Result : RES:   152 , COUT: 0 , OFLOW: 0 , EGL: 000 , ERR: 0 
#  DUT Result	: RES:   152 , COUT: 0 , OFLOW: 0 , EGL: 000 , ERR: 0 
#  [PASS] Inputs: OPA:  14 , OPB:  36 , INP_VALID : 11 
#  Expected Result : RES:    42 , COUT: 0 , OFLOW: 0 , EGL: 000 , ERR: 0 
#  DUT Result	: RES:    42 , COUT: 0 , OFLOW: 0 , EGL: 000 , ERR: 0 
#  [PASS] Inputs: OPA:  98 , OPB: 112 , INP_VALID : 11 
#  Expected Result : RES:    18 , COUT: 0 , OFLOW: 0 , EGL: 000 , ERR: 0 
#  DUT Result	: RES:    18 , COUT: 0 , OFLOW: 0 , EGL: 000 , ERR: 0 
#  [PASS] Inputs: OPA:  80 , OPB: 137 , INP_VALID : 11 
#  Expected Result : RES:   217 , COUT: 0 , OFLOW: 0 , EGL: 000 , ERR: 0 
#  DUT Result	: RES:   217 , COUT: 0 , OFLOW: 0 , EGL: 000 , ERR: 0 
#  [PASS] Inputs: OPA: 127 , OPB: 209 , INP_VALID : 11 
#  Expected Result : RES:   174 , COUT: 0 , OFLOW: 0 , EGL: 000 , ERR: 0 
#  DUT Result	: RES:   174 , COUT: 0 , OFLOW: 0 , EGL: 000 , ERR: 0 
#  [PASS] Inputs: OPA:  70 , OPB: 107 , INP_VALID : 11 
#  Expected Result : RES:    45 , COUT: 0 , OFLOW: 0 , EGL: 000 , ERR: 0 
#  DUT Result	: RES:    45 , COUT: 0 , OFLOW: 0 , EGL: 000 , ERR: 0 
#  [PASS] Inputs: OPA:  59 , OPB: 176 , INP_VALID : 11 
#  Expected Result : RES:   139 , COUT: 0 , OFLOW: 0 , EGL: 000 , ERR: 0 
#  DUT Result	: RES:   139 , COUT: 0 , OFLOW: 0 , EGL: 000 , ERR: 0 
#  [PASS] Inputs: OPA:  87 , OPB: 216 , INP_VALID : 11 
#  Expected Result : RES:   143 , COUT: 0 , OFLOW: 0 , EGL: 000 , ERR: 0 
#  DUT Result	: RES:   143 , COUT: 0 , OFLOW: 0 , EGL: 000 , ERR: 0 
#  [PASS] Inputs: OPA:  42 , OPB: 160 , INP_VALID : 11 
#  Expected Result : RES:   138 , COUT: 0 , OFLOW: 0 , EGL: 000 , ERR: 0 
#  DUT Result	: RES:   138 , COUT: 0 , OFLOW: 0 , EGL: 000 , ERR: 0 
#  [PASS] Inputs: OPA: 144 , OPB:  85 , INP_VALID : 11 
#  Expected Result : RES:   197 , COUT: 0 , OFLOW: 0 , EGL: 000 , ERR: 0 
#  DUT Result	: RES:   197 , COUT: 0 , OFLOW: 0 , EGL: 000 , ERR: 0 
#  [PASS] Inputs: OPA: 167 , OPB:  37 , INP_VALID : 11 
#  Expected Result : RES:   130 , COUT: 0 , OFLOW: 0 , EGL: 000 , ERR: 0 
#  DUT Result	: RES:   130 , COUT: 0 , OFLOW: 0 , EGL: 000 , ERR: 0 
#  [PASS] Inputs: OPA:   6 , OPB: 209 , INP_VALID : 11 
#  Expected Result : RES:   215 , COUT: 0 , OFLOW: 0 , EGL: 000 , ERR: 0 
#  DUT Result	: RES:   215 , COUT: 0 , OFLOW: 0 , EGL: 000 , ERR: 0 
#  [PASS] Inputs: OPA:  70 , OPB: 123 , INP_VALID : 11 
#  Expected Result : RES:    61 , COUT: 0 , OFLOW: 0 , EGL: 000 , ERR: 0 
#  DUT Result	: RES:    61 , COUT: 0 , OFLOW: 0 , EGL: 000 , ERR: 0 
#  [PASS] Inputs: OPA:  82 , OPB:  39 , INP_VALID : 11 
#  Expected Result : RES:   117 , COUT: 0 , OFLOW: 0 , EGL: 000 , ERR: 0 
#  DUT Result	: RES:   117 , COUT: 0 , OFLOW: 0 , EGL: 000 , ERR: 0 
#  [PASS] Inputs: OPA: 113 , OPB: 197 , INP_VALID : 11 
#  Expected Result : RES:   180 , COUT: 0 , OFLOW: 0 , EGL: 000 , ERR: 0 
#  DUT Result	: RES:   180 , COUT: 0 , OFLOW: 0 , EGL: 000 , ERR: 0 
#  [PASS] Inputs: OPA: 105 , OPB: 226 , INP_VALID : 11 
#  Expected Result : RES:   139 , COUT: 0 , OFLOW: 0 , EGL: 000 , ERR: 0 
#  DUT Result	: RES:   139 , COUT: 0 , OFLOW: 0 , EGL: 000 , ERR: 0 
#  [PASS] Inputs: OPA: 136 , OPB:  71 , INP_VALID : 11 
#  Expected Result : RES:   207 , COUT: 0 , OFLOW: 0 , EGL: 000 , ERR: 0 
#  DUT Result	: RES:   207 , COUT: 0 , OFLOW: 0 , EGL: 000 , ERR: 0 
#  [PASS] Inputs: OPA:  62 , OPB: 204 , INP_VALID : 11 
#  Expected Result : RES:   242 , COUT: 0 , OFLOW: 0 , EGL: 000 , ERR: 0 
#  DUT Result	: RES:   242 , COUT: 0 , OFLOW: 0 , EGL: 000 , ERR: 0 
#  [PASS] Inputs: OPA: 191 , OPB:  37 , INP_VALID : 11 
#  Expected Result : RES:   154 , COUT: 0 , OFLOW: 0 , EGL: 000 , ERR: 0 
#  DUT Result	: RES:   154 , COUT: 0 , OFLOW: 0 , EGL: 000 , ERR: 0 
#  [PASS] Inputs: OPA:  81 , OPB:  51 , INP_VALID : 11 
#  Expected Result : RES:    98 , COUT: 0 , OFLOW: 0 , EGL: 000 , ERR: 0 
#  DUT Result	: RES:    98 , COUT: 0 , OFLOW: 0 , EGL: 000 , ERR: 0 
#  [PASS] Inputs: OPA: 250 , OPB:  23 , INP_VALID : 11 
#  Expected Result : RES:   237 , COUT: 0 , OFLOW: 0 , EGL: 000 , ERR: 0 
#  DUT Result	: RES:   237 , COUT: 0 , OFLOW: 0 , EGL: 000 , ERR: 0 
#  [PASS] Inputs: OPA: 106 , OPB: 251 , INP_VALID : 11 
#  Expected Result : RES:   145 , COUT: 0 , OFLOW: 0 , EGL: 000 , ERR: 0 
#  DUT Result	: RES:   145 , COUT: 0 , OFLOW: 0 , EGL: 000 , ERR: 0 
#  [PASS] Inputs: OPA: 101 , OPB: 229 , INP_VALID : 11 
#  Expected Result : RES:   128 , COUT: 0 , OFLOW: 0 , EGL: 000 , ERR: 0 
#  DUT Result	: RES:   128 , COUT: 0 , OFLOW: 0 , EGL: 000 , ERR: 0 
#  [PASS] Inputs: OPA:  83 , OPB:  31 , INP_VALID : 11 
#  Expected Result : RES:    76 , COUT: 0 , OFLOW: 0 , EGL: 000 , ERR: 0 
#  DUT Result	: RES:    76 , COUT: 0 , OFLOW: 0 , EGL: 000 , ERR: 0 
#  [PASS] Inputs: OPA:   9 , OPB: 167 , INP_VALID : 11 
#  Expected Result : RES:   174 , COUT: 0 , OFLOW: 0 , EGL: 000 , ERR: 0 
#  DUT Result	: RES:   174 , COUT: 0 , OFLOW: 0 , EGL: 000 , ERR: 0 
#  [PASS] Inputs: OPA: 247 , OPB:  95 , INP_VALID : 11 
#  Expected Result : RES:   168 , COUT: 0 , OFLOW: 0 , EGL: 000 , ERR: 0 
#  DUT Result	: RES:   168 , COUT: 0 , OFLOW: 0 , EGL: 000 , ERR: 0 
#  [PASS] Inputs: OPA:  35 , OPB:  52 , INP_VALID : 11 
#  Expected Result : RES:    23 , COUT: 0 , OFLOW: 0 , EGL: 000 , ERR: 0 
#  DUT Result	: RES:    23 , COUT: 0 , OFLOW: 0 , EGL: 000 , ERR: 0 
#  [PASS] Inputs: OPA:  57 , OPB:  16 , INP_VALID : 11 
#  Expected Result : RES:    41 , COUT: 0 , OFLOW: 0 , EGL: 000 , ERR: 0 
#  DUT Result	: RES:    41 , COUT: 0 , OFLOW: 0 , EGL: 000 , ERR: 0 
#  [PASS] Inputs: OPA: 144 , OPB:  52 , INP_VALID : 11 
#  Expected Result : RES:   164 , COUT: 0 , OFLOW: 0 , EGL: 000 , ERR: 0 
#  DUT Result	: RES:   164 , COUT: 0 , OFLOW: 0 , EGL: 000 , ERR: 0 
#  [PASS] Inputs: OPA: 107 , OPB: 104 , INP_VALID : 11 
#  Expected Result : RES:     3 , COUT: 0 , OFLOW: 0 , EGL: 000 , ERR: 0 
#  DUT Result	: RES:     3 , COUT: 0 , OFLOW: 0 , EGL: 000 , ERR: 0 
#  [PASS] Inputs: OPA: 186 , OPB:  43 , INP_VALID : 11 
#  Expected Result : RES:   145 , COUT: 0 , OFLOW: 0 , EGL: 000 , ERR: 0 
#  DUT Result	: RES:   145 , COUT: 0 , OFLOW: 0 , EGL: 000 , ERR: 0 
#  [PASS] Inputs: OPA: 232 , OPB:  47 , INP_VALID : 11 
#  Expected Result : RES:   199 , COUT: 0 , OFLOW: 0 , EGL: 000 , ERR: 0 
#  DUT Result	: RES:   199 , COUT: 0 , OFLOW: 0 , EGL: 000 , ERR: 0 
#  [PASS] Inputs: OPA: 109 , OPB:  25 , INP_VALID : 11 
#  Expected Result : RES:   116 , COUT: 0 , OFLOW: 0 , EGL: 000 , ERR: 0 
#  DUT Result	: RES:   116 , COUT: 0 , OFLOW: 0 , EGL: 000 , ERR: 0 
#  [PASS] Inputs: OPA: 166 , OPB: 230 , INP_VALID : 11 
#  Expected Result : RES:    64 , COUT: 0 , OFLOW: 0 , EGL: 000 , ERR: 0 
#  DUT Result	: RES:    64 , COUT: 0 , OFLOW: 0 , EGL: 000 , ERR: 0 
#  [PASS] Inputs: OPA:  57 , OPB:  86 , INP_VALID : 11 
#  Expected Result : RES:   111 , COUT: 0 , OFLOW: 0 , EGL: 000 , ERR: 0 
#  DUT Result	: RES:   111 , COUT: 0 , OFLOW: 0 , EGL: 000 , ERR: 0 
#  [PASS] Inputs: OPA:  73 , OPB: 185 , INP_VALID : 11 
#  Expected Result : RES:   240 , COUT: 0 , OFLOW: 0 , EGL: 000 , ERR: 0 
#  DUT Result	: RES:   240 , COUT: 0 , OFLOW: 0 , EGL: 000 , ERR: 0 
#  [PASS] Inputs: OPA: 227 , OPB:  73 , INP_VALID : 11 
#  Expected Result : RES:   170 , COUT: 0 , OFLOW: 0 , EGL: 000 , ERR: 0 
#  DUT Result	: RES:   170 , COUT: 0 , OFLOW: 0 , EGL: 000 , ERR: 0 
#  [PASS] Inputs: OPA: 166 , OPB:  33 , INP_VALID : 11 
#  Expected Result : RES:   135 , COUT: 0 , OFLOW: 0 , EGL: 000 , ERR: 0 
#  DUT Result	: RES:   135 , COUT: 0 , OFLOW: 0 , EGL: 000 , ERR: 0 
#  [PASS] Inputs: OPA: 112 , OPB:  36 , INP_VALID : 11 
#  Expected Result : RES:    84 , COUT: 0 , OFLOW: 0 , EGL: 000 , ERR: 0 
#  DUT Result	: RES:    84 , COUT: 0 , OFLOW: 0 , EGL: 000 , ERR: 0 
#  [PASS] Inputs: OPA:  61 , OPB: 128 , INP_VALID : 11 
#  Expected Result : RES:   189 , COUT: 0 , OFLOW: 0 , EGL: 000 , ERR: 0 
#  DUT Result	: RES:   189 , COUT: 0 , OFLOW: 0 , EGL: 000 , ERR: 0 
#  [PASS] Inputs: OPA:  90 , OPB:  43 , INP_VALID : 11 
#  Expected Result : RES:   113 , COUT: 0 , OFLOW: 0 , EGL: 000 , ERR: 0 
#  DUT Result	: RES:   113 , COUT: 0 , OFLOW: 0 , EGL: 000 , ERR: 0 
#  [PASS] Inputs: OPA: 234 , OPB: 142 , INP_VALID : 11 
#  Expected Result : RES:   100 , COUT: 0 , OFLOW: 0 , EGL: 000 , ERR: 0 
#  DUT Result	: RES:   100 , COUT: 0 , OFLOW: 0 , EGL: 000 , ERR: 0 
#  [PASS] Inputs: OPA: 239 , OPB: 140 , INP_VALID : 11 
#  Expected Result : RES:    99 , COUT: 0 , OFLOW: 0 , EGL: 000 , ERR: 0 
#  DUT Result	: RES:    99 , COUT: 0 , OFLOW: 0 , EGL: 000 , ERR: 0 
#  [PASS] Inputs: OPA:  36 , OPB:  94 , INP_VALID : 11 
#  Expected Result : RES:   122 , COUT: 0 , OFLOW: 0 , EGL: 000 , ERR: 0 
#  DUT Result	: RES:   122 , COUT: 0 , OFLOW: 0 , EGL: 000 , ERR: 0 
#  [PASS] Inputs: OPA: 174 , OPB: 226 , INP_VALID : 11 
#  Expected Result : RES:    76 , COUT: 0 , OFLOW: 0 , EGL: 000 , ERR: 0 
#  DUT Result	: RES:    76 , COUT: 0 , OFLOW: 0 , EGL: 000 , ERR: 0 
#  [PASS] Inputs: OPA: 187 , OPB: 202 , INP_VALID : 11 
#  Expected Result : RES:   113 , COUT: 0 , OFLOW: 0 , EGL: 000 , ERR: 0 
#  DUT Result	: RES:   113 , COUT: 0 , OFLOW: 0 , EGL: 000 , ERR: 0 
#  [PASS] Inputs: OPA: 116 , OPB: 182 , INP_VALID : 11 
#  Expected Result : RES:   194 , COUT: 0 , OFLOW: 0 , EGL: 000 , ERR: 0 
#  DUT Result	: RES:   194 , COUT: 0 , OFLOW: 0 , EGL: 000 , ERR: 0 
#  [PASS] Inputs: OPA: 248 , OPB:  38 , INP_VALID : 11 
#  Expected Result : RES:   222 , COUT: 0 , OFLOW: 0 , EGL: 000 , ERR: 0 
#  DUT Result	: RES:   222 , COUT: 0 , OFLOW: 0 , EGL: 000 , ERR: 0 
#  [PASS] Inputs: OPA: 191 , OPB: 127 , INP_VALID : 11 
#  Expected Result : RES:   192 , COUT: 0 , OFLOW: 0 , EGL: 000 , ERR: 0 
#  DUT Result	: RES:   192 , COUT: 0 , OFLOW: 0 , EGL: 000 , ERR: 0 
#  [PASS] Inputs: OPA:  33 , OPB:  13 , INP_VALID : 11 
#  Expected Result : RES:    44 , COUT: 0 , OFLOW: 0 , EGL: 000 , ERR: 0 
#  DUT Result	: RES:    44 , COUT: 0 , OFLOW: 0 , EGL: 000 , ERR: 0 
#  [PASS] Inputs: OPA:  61 , OPB: 230 , INP_VALID : 11 
#  Expected Result : RES:   219 , COUT: 0 , OFLOW: 0 , EGL: 000 , ERR: 0 
#  DUT Result	: RES:   219 , COUT: 0 , OFLOW: 0 , EGL: 000 , ERR: 0 
#  [PASS] Inputs: OPA: 144 , OPB: 216 , INP_VALID : 11 
#  Expected Result : RES:    72 , COUT: 0 , OFLOW: 0 , EGL: 000 , ERR: 0 
#  DUT Result	: RES:    72 , COUT: 0 , OFLOW: 0 , EGL: 000 , ERR: 0 
#  [PASS] Inputs: OPA:  89 , OPB:  53 , INP_VALID : 11 
#  Expected Result : RES:   108 , COUT: 0 , OFLOW: 0 , EGL: 000 , ERR: 0 
#  DUT Result	: RES:   108 , COUT: 0 , OFLOW: 0 , EGL: 000 , ERR: 0 
#  [PASS] Inputs: OPA: 207 , OPB: 163 , INP_VALID : 11 
#  Expected Result : RES:   108 , COUT: 0 , OFLOW: 0 , EGL: 000 , ERR: 0 
#  DUT Result	: RES:   108 , COUT: 0 , OFLOW: 0 , EGL: 000 , ERR: 0 
#  [PASS] Inputs: OPA:  16 , OPB: 110 , INP_VALID : 11 
#  Expected Result : RES:   126 , COUT: 0 , OFLOW: 0 , EGL: 000 , ERR: 0 
#  DUT Result	: RES:   126 , COUT: 0 , OFLOW: 0 , EGL: 000 , ERR: 0 
#  [PASS] Inputs: OPA:   4 , OPB: 157 , INP_VALID : 11 
#  Expected Result : RES:   153 , COUT: 0 , OFLOW: 0 , EGL: 000 , ERR: 0 
#  DUT Result	: RES:   153 , COUT: 0 , OFLOW: 0 , EGL: 000 , ERR: 0 
#  [PASS] Inputs: OPA:  32 , OPB:   9 , INP_VALID : 11 
#  Expected Result : RES:    41 , COUT: 0 , OFLOW: 0 , EGL: 000 , ERR: 0 
#  DUT Result	: RES:    41 , COUT: 0 , OFLOW: 0 , EGL: 000 , ERR: 0 
#  [PASS] Inputs: OPA: 205 , OPB: 187 , INP_VALID : 11 
#  Expected Result : RES:   118 , COUT: 0 , OFLOW: 0 , EGL: 000 , ERR: 0 
#  DUT Result	: RES:   118 , COUT: 0 , OFLOW: 0 , EGL: 000 , ERR: 0 
#  [PASS] Inputs: OPA: 127 , OPB:   2 , INP_VALID : 11 
#  Expected Result : RES:   125 , COUT: 0 , OFLOW: 0 , EGL: 000 , ERR: 0 
#  DUT Result	: RES:   125 , COUT: 0 , OFLOW: 0 , EGL: 000 , ERR: 0 
#  [PASS] Inputs: OPA: 207 , OPB:  91 , INP_VALID : 11 
#  Expected Result : RES:   148 , COUT: 0 , OFLOW: 0 , EGL: 000 , ERR: 0 
#  DUT Result	: RES:   148 , COUT: 0 , OFLOW: 0 , EGL: 000 , ERR: 0 
#  [PASS] Inputs: OPA: 183 , OPB:  15 , INP_VALID : 11 
#  Expected Result : RES:   184 , COUT: 0 , OFLOW: 0 , EGL: 000 , ERR: 0 
#  DUT Result	: RES:   184 , COUT: 0 , OFLOW: 0 , EGL: 000 , ERR: 0 
#  [PASS] Inputs: OPA:  37 , OPB:   9 , INP_VALID : 11 
#  Expected Result : RES:    44 , COUT: 0 , OFLOW: 0 , EGL: 000 , ERR: 0 
#  DUT Result	: RES:    44 , COUT: 0 , OFLOW: 0 , EGL: 000 , ERR: 0 
#  [PASS] Inputs: OPA:  50 , OPB:  33 , INP_VALID : 11 
#  Expected Result : RES:    19 , COUT: 0 , OFLOW: 0 , EGL: 000 , ERR: 0 
#  DUT Result	: RES:    19 , COUT: 0 , OFLOW: 0 , EGL: 000 , ERR: 0 
#  [PASS] Inputs: OPA: 159 , OPB:  97 , INP_VALID : 11 
#  Expected Result : RES:   254 , COUT: 0 , OFLOW: 0 , EGL: 000 , ERR: 0 
#  DUT Result	: RES:   254 , COUT: 0 , OFLOW: 0 , EGL: 000 , ERR: 0 
#  [PASS] Inputs: OPA: 178 , OPB: 182 , INP_VALID : 11 
#  Expected Result : RES:     4 , COUT: 0 , OFLOW: 0 , EGL: 000 , ERR: 0 
#  DUT Result	: RES:     4 , COUT: 0 , OFLOW: 0 , EGL: 000 , ERR: 0 
#  [PASS] Inputs: OPA:  97 , OPB: 133 , INP_VALID : 11 
#  Expected Result : RES:   228 , COUT: 0 , OFLOW: 0 , EGL: 000 , ERR: 0 
#  DUT Result	: RES:   228 , COUT: 0 , OFLOW: 0 , EGL: 000 , ERR: 0 
#  [PASS] Inputs: OPA: 179 , OPB: 228 , INP_VALID : 11 
#  Expected Result : RES:    87 , COUT: 0 , OFLOW: 0 , EGL: 000 , ERR: 0 
#  DUT Result	: RES:    87 , COUT: 0 , OFLOW: 0 , EGL: 000 , ERR: 0 
#  [PASS] Inputs: OPA: 105 , OPB: 253 , INP_VALID : 11 
#  Expected Result : RES:   148 , COUT: 0 , OFLOW: 0 , EGL: 000 , ERR: 0 
#  DUT Result	: RES:   148 , COUT: 0 , OFLOW: 0 , EGL: 000 , ERR: 0 
#  [PASS] Inputs: OPA: 148 , OPB:  44 , INP_VALID : 11 
#  Expected Result : RES:   184 , COUT: 0 , OFLOW: 0 , EGL: 000 , ERR: 0 
#  DUT Result	: RES:   184 , COUT: 0 , OFLOW: 0 , EGL: 000 , ERR: 0 
#  [PASS] Inputs: OPA:  26 , OPB: 219 , INP_VALID : 11 
#  Expected Result : RES:   193 , COUT: 0 , OFLOW: 0 , EGL: 000 , ERR: 0 
#  DUT Result	: RES:   193 , COUT: 0 , OFLOW: 0 , EGL: 000 , ERR: 0 
#  [PASS] Inputs: OPA: 157 , OPB: 254 , INP_VALID : 11 
#  Expected Result : RES:    99 , COUT: 0 , OFLOW: 0 , EGL: 000 , ERR: 0 
#  DUT Result	: RES:    99 , COUT: 0 , OFLOW: 0 , EGL: 000 , ERR: 0 
#  [PASS] Inputs: OPA: 204 , OPB: 112 , INP_VALID : 11 
#  Expected Result : RES:   188 , COUT: 0 , OFLOW: 0 , EGL: 000 , ERR: 0 
#  DUT Result	: RES:   188 , COUT: 0 , OFLOW: 0 , EGL: 000 , ERR: 0 
#  [PASS] Inputs: OPA: 102 , OPB: 104 , INP_VALID : 11 
#  Expected Result : RES:    14 , COUT: 0 , OFLOW: 0 , EGL: 000 , ERR: 0 
#  DUT Result	: RES:    14 , COUT: 0 , OFLOW: 0 , EGL: 000 , ERR: 0 
#  [PASS] Inputs: OPA: 105 , OPB: 192 , INP_VALID : 11 
#  Expected Result : RES:   169 , COUT: 0 , OFLOW: 0 , EGL: 000 , ERR: 0 
#  DUT Result	: RES:   169 , COUT: 0 , OFLOW: 0 , EGL: 000 , ERR: 0 
#  [PASS] Inputs: OPA: 148 , OPB:  45 , INP_VALID : 11 
#  Expected Result : RES:   185 , COUT: 0 , OFLOW: 0 , EGL: 000 , ERR: 0 
#  DUT Result	: RES:   185 , COUT: 0 , OFLOW: 0 , EGL: 000 , ERR: 0 
#  [PASS] Inputs: OPA:  66 , OPB:  39 , INP_VALID : 11 
#  Expected Result : RES:   101 , COUT: 0 , OFLOW: 0 , EGL: 000 , ERR: 0 
#  DUT Result	: RES:   101 , COUT: 0 , OFLOW: 0 , EGL: 000 , ERR: 0 
#  [PASS] Inputs: OPA:  45 , OPB: 221 , INP_VALID : 11 
#  Expected Result : RES:   240 , COUT: 0 , OFLOW: 0 , EGL: 000 , ERR: 0 
#  DUT Result	: RES:   240 , COUT: 0 , OFLOW: 0 , EGL: 000 , ERR: 0 
#  [PASS] Inputs: OPA: 122 , OPB: 195 , INP_VALID : 11 
#  Expected Result : RES:    70 , COUT: 0 , OFLOW: 0 , EGL: 000 , ERR: 0 
#  DUT Result	: RES:    70 , COUT: 0 , OFLOW: 0 , EGL: 000 , ERR: 0 
#  [PASS] Inputs: OPA: 244 , OPB: 239 , INP_VALID : 11 
#  Expected Result : RES:   228 , COUT: 0 , OFLOW: 0 , EGL: 000 , ERR: 0 
#  DUT Result	: RES:   228 , COUT: 0 , OFLOW: 0 , EGL: 000 , ERR: 0 
#  [PASS] Inputs: OPA:  39 , OPB: 161 , INP_VALID : 11 
#  Expected Result : RES:   121 , COUT: 0 , OFLOW: 0 , EGL: 000 , ERR: 0 
#  DUT Result	: RES:   121 , COUT: 0 , OFLOW: 0 , EGL: 000 , ERR: 0 
#  [PASS] Inputs: OPA: 204 , OPB:  90 , INP_VALID : 11 
#  Expected Result : RES:   105 , COUT: 0 , OFLOW: 0 , EGL: 000 , ERR: 0 
#  DUT Result	: RES:   105 , COUT: 0 , OFLOW: 0 , EGL: 000 , ERR: 0 
#  [PASS] Inputs: OPA:  18 , OPB: 224 , INP_VALID : 11 
#  Expected Result : RES:    13 , COUT: 0 , OFLOW: 0 , EGL: 000 , ERR: 0 
#  DUT Result	: RES:    13 , COUT: 0 , OFLOW: 0 , EGL: 000 , ERR: 0 
#  [PASS] Inputs: OPA: 153 , OPB: 181 , INP_VALID : 11 
#  Expected Result : RES:   211 , COUT: 0 , OFLOW: 0 , EGL: 000 , ERR: 0 
#  DUT Result	: RES:   211 , COUT: 0 , OFLOW: 0 , EGL: 000 , ERR: 0 
#  [PASS] Inputs: OPA:  38 , OPB: 227 , INP_VALID : 11 
#  Expected Result : RES:    58 , COUT: 0 , OFLOW: 0 , EGL: 000 , ERR: 0 
#  DUT Result	: RES:    58 , COUT: 0 , OFLOW: 0 , EGL: 000 , ERR: 0 
#  [PASS] Inputs: OPA: 136 , OPB:  38 , INP_VALID : 11 
#  Expected Result : RES:    81 , COUT: 0 , OFLOW: 0 , EGL: 000 , ERR: 0 
#  DUT Result	: RES:    81 , COUT: 0 , OFLOW: 0 , EGL: 000 , ERR: 0 
#  [PASS] Inputs: OPA:  62 , OPB:  86 , INP_VALID : 11 
#  Expected Result : RES:   151 , COUT: 0 , OFLOW: 0 , EGL: 000 , ERR: 0 
#  DUT Result	: RES:   151 , COUT: 0 , OFLOW: 0 , EGL: 000 , ERR: 0 
#  [PASS] Inputs: OPA: 170 , OPB: 104 , INP_VALID : 11 
#  Expected Result : RES:    61 , COUT: 0 , OFLOW: 0 , EGL: 000 , ERR: 0 
#  DUT Result	: RES:    61 , COUT: 0 , OFLOW: 0 , EGL: 000 , ERR: 0 
#  [PASS] Inputs: OPA:  16 , OPB: 233 , INP_VALID : 11 
#  Expected Result : RES:     6 , COUT: 0 , OFLOW: 0 , EGL: 000 , ERR: 0 
#  DUT Result	: RES:     6 , COUT: 0 , OFLOW: 0 , EGL: 000 , ERR: 0 
#  [PASS] Inputs: OPA: 216 , OPB: 223 , INP_VALID : 11 
#  Expected Result : RES:   248 , COUT: 0 , OFLOW: 0 , EGL: 000 , ERR: 0 
#  DUT Result	: RES:   248 , COUT: 0 , OFLOW: 0 , EGL: 000 , ERR: 0 
#  [PASS] Inputs: OPA:  19 , OPB:  14 , INP_VALID : 11 
#  Expected Result : RES:   226 , COUT: 0 , OFLOW: 0 , EGL: 000 , ERR: 0 
#  DUT Result	: RES:   226 , COUT: 0 , OFLOW: 0 , EGL: 000 , ERR: 0 
#  [PASS] Inputs: OPA: 210 , OPB: 132 , INP_VALID : 11 
#  Expected Result : RES:   169 , COUT: 0 , OFLOW: 0 , EGL: 000 , ERR: 0 
#  DUT Result	: RES:   169 , COUT: 0 , OFLOW: 0 , EGL: 000 , ERR: 0 
#  [PASS] Inputs: OPA: 161 , OPB:   3 , INP_VALID : 11 
#  Expected Result : RES:    93 , COUT: 0 , OFLOW: 0 , EGL: 000 , ERR: 0 
#  DUT Result	: RES:    93 , COUT: 0 , OFLOW: 0 , EGL: 000 , ERR: 0 
#  [PASS] Inputs: OPA: 160 , OPB:  34 , INP_VALID : 11 
#  Expected Result : RES:   125 , COUT: 0 , OFLOW: 0 , EGL: 000 , ERR: 0 
#  DUT Result	: RES:   125 , COUT: 0 , OFLOW: 0 , EGL: 000 , ERR: 0 
#  [PASS] Inputs: OPA: 160 , OPB:  29 , INP_VALID : 11 
#  Expected Result : RES:    66 , COUT: 0 , OFLOW: 0 , EGL: 000 , ERR: 0 
#  DUT Result	: RES:    66 , COUT: 0 , OFLOW: 0 , EGL: 000 , ERR: 0 
#  [PASS] Inputs: OPA: 203 , OPB: 142 , INP_VALID : 11 
#  Expected Result : RES:   186 , COUT: 0 , OFLOW: 0 , EGL: 000 , ERR: 0 
#  DUT Result	: RES:   186 , COUT: 0 , OFLOW: 0 , EGL: 000 , ERR: 0 
#  [PASS] Inputs: OPA:  66 , OPB: 111 , INP_VALID : 11 
#  Expected Result : RES:   210 , COUT: 0 , OFLOW: 0 , EGL: 000 , ERR: 0 
#  DUT Result	: RES:   210 , COUT: 0 , OFLOW: 0 , EGL: 000 , ERR: 0 
#  [PASS] Inputs: OPA: 135 , OPB: 132 , INP_VALID : 11 
#  Expected Result : RES:   252 , COUT: 0 , OFLOW: 0 , EGL: 000 , ERR: 0 
#  DUT Result	: RES:   252 , COUT: 0 , OFLOW: 0 , EGL: 000 , ERR: 0 
#  [PASS] Inputs: OPA: 249 , OPB: 155 , INP_VALID : 11 
#  Expected Result : RES:   157 , COUT: 0 , OFLOW: 0 , EGL: 000 , ERR: 0 
#  DUT Result	: RES:   157 , COUT: 0 , OFLOW: 0 , EGL: 000 , ERR: 0 
#  [PASS] Inputs: OPA: 165 , OPB:  45 , INP_VALID : 11 
#  Expected Result : RES:   119 , COUT: 0 , OFLOW: 0 , EGL: 000 , ERR: 0 
#  DUT Result	: RES:   119 , COUT: 0 , OFLOW: 0 , EGL: 000 , ERR: 0 
#  [PASS] Inputs: OPA:  70 , OPB:  53 , INP_VALID : 11 
#  Expected Result : RES:   140 , COUT: 0 , OFLOW: 0 , EGL: 000 , ERR: 0 
#  DUT Result	: RES:   140 , COUT: 0 , OFLOW: 0 , EGL: 000 , ERR: 0 
#  [PASS] Inputs: OPA: 133 , OPB: 224 , INP_VALID : 11 
#  Expected Result : RES:   154 , COUT: 0 , OFLOW: 0 , EGL: 000 , ERR: 0 
#  DUT Result	: RES:   154 , COUT: 0 , OFLOW: 0 , EGL: 000 , ERR: 0 
#  [PASS] Inputs: OPA: 150 , OPB: 117 , INP_VALID : 11 
#  Expected Result : RES:    28 , COUT: 0 , OFLOW: 0 , EGL: 000 , ERR: 0 
#  DUT Result	: RES:    28 , COUT: 0 , OFLOW: 0 , EGL: 000 , ERR: 0 
#  [PASS] Inputs: OPA: 173 , OPB: 188 , INP_VALID : 11 
#  Expected Result : RES:   238 , COUT: 0 , OFLOW: 0 , EGL: 000 , ERR: 0 
#  DUT Result	: RES:   238 , COUT: 0 , OFLOW: 0 , EGL: 000 , ERR: 0 
#  [PASS] Inputs: OPA: 191 , OPB: 145 , INP_VALID : 11 
#  Expected Result : RES:   209 , COUT: 0 , OFLOW: 0 , EGL: 000 , ERR: 0 
#  DUT Result	: RES:   209 , COUT: 0 , OFLOW: 0 , EGL: 000 , ERR: 0 
#  [PASS] Inputs: OPA: 101 , OPB: 145 , INP_VALID : 11 
#  Expected Result : RES:    11 , COUT: 0 , OFLOW: 0 , EGL: 000 , ERR: 0 
#  DUT Result	: RES:    11 , COUT: 0 , OFLOW: 0 , EGL: 000 , ERR: 0 
#  [PASS] Inputs: OPA: 203 , OPB:  85 , INP_VALID : 11 
#  Expected Result : RES:    97 , COUT: 0 , OFLOW: 0 , EGL: 000 , ERR: 0 
#  DUT Result	: RES:    97 , COUT: 0 , OFLOW: 0 , EGL: 000 , ERR: 0 
#  [PASS] Inputs: OPA: 104 , OPB: 130 , INP_VALID : 11 
#  Expected Result : RES:    21 , COUT: 0 , OFLOW: 0 , EGL: 000 , ERR: 0 
#  DUT Result	: RES:    21 , COUT: 0 , OFLOW: 0 , EGL: 000 , ERR: 0 
#  [PASS] Inputs: OPA:  78 , OPB: 236 , INP_VALID : 11 
#  Expected Result : RES:    93 , COUT: 0 , OFLOW: 0 , EGL: 000 , ERR: 0 
#  DUT Result	: RES:    93 , COUT: 0 , OFLOW: 0 , EGL: 000 , ERR: 0 
#  [PASS] Inputs: OPA:  73 , OPB: 138 , INP_VALID : 11 
#  Expected Result : RES:    60 , COUT: 0 , OFLOW: 0 , EGL: 000 , ERR: 0 
#  DUT Result	: RES:    60 , COUT: 0 , OFLOW: 0 , EGL: 000 , ERR: 0 
#  [PASS] Inputs: OPA: 172 , OPB:  91 , INP_VALID : 11 
#  Expected Result : RES:     8 , COUT: 0 , OFLOW: 0 , EGL: 000 , ERR: 0 
#  DUT Result	: RES:     8 , COUT: 0 , OFLOW: 0 , EGL: 000 , ERR: 0 
#  [PASS] Inputs: OPA: 121 , OPB: 116 , INP_VALID : 11 
#  Expected Result : RES:   242 , COUT: 0 , OFLOW: 0 , EGL: 000 , ERR: 0 
#  DUT Result	: RES:   242 , COUT: 0 , OFLOW: 0 , EGL: 000 , ERR: 0 
#  [PASS] Inputs: OPA:  37 , OPB: 187 , INP_VALID : 11 
#  Expected Result : RES:    97 , COUT: 0 , OFLOW: 0 , EGL: 000 , ERR: 0 
#  DUT Result	: RES:    97 , COUT: 0 , OFLOW: 0 , EGL: 000 , ERR: 0 
#  [PASS] Inputs: OPA: 240 , OPB: 233 , INP_VALID : 11 
#  Expected Result : RES:   230 , COUT: 0 , OFLOW: 0 , EGL: 000 , ERR: 0 
#  DUT Result	: RES:   230 , COUT: 0 , OFLOW: 0 , EGL: 000 , ERR: 0 
#  [PASS] Inputs: OPA:  23 , OPB: 190 , INP_VALID : 11 
#  Expected Result : RES:    86 , COUT: 0 , OFLOW: 0 , EGL: 000 , ERR: 0 
#  DUT Result	: RES:    86 , COUT: 0 , OFLOW: 0 , EGL: 000 , ERR: 0 
#  [PASS] Inputs: OPA: 228 , OPB: 179 , INP_VALID : 11 
#  Expected Result : RES:   168 , COUT: 0 , OFLOW: 0 , EGL: 000 , ERR: 0 
#  DUT Result	: RES:   168 , COUT: 0 , OFLOW: 0 , EGL: 000 , ERR: 0 
#  [PASS] Inputs: OPA: 151 , OPB:  47 , INP_VALID : 11 
#  Expected Result : RES:    71 , COUT: 0 , OFLOW: 0 , EGL: 000 , ERR: 0 
#  DUT Result	: RES:    71 , COUT: 0 , OFLOW: 0 , EGL: 000 , ERR: 0 
#  [PASS] Inputs: OPA: 216 , OPB: 253 , INP_VALID : 11 
#  Expected Result : RES:   218 , COUT: 0 , OFLOW: 0 , EGL: 000 , ERR: 0 
#  DUT Result	: RES:   218 , COUT: 0 , OFLOW: 0 , EGL: 000 , ERR: 0 
#  [PASS] Inputs: OPA:  59 , OPB:  11 , INP_VALID : 11 
#  Expected Result : RES:   207 , COUT: 0 , OFLOW: 0 , EGL: 000 , ERR: 0 
#  DUT Result	: RES:   207 , COUT: 0 , OFLOW: 0 , EGL: 000 , ERR: 0 
#  [PASS] Inputs: OPA: 154 , OPB: 160 , INP_VALID : 11 
#  Expected Result : RES:   197 , COUT: 0 , OFLOW: 0 , EGL: 000 , ERR: 0 
#  DUT Result	: RES:   197 , COUT: 0 , OFLOW: 0 , EGL: 000 , ERR: 0 
#  [PASS] Inputs: OPA:  93 , OPB:  40 , INP_VALID : 11 
#  Expected Result : RES:   138 , COUT: 0 , OFLOW: 0 , EGL: 000 , ERR: 0 
#  DUT Result	: RES:   138 , COUT: 0 , OFLOW: 0 , EGL: 000 , ERR: 0 
#  [PASS] Inputs: OPA: 225 , OPB:  79 , INP_VALID : 11 
#  Expected Result : RES:    81 , COUT: 0 , OFLOW: 0 , EGL: 000 , ERR: 0 
#  DUT Result	: RES:    81 , COUT: 0 , OFLOW: 0 , EGL: 000 , ERR: 0 
#  [PASS] Inputs: OPA:  88 , OPB:  31 , INP_VALID : 11 
#  Expected Result : RES:   184 , COUT: 0 , OFLOW: 0 , EGL: 000 , ERR: 0 
#  DUT Result	: RES:   184 , COUT: 0 , OFLOW: 0 , EGL: 000 , ERR: 0 
#  [PASS] Inputs: OPA: 171 , OPB: 193 , INP_VALID : 11 
#  Expected Result : RES:   149 , COUT: 0 , OFLOW: 0 , EGL: 000 , ERR: 0 
#  DUT Result	: RES:   149 , COUT: 0 , OFLOW: 0 , EGL: 000 , ERR: 0 
#  [PASS] Inputs: OPA:   8 , OPB:  67 , INP_VALID : 11 
#  Expected Result : RES:   180 , COUT: 0 , OFLOW: 0 , EGL: 000 , ERR: 0 
#  DUT Result	: RES:   180 , COUT: 0 , OFLOW: 0 , EGL: 000 , ERR: 0 
#  [PASS] Inputs: OPA: 173 , OPB: 182 , INP_VALID : 11 
#  Expected Result : RES:   228 , COUT: 0 , OFLOW: 0 , EGL: 000 , ERR: 0 
#  DUT Result	: RES:   228 , COUT: 0 , OFLOW: 0 , EGL: 000 , ERR: 0 
#  [PASS] Inputs: OPA:   5 , OPB: 136 , INP_VALID : 11 
#  Expected Result : RES:   114 , COUT: 0 , OFLOW: 0 , EGL: 000 , ERR: 0 
#  DUT Result	: RES:   114 , COUT: 0 , OFLOW: 0 , EGL: 000 , ERR: 0 
#  [PASS] Inputs: OPA:  12 , OPB:  66 , INP_VALID : 11 
#  Expected Result : RES:   177 , COUT: 0 , OFLOW: 0 , EGL: 000 , ERR: 0 
#  DUT Result	: RES:   177 , COUT: 0 , OFLOW: 0 , EGL: 000 , ERR: 0 
#  [PASS] Inputs: OPA: 172 , OPB: 124 , INP_VALID : 11 
#  Expected Result : RES:    47 , COUT: 0 , OFLOW: 0 , EGL: 000 , ERR: 0 
#  DUT Result	: RES:    47 , COUT: 0 , OFLOW: 0 , EGL: 000 , ERR: 0 
#  [PASS] Inputs: OPA:  74 , OPB: 255 , INP_VALID : 11 
#  Expected Result : RES:    74 , COUT: 0 , OFLOW: 0 , EGL: 000 , ERR: 0 
#  DUT Result	: RES:    74 , COUT: 0 , OFLOW: 0 , EGL: 000 , ERR: 0 
#  [PASS] Inputs: OPA: 195 , OPB: 125 , INP_VALID : 11 
#  Expected Result : RES:    65 , COUT: 0 , OFLOW: 0 , EGL: 000 , ERR: 0 
#  DUT Result	: RES:    65 , COUT: 0 , OFLOW: 0 , EGL: 000 , ERR: 0 
#  [PASS] Inputs: OPA:  91 , OPB:  94 , INP_VALID : 11 
#  Expected Result : RES:   250 , COUT: 0 , OFLOW: 0 , EGL: 000 , ERR: 0 
#  DUT Result	: RES:   250 , COUT: 0 , OFLOW: 0 , EGL: 000 , ERR: 0 
#  [PASS] Inputs: OPA:  81 , OPB:  59 , INP_VALID : 11 
#  Expected Result : RES:   149 , COUT: 0 , OFLOW: 0 , EGL: 000 , ERR: 0 
#  DUT Result	: RES:   149 , COUT: 0 , OFLOW: 0 , EGL: 000 , ERR: 0 
#  [PASS] Inputs: OPA: 102 , OPB:  37 , INP_VALID : 11 
#  Expected Result : RES:   188 , COUT: 0 , OFLOW: 0 , EGL: 000 , ERR: 0 
#  DUT Result	: RES:   188 , COUT: 0 , OFLOW: 0 , EGL: 000 , ERR: 0 
#  [PASS] Inputs: OPA:  41 , OPB:   1 , INP_VALID : 11 
#  Expected Result : RES:   215 , COUT: 0 , OFLOW: 0 , EGL: 000 , ERR: 0 
#  DUT Result	: RES:   215 , COUT: 0 , OFLOW: 0 , EGL: 000 , ERR: 0 
#  [PASS] Inputs: OPA: 132 , OPB: 118 , INP_VALID : 11 
#  Expected Result : RES:    13 , COUT: 0 , OFLOW: 0 , EGL: 000 , ERR: 0 
#  DUT Result	: RES:    13 , COUT: 0 , OFLOW: 0 , EGL: 000 , ERR: 0 
#  [PASS] Inputs: OPA:  37 , OPB:  68 , INP_VALID : 11 
#  Expected Result : RES:   158 , COUT: 0 , OFLOW: 0 , EGL: 000 , ERR: 0 
#  DUT Result	: RES:   158 , COUT: 0 , OFLOW: 0 , EGL: 000 , ERR: 0 
#  [PASS] Inputs: OPA: 163 , OPB: 184 , INP_VALID : 11 
#  Expected Result : RES:   228 , COUT: 0 , OFLOW: 0 , EGL: 000 , ERR: 0 
#  DUT Result	: RES:   228 , COUT: 0 , OFLOW: 0 , EGL: 000 , ERR: 0 
#  [PASS] Inputs: OPA: 107 , OPB: 112 , INP_VALID : 11 
#  Expected Result : RES:   228 , COUT: 0 , OFLOW: 0 , EGL: 000 , ERR: 0 
#  DUT Result	: RES:   228 , COUT: 0 , OFLOW: 0 , EGL: 000 , ERR: 0 
#  [PASS] Inputs: OPA: 183 , OPB:  30 , INP_VALID : 11 
#  Expected Result : RES:    86 , COUT: 0 , OFLOW: 0 , EGL: 000 , ERR: 0 
#  DUT Result	: RES:    86 , COUT: 0 , OFLOW: 0 , EGL: 000 , ERR: 0 
#  [PASS] Inputs: OPA:  11 , OPB: 101 , INP_VALID : 11 
#  Expected Result : RES:   145 , COUT: 0 , OFLOW: 0 , EGL: 000 , ERR: 0 
#  DUT Result	: RES:   145 , COUT: 0 , OFLOW: 0 , EGL: 000 , ERR: 0 
#  [PASS] Inputs: OPA:  60 , OPB:  94 , INP_VALID : 11 
#  Expected Result : RES:   157 , COUT: 0 , OFLOW: 0 , EGL: 000 , ERR: 0 
#  DUT Result	: RES:   157 , COUT: 0 , OFLOW: 0 , EGL: 000 , ERR: 0 
#  [PASS] Inputs: OPA: 132 , OPB:  18 , INP_VALID : 11 
#  Expected Result : RES:   105 , COUT: 0 , OFLOW: 0 , EGL: 000 , ERR: 0 
#  DUT Result	: RES:   105 , COUT: 0 , OFLOW: 0 , EGL: 000 , ERR: 0 
#  [PASS] Inputs: OPA: 132 , OPB: 226 , INP_VALID : 11 
#  Expected Result : RES:   153 , COUT: 0 , OFLOW: 0 , EGL: 000 , ERR: 0 
#  DUT Result	: RES:   153 , COUT: 0 , OFLOW: 0 , EGL: 000 , ERR: 0 
#  [PASS] Inputs: OPA: 121 , OPB:  81 , INP_VALID : 11 
#  Expected Result : RES:   215 , COUT: 0 , OFLOW: 0 , EGL: 000 , ERR: 0 
#  DUT Result	: RES:   215 , COUT: 0 , OFLOW: 0 , EGL: 000 , ERR: 0 
#  [PASS] Inputs: OPA: 168 , OPB:  22 , INP_VALID : 11 
#  Expected Result : RES:    65 , COUT: 0 , OFLOW: 0 , EGL: 000 , ERR: 0 
#  DUT Result	: RES:    65 , COUT: 0 , OFLOW: 0 , EGL: 000 , ERR: 0 
#  [PASS] Inputs: OPA: 208 , OPB: 215 , INP_VALID : 11 
#  Expected Result : RES:   248 , COUT: 0 , OFLOW: 0 , EGL: 000 , ERR: 0 
#  DUT Result	: RES:   248 , COUT: 0 , OFLOW: 0 , EGL: 000 , ERR: 0 
#  [PASS] Inputs: OPA: 166 , OPB:  23 , INP_VALID : 11 
#  Expected Result : RES:    78 , COUT: 0 , OFLOW: 0 , EGL: 000 , ERR: 0 
#  DUT Result	: RES:    78 , COUT: 0 , OFLOW: 0 , EGL: 000 , ERR: 0 
#  [PASS] Inputs: OPA:  60 , OPB: 147 , INP_VALID : 11 
#  Expected Result : RES:    80 , COUT: 0 , OFLOW: 0 , EGL: 000 , ERR: 0 
#  DUT Result	: RES:    80 , COUT: 0 , OFLOW: 0 , EGL: 000 , ERR: 0 
#  [PASS] Inputs: OPA:  83 , OPB:  39 , INP_VALID : 11 
#  Expected Result : RES:   139 , COUT: 0 , OFLOW: 0 , EGL: 000 , ERR: 0 
#  DUT Result	: RES:   139 , COUT: 0 , OFLOW: 0 , EGL: 000 , ERR: 0 
#  [PASS] Inputs: OPA:  95 , OPB: 240 , INP_VALID : 11 
#  Expected Result : RES:    80 , COUT: 0 , OFLOW: 0 , EGL: 000 , ERR: 0 
#  DUT Result	: RES:    80 , COUT: 0 , OFLOW: 0 , EGL: 000 , ERR: 0 
#  [PASS] Inputs: OPA:  64 , OPB: 121 , INP_VALID : 11 
#  Expected Result : RES:   198 , COUT: 0 , OFLOW: 0 , EGL: 000 , ERR: 0 
#  DUT Result	: RES:   198 , COUT: 0 , OFLOW: 0 , EGL: 000 , ERR: 0 
#  [PASS] Inputs: OPA:  40 , OPB: 245 , INP_VALID : 11 
#  Expected Result : RES:    34 , COUT: 0 , OFLOW: 0 , EGL: 000 , ERR: 0 
#  DUT Result	: RES:    34 , COUT: 0 , OFLOW: 0 , EGL: 000 , ERR: 0 
#  [PASS] Inputs: OPA:  36 , OPB:  87 , INP_VALID : 11 
#  Expected Result : RES:   140 , COUT: 0 , OFLOW: 0 , EGL: 000 , ERR: 0 
#  DUT Result	: RES:   140 , COUT: 0 , OFLOW: 0 , EGL: 000 , ERR: 0 
#  [PASS] Inputs: OPA: 192 , OPB: 106 , INP_VALID : 11 
#  Expected Result : RES:    85 , COUT: 0 , OFLOW: 0 , EGL: 000 , ERR: 0 
#  DUT Result	: RES:    85 , COUT: 0 , OFLOW: 0 , EGL: 000 , ERR: 0 
#  [PASS] Inputs: OPA:  15 , OPB: 215 , INP_VALID : 11 
#  Expected Result : RES:    39 , COUT: 0 , OFLOW: 0 , EGL: 000 , ERR: 0 
#  DUT Result	: RES:    39 , COUT: 0 , OFLOW: 0 , EGL: 000 , ERR: 0 
#  [PASS] Inputs: OPA:  51 , OPB:  79 , INP_VALID : 11 
#  Expected Result : RES:   131 , COUT: 0 , OFLOW: 0 , EGL: 000 , ERR: 0 
#  DUT Result	: RES:   131 , COUT: 0 , OFLOW: 0 , EGL: 000 , ERR: 0 
#  [PASS] Inputs: OPA: 243 , OPB: 109 , INP_VALID : 11 
#  Expected Result : RES:    97 , COUT: 0 , OFLOW: 0 , EGL: 000 , ERR: 0 
#  DUT Result	: RES:    97 , COUT: 0 , OFLOW: 0 , EGL: 000 , ERR: 0 
#  [PASS] Inputs: OPA: 147 , OPB: 105 , INP_VALID : 11 
#  Expected Result : RES:     5 , COUT: 0 , OFLOW: 0 , EGL: 000 , ERR: 0 
#  DUT Result	: RES:     5 , COUT: 0 , OFLOW: 0 , EGL: 000 , ERR: 0 
#  [PASS] Inputs: OPA: 112 , OPB: 167 , INP_VALID : 11 
#  Expected Result : RES:    40 , COUT: 0 , OFLOW: 0 , EGL: 000 , ERR: 0 
#  DUT Result	: RES:    40 , COUT: 0 , OFLOW: 0 , EGL: 000 , ERR: 0 
#  [PASS] Inputs: OPA:  18 , OPB:  33 , INP_VALID : 11 
#  Expected Result : RES:   204 , COUT: 0 , OFLOW: 0 , EGL: 000 , ERR: 0 
#  DUT Result	: RES:   204 , COUT: 0 , OFLOW: 0 , EGL: 000 , ERR: 0 
#  [PASS] Inputs: OPA: 147 , OPB: 124 , INP_VALID : 11 
#  Expected Result : RES:    16 , COUT: 0 , OFLOW: 0 , EGL: 000 , ERR: 0 
#  DUT Result	: RES:    16 , COUT: 0 , OFLOW: 0 , EGL: 000 , ERR: 0 
#  [PASS] Inputs: OPA: 169 , OPB:  54 , INP_VALID : 11 
#  Expected Result : RES:    96 , COUT: 0 , OFLOW: 0 , EGL: 000 , ERR: 0 
#  DUT Result	: RES:    96 , COUT: 0 , OFLOW: 0 , EGL: 000 , ERR: 0 
#  [PASS] Inputs: OPA: 153 , OPB: 186 , INP_VALID : 11 
#  Expected Result : RES:   220 , COUT: 0 , OFLOW: 0 , EGL: 000 , ERR: 0 
#  DUT Result	: RES:   220 , COUT: 0 , OFLOW: 0 , EGL: 000 , ERR: 0 
#  [PASS] Inputs: OPA: 206 , OPB: 225 , INP_VALID : 11 
#  Expected Result : RES:   208 , COUT: 0 , OFLOW: 0 , EGL: 000 , ERR: 0 
#  DUT Result	: RES:   208 , COUT: 0 , OFLOW: 0 , EGL: 000 , ERR: 0 
#  [PASS] Inputs: OPA: 156 , OPB:  20 , INP_VALID : 11 
#  Expected Result : RES:   119 , COUT: 0 , OFLOW: 0 , EGL: 000 , ERR: 0 
#  DUT Result	: RES:   119 , COUT: 0 , OFLOW: 0 , EGL: 000 , ERR: 0 
#  [PASS] Inputs: OPA: 250 , OPB: 201 , INP_VALID : 11 
#  Expected Result : RES:   204 , COUT: 0 , OFLOW: 0 , EGL: 000 , ERR: 0 
#  DUT Result	: RES:   204 , COUT: 0 , OFLOW: 0 , EGL: 000 , ERR: 0 
#  [PASS] Inputs: OPA: 254 , OPB: 220 , INP_VALID : 11 
#  Expected Result : RES:   221 , COUT: 0 , OFLOW: 0 , EGL: 000 , ERR: 0 
#  DUT Result	: RES:   221 , COUT: 0 , OFLOW: 0 , EGL: 000 , ERR: 0 
#  [PASS] Inputs: OPA: 106 , OPB:  97 , INP_VALID : 11 
#  Expected Result : RES:   244 , COUT: 0 , OFLOW: 0 , EGL: 000 , ERR: 0 
#  DUT Result	: RES:   244 , COUT: 0 , OFLOW: 0 , EGL: 000 , ERR: 0 
#  [PASS] Inputs: OPA: 164 , OPB: 200 , INP_VALID : 11 
#  Expected Result : RES:   147 , COUT: 0 , OFLOW: 0 , EGL: 000 , ERR: 0 
#  DUT Result	: RES:   147 , COUT: 0 , OFLOW: 0 , EGL: 000 , ERR: 0 
#  [PASS] Inputs: OPA:  58 , OPB: 234 , INP_VALID : 11 
#  Expected Result : RES:    47 , COUT: 0 , OFLOW: 0 , EGL: 000 , ERR: 0 
#  DUT Result	: RES:    47 , COUT: 0 , OFLOW: 0 , EGL: 000 , ERR: 0 
#  [PASS] Inputs: OPA:  65 , OPB: 170 , INP_VALID : 11 
#  Expected Result : RES:    20 , COUT: 0 , OFLOW: 0 , EGL: 000 , ERR: 0 
#  DUT Result	: RES:    20 , COUT: 0 , OFLOW: 0 , EGL: 000 , ERR: 0 
#  [PASS] Inputs: OPA:  23 , OPB:  63 , INP_VALID : 11 
#  Expected Result : RES:   215 , COUT: 0 , OFLOW: 0 , EGL: 000 , ERR: 0 
#  DUT Result	: RES:   215 , COUT: 0 , OFLOW: 0 , EGL: 000 , ERR: 0 
#  [PASS] Inputs: OPA: 250 , OPB:  38 , INP_VALID : 11 
#  Expected Result : RES:    35 , COUT: 0 , OFLOW: 0 , EGL: 000 , ERR: 0 
#  DUT Result	: RES:    35 , COUT: 0 , OFLOW: 0 , EGL: 000 , ERR: 0 
#  [PASS] Inputs: OPA:  78 , OPB: 161 , INP_VALID : 11 
#  Expected Result : RES:    16 , COUT: 0 , OFLOW: 0 , EGL: 000 , ERR: 0 
#  DUT Result	: RES:    16 , COUT: 0 , OFLOW: 0 , EGL: 000 , ERR: 0 
#  [PASS] Inputs: OPA: 143 , OPB: 111 , INP_VALID : 11 
#  Expected Result : RES:    31 , COUT: 0 , OFLOW: 0 , EGL: 000 , ERR: 0 
#  DUT Result	: RES:    31 , COUT: 0 , OFLOW: 0 , EGL: 000 , ERR: 0 
#  [PASS] Inputs: OPA:   3 , OPB: 186 , INP_VALID : 11 
#  Expected Result : RES:    70 , COUT: 0 , OFLOW: 0 , EGL: 000 , ERR: 0 
#  DUT Result	: RES:    70 , COUT: 0 , OFLOW: 0 , EGL: 000 , ERR: 0 
#  [PASS] Inputs: OPA: 165 , OPB: 159 , INP_VALID : 11 
#  Expected Result : RES:   197 , COUT: 0 , OFLOW: 0 , EGL: 000 , ERR: 0 
#  DUT Result	: RES:   197 , COUT: 0 , OFLOW: 0 , EGL: 000 , ERR: 0 
#  [PASS] Inputs: OPA: 115 , OPB:  17 , INP_VALID : 11 
#  Expected Result : RES:   140 , COUT: 0 , OFLOW: 0 , EGL: 000 , ERR: 0 
#  DUT Result	: RES:   140 , COUT: 0 , OFLOW: 0 , EGL: 000 , ERR: 0 
#  [PASS] Inputs: OPA: 223 , OPB:  51 , INP_VALID : 11 
#  Expected Result : RES:    32 , COUT: 0 , OFLOW: 0 , EGL: 000 , ERR: 0 
#  DUT Result	: RES:    32 , COUT: 0 , OFLOW: 0 , EGL: 000 , ERR: 0 
#  [PASS] Inputs: OPA:  72 , OPB: 221 , INP_VALID : 11 
#  Expected Result : RES:   183 , COUT: 0 , OFLOW: 0 , EGL: 000 , ERR: 0 
#  DUT Result	: RES:   183 , COUT: 0 , OFLOW: 0 , EGL: 000 , ERR: 0 
#  [PASS] Inputs: OPA: 187 , OPB: 102 , INP_VALID : 11 
#  Expected Result : RES:    68 , COUT: 0 , OFLOW: 0 , EGL: 000 , ERR: 0 
#  DUT Result	: RES:    68 , COUT: 0 , OFLOW: 0 , EGL: 000 , ERR: 0 
#  [PASS] Inputs: OPA:  92 , OPB: 109 , INP_VALID : 11 
#  Expected Result : RES:   163 , COUT: 0 , OFLOW: 0 , EGL: 000 , ERR: 0 
#  DUT Result	: RES:   163 , COUT: 0 , OFLOW: 0 , EGL: 000 , ERR: 0 
#  [PASS] Inputs: OPA: 242 , OPB: 237 , INP_VALID : 11 
#  Expected Result : RES:    13 , COUT: 0 , OFLOW: 0 , EGL: 000 , ERR: 0 
#  DUT Result	: RES:    13 , COUT: 0 , OFLOW: 0 , EGL: 000 , ERR: 0 
#  [PASS] Inputs: OPA:   6 , OPB: 102 , INP_VALID : 11 
#  Expected Result : RES:   249 , COUT: 0 , OFLOW: 0 , EGL: 000 , ERR: 0 
#  DUT Result	: RES:   249 , COUT: 0 , OFLOW: 0 , EGL: 000 , ERR: 0 
#  [PASS] Inputs: OPA: 195 , OPB: 207 , INP_VALID : 11 
#  Expected Result : RES:    60 , COUT: 0 , OFLOW: 0 , EGL: 000 , ERR: 0 
#  DUT Result	: RES:    60 , COUT: 0 , OFLOW: 0 , EGL: 000 , ERR: 0 
#  [PASS] Inputs: OPA:   8 , OPB:  39 , INP_VALID : 11 
#  Expected Result : RES:   247 , COUT: 0 , OFLOW: 0 , EGL: 000 , ERR: 0 
#  DUT Result	: RES:   247 , COUT: 0 , OFLOW: 0 , EGL: 000 , ERR: 0 
#  [PASS] Inputs: OPA: 126 , OPB: 251 , INP_VALID : 11 
#  Expected Result : RES:   129 , COUT: 0 , OFLOW: 0 , EGL: 000 , ERR: 0 
#  DUT Result	: RES:   129 , COUT: 0 , OFLOW: 0 , EGL: 000 , ERR: 0 
#  [PASS] Inputs: OPA:  44 , OPB:  82 , INP_VALID : 11 
#  Expected Result : RES:   211 , COUT: 0 , OFLOW: 0 , EGL: 000 , ERR: 0 
#  DUT Result	: RES:   211 , COUT: 0 , OFLOW: 0 , EGL: 000 , ERR: 0 
#  [PASS] Inputs: OPA:  68 , OPB:  64 , INP_VALID : 11 
#  Expected Result : RES:   187 , COUT: 0 , OFLOW: 0 , EGL: 000 , ERR: 0 
#  DUT Result	: RES:   187 , COUT: 0 , OFLOW: 0 , EGL: 000 , ERR: 0 
#  [PASS] Inputs: OPA: 162 , OPB:  19 , INP_VALID : 11 
#  Expected Result : RES:    93 , COUT: 0 , OFLOW: 0 , EGL: 000 , ERR: 0 
#  DUT Result	: RES:    93 , COUT: 0 , OFLOW: 0 , EGL: 000 , ERR: 0 
#  [PASS] Inputs: OPA: 110 , OPB: 191 , INP_VALID : 11 
#  Expected Result : RES:   145 , COUT: 0 , OFLOW: 0 , EGL: 000 , ERR: 0 
#  DUT Result	: RES:   145 , COUT: 0 , OFLOW: 0 , EGL: 000 , ERR: 0 
#  [PASS] Inputs: OPA: 254 , OPB: 113 , INP_VALID : 11 
#  Expected Result : RES:     1 , COUT: 0 , OFLOW: 0 , EGL: 000 , ERR: 0 
#  DUT Result	: RES:     1 , COUT: 0 , OFLOW: 0 , EGL: 000 , ERR: 0 
#  [PASS] Inputs: OPA:  47 , OPB:  41 , INP_VALID : 11 
#  Expected Result : RES:   208 , COUT: 0 , OFLOW: 0 , EGL: 000 , ERR: 0 
#  DUT Result	: RES:   208 , COUT: 0 , OFLOW: 0 , EGL: 000 , ERR: 0 
#  [PASS] Inputs: OPA:  45 , OPB: 139 , INP_VALID : 11 
#  Expected Result : RES:   210 , COUT: 0 , OFLOW: 0 , EGL: 000 , ERR: 0 
#  DUT Result	: RES:   210 , COUT: 0 , OFLOW: 0 , EGL: 000 , ERR: 0 
#  [PASS] Inputs: OPA: 155 , OPB: 159 , INP_VALID : 11 
#  Expected Result : RES:   100 , COUT: 0 , OFLOW: 0 , EGL: 000 , ERR: 0 
#  DUT Result	: RES:   100 , COUT: 0 , OFLOW: 0 , EGL: 000 , ERR: 0 
#  [PASS] Inputs: OPA: 220 , OPB: 239 , INP_VALID : 11 
#  Expected Result : RES:    35 , COUT: 0 , OFLOW: 0 , EGL: 000 , ERR: 0 
#  DUT Result	: RES:    35 , COUT: 0 , OFLOW: 0 , EGL: 000 , ERR: 0 
#  [PASS] Inputs: OPA:  69 , OPB:  27 , INP_VALID : 11 
#  Expected Result : RES:   186 , COUT: 0 , OFLOW: 0 , EGL: 000 , ERR: 0 
#  DUT Result	: RES:   186 , COUT: 0 , OFLOW: 0 , EGL: 000 , ERR: 0 
#  [PASS] Inputs: OPA:  70 , OPB:  81 , INP_VALID : 11 
#  Expected Result : RES:   185 , COUT: 0 , OFLOW: 0 , EGL: 000 , ERR: 0 
#  DUT Result	: RES:   185 , COUT: 0 , OFLOW: 0 , EGL: 000 , ERR: 0 
#  [PASS] Inputs: OPA: 237 , OPB:  51 , INP_VALID : 11 
#  Expected Result : RES:    18 , COUT: 0 , OFLOW: 0 , EGL: 000 , ERR: 0 
#  DUT Result	: RES:    18 , COUT: 0 , OFLOW: 0 , EGL: 000 , ERR: 0 
#  [PASS] Inputs: OPA:  78 , OPB:  56 , INP_VALID : 11 
#  Expected Result : RES:   177 , COUT: 0 , OFLOW: 0 , EGL: 000 , ERR: 0 
#  DUT Result	: RES:   177 , COUT: 0 , OFLOW: 0 , EGL: 000 , ERR: 0 
#  [PASS] Inputs: OPA:  38 , OPB: 131 , INP_VALID : 11 
#  Expected Result : RES:   217 , COUT: 0 , OFLOW: 0 , EGL: 000 , ERR: 0 
#  DUT Result	: RES:   217 , COUT: 0 , OFLOW: 0 , EGL: 000 , ERR: 0 
#  [PASS] Inputs: OPA: 192 , OPB:  85 , INP_VALID : 11 
#  Expected Result : RES:    63 , COUT: 0 , OFLOW: 0 , EGL: 000 , ERR: 0 
#  DUT Result	: RES:    63 , COUT: 0 , OFLOW: 0 , EGL: 000 , ERR: 0 
#  [PASS] Inputs: OPA:  66 , OPB: 233 , INP_VALID : 11 
#  Expected Result : RES:   189 , COUT: 0 , OFLOW: 0 , EGL: 000 , ERR: 0 
#  DUT Result	: RES:   189 , COUT: 0 , OFLOW: 0 , EGL: 000 , ERR: 0 
#  [PASS] Inputs: OPA: 229 , OPB:  36 , INP_VALID : 11 
#  Expected Result : RES:    26 , COUT: 0 , OFLOW: 0 , EGL: 000 , ERR: 0 
#  DUT Result	: RES:    26 , COUT: 0 , OFLOW: 0 , EGL: 000 , ERR: 0 
#  [PASS] Inputs: OPA:  48 , OPB:   8 , INP_VALID : 11 
#  Expected Result : RES:   207 , COUT: 0 , OFLOW: 0 , EGL: 000 , ERR: 0 
#  DUT Result	: RES:   207 , COUT: 0 , OFLOW: 0 , EGL: 000 , ERR: 0 
#  [PASS] Inputs: OPA: 110 , OPB: 250 , INP_VALID : 11 
#  Expected Result : RES:   145 , COUT: 0 , OFLOW: 0 , EGL: 000 , ERR: 0 
#  DUT Result	: RES:   145 , COUT: 0 , OFLOW: 0 , EGL: 000 , ERR: 0 
#  [PASS] Inputs: OPA:  11 , OPB: 231 , INP_VALID : 11 
#  Expected Result : RES:   244 , COUT: 0 , OFLOW: 0 , EGL: 000 , ERR: 0 
#  DUT Result	: RES:   244 , COUT: 0 , OFLOW: 0 , EGL: 000 , ERR: 0 
#  [PASS] Inputs: OPA: 251 , OPB: 196 , INP_VALID : 11 
#  Expected Result : RES:     4 , COUT: 0 , OFLOW: 0 , EGL: 000 , ERR: 0 
#  DUT Result	: RES:     4 , COUT: 0 , OFLOW: 0 , EGL: 000 , ERR: 0 
#  [PASS] Inputs: OPA: 211 , OPB:  31 , INP_VALID : 11 
#  Expected Result : RES:    44 , COUT: 0 , OFLOW: 0 , EGL: 000 , ERR: 0 
#  DUT Result	: RES:    44 , COUT: 0 , OFLOW: 0 , EGL: 000 , ERR: 0 
#  [PASS] Inputs: OPA: 208 , OPB:  14 , INP_VALID : 11 
#  Expected Result : RES:    47 , COUT: 0 , OFLOW: 0 , EGL: 000 , ERR: 0 
#  DUT Result	: RES:    47 , COUT: 0 , OFLOW: 0 , EGL: 000 , ERR: 0 
#  [PASS] Inputs: OPA:   8 , OPB: 109 , INP_VALID : 11 
#  Expected Result : RES:   247 , COUT: 0 , OFLOW: 0 , EGL: 000 , ERR: 0 
#  DUT Result	: RES:   247 , COUT: 0 , OFLOW: 0 , EGL: 000 , ERR: 0 
#  [PASS] Inputs: OPA: 199 , OPB: 208 , INP_VALID : 11 
#  Expected Result : RES:    56 , COUT: 0 , OFLOW: 0 , EGL: 000 , ERR: 0 
#  DUT Result	: RES:    56 , COUT: 0 , OFLOW: 0 , EGL: 000 , ERR: 0 
#  [PASS] Inputs: OPA: 138 , OPB: 215 , INP_VALID : 11 
#  Expected Result : RES:   117 , COUT: 0 , OFLOW: 0 , EGL: 000 , ERR: 0 
#  DUT Result	: RES:   117 , COUT: 0 , OFLOW: 0 , EGL: 000 , ERR: 0 
#  [PASS] Inputs: OPA: 252 , OPB:  31 , INP_VALID : 11 
#  Expected Result : RES:     3 , COUT: 0 , OFLOW: 0 , EGL: 000 , ERR: 0 
#  DUT Result	: RES:     3 , COUT: 0 , OFLOW: 0 , EGL: 000 , ERR: 0 
#  [PASS] Inputs: OPA:   1 , OPB: 143 , INP_VALID : 11 
#  Expected Result : RES:   254 , COUT: 0 , OFLOW: 0 , EGL: 000 , ERR: 0 
#  DUT Result	: RES:   254 , COUT: 0 , OFLOW: 0 , EGL: 000 , ERR: 0 
#  [PASS] Inputs: OPA: 230 , OPB:   6 , INP_VALID : 11 
#  Expected Result : RES:    25 , COUT: 0 , OFLOW: 0 , EGL: 000 , ERR: 0 
#  DUT Result	: RES:    25 , COUT: 0 , OFLOW: 0 , EGL: 000 , ERR: 0 
#  [PASS] Inputs: OPA:  22 , OPB: 101 , INP_VALID : 11 
#  Expected Result : RES:   233 , COUT: 0 , OFLOW: 0 , EGL: 000 , ERR: 0 
#  DUT Result	: RES:   233 , COUT: 0 , OFLOW: 0 , EGL: 000 , ERR: 0 
#  [PASS] Inputs: OPA: 133 , OPB:  67 , INP_VALID : 11 
#  Expected Result : RES:   122 , COUT: 0 , OFLOW: 0 , EGL: 000 , ERR: 0 
#  DUT Result	: RES:   122 , COUT: 0 , OFLOW: 0 , EGL: 000 , ERR: 0 
#  [PASS] Inputs: OPA: 238 , OPB: 123 , INP_VALID : 11 
#  Expected Result : RES:    17 , COUT: 0 , OFLOW: 0 , EGL: 000 , ERR: 0 
#  DUT Result	: RES:    17 , COUT: 0 , OFLOW: 0 , EGL: 000 , ERR: 0 
#  [PASS] Inputs: OPA: 211 , OPB: 112 , INP_VALID : 11 
#  Expected Result : RES:    44 , COUT: 0 , OFLOW: 0 , EGL: 000 , ERR: 0 
#  DUT Result	: RES:    44 , COUT: 0 , OFLOW: 0 , EGL: 000 , ERR: 0 
#  [PASS] Inputs: OPA:  39 , OPB: 129 , INP_VALID : 11 
#  Expected Result : RES:   216 , COUT: 0 , OFLOW: 0 , EGL: 000 , ERR: 0 
#  DUT Result	: RES:   216 , COUT: 0 , OFLOW: 0 , EGL: 000 , ERR: 0 
#  [PASS] Inputs: OPA: 163 , OPB:  20 , INP_VALID : 11 
#  Expected Result : RES:    92 , COUT: 0 , OFLOW: 0 , EGL: 000 , ERR: 0 
#  DUT Result	: RES:    92 , COUT: 0 , OFLOW: 0 , EGL: 000 , ERR: 0 
#  [PASS] Inputs: OPA: 115 , OPB:  33 , INP_VALID : 11 
#  Expected Result : RES:   140 , COUT: 0 , OFLOW: 0 , EGL: 000 , ERR: 0 
#  DUT Result	: RES:   140 , COUT: 0 , OFLOW: 0 , EGL: 000 , ERR: 0 
#  [PASS] Inputs: OPA:  86 , OPB: 247 , INP_VALID : 11 
#  Expected Result : RES:   169 , COUT: 0 , OFLOW: 0 , EGL: 000 , ERR: 0 
#  DUT Result	: RES:   169 , COUT: 0 , OFLOW: 0 , EGL: 000 , ERR: 0 
#  [PASS] Inputs: OPA:  39 , OPB:   8 , INP_VALID : 11 
#  Expected Result : RES:   216 , COUT: 0 , OFLOW: 0 , EGL: 000 , ERR: 0 
#  DUT Result	: RES:   216 , COUT: 0 , OFLOW: 0 , EGL: 000 , ERR: 0 
#  [PASS] Inputs: OPA: 108 , OPB: 246 , INP_VALID : 11 
#  Expected Result : RES:   147 , COUT: 0 , OFLOW: 0 , EGL: 000 , ERR: 0 
#  DUT Result	: RES:   147 , COUT: 0 , OFLOW: 0 , EGL: 000 , ERR: 0 
#  [PASS] Inputs: OPA:  23 , OPB: 127 , INP_VALID : 11 
#  Expected Result : RES:   232 , COUT: 0 , OFLOW: 0 , EGL: 000 , ERR: 0 
#  DUT Result	: RES:   232 , COUT: 0 , OFLOW: 0 , EGL: 000 , ERR: 0 
#  [PASS] Inputs: OPA: 115 , OPB:  39 , INP_VALID : 11 
#  Expected Result : RES:   140 , COUT: 0 , OFLOW: 0 , EGL: 000 , ERR: 0 
#  DUT Result	: RES:   140 , COUT: 0 , OFLOW: 0 , EGL: 000 , ERR: 0 
#  [PASS] Inputs: OPA:  55 , OPB:   2 , INP_VALID : 11 
#  Expected Result : RES:   200 , COUT: 0 , OFLOW: 0 , EGL: 000 , ERR: 0 
#  DUT Result	: RES:   200 , COUT: 0 , OFLOW: 0 , EGL: 000 , ERR: 0 
#  [PASS] Inputs: OPA:  99 , OPB:  83 , INP_VALID : 11 
#  Expected Result : RES:   156 , COUT: 0 , OFLOW: 0 , EGL: 000 , ERR: 0 
#  DUT Result	: RES:   156 , COUT: 0 , OFLOW: 0 , EGL: 000 , ERR: 0 
#  [PASS] Inputs: OPA:  29 , OPB:  91 , INP_VALID : 11 
#  Expected Result : RES:   226 , COUT: 0 , OFLOW: 0 , EGL: 000 , ERR: 0 
#  DUT Result	: RES:   226 , COUT: 0 , OFLOW: 0 , EGL: 000 , ERR: 0 
#  [PASS] Inputs: OPA: 235 , OPB: 146 , INP_VALID : 11 
#  Expected Result : RES:    20 , COUT: 0 , OFLOW: 0 , EGL: 000 , ERR: 0 
#  DUT Result	: RES:    20 , COUT: 0 , OFLOW: 0 , EGL: 000 , ERR: 0 
#  [PASS] Inputs: OPA:  30 , OPB: 133 , INP_VALID : 11 
#  Expected Result : RES:   225 , COUT: 0 , OFLOW: 0 , EGL: 000 , ERR: 0 
#  DUT Result	: RES:   225 , COUT: 0 , OFLOW: 0 , EGL: 000 , ERR: 0 
#  [PASS] Inputs: OPA:  32 , OPB: 251 , INP_VALID : 11 
#  Expected Result : RES:   223 , COUT: 0 , OFLOW: 0 , EGL: 000 , ERR: 0 
#  DUT Result	: RES:   223 , COUT: 0 , OFLOW: 0 , EGL: 000 , ERR: 0 
#  [PASS] Inputs: OPA: 107 , OPB: 181 , INP_VALID : 11 
#  Expected Result : RES:   148 , COUT: 0 , OFLOW: 0 , EGL: 000 , ERR: 0 
#  DUT Result	: RES:   148 , COUT: 0 , OFLOW: 0 , EGL: 000 , ERR: 0 
#  [PASS] Inputs: OPA: 195 , OPB: 177 , INP_VALID : 11 
#  Expected Result : RES:    60 , COUT: 0 , OFLOW: 0 , EGL: 000 , ERR: 0 
#  DUT Result	: RES:    60 , COUT: 0 , OFLOW: 0 , EGL: 000 , ERR: 0 
#  [PASS] Inputs: OPA:  64 , OPB: 130 , INP_VALID : 11 
#  Expected Result : RES:   191 , COUT: 0 , OFLOW: 0 , EGL: 000 , ERR: 0 
#  DUT Result	: RES:   191 , COUT: 0 , OFLOW: 0 , EGL: 000 , ERR: 0 
#  [PASS] Inputs: OPA:  98 , OPB:  68 , INP_VALID : 11 
#  Expected Result : RES:   157 , COUT: 0 , OFLOW: 0 , EGL: 000 , ERR: 0 
#  DUT Result	: RES:   157 , COUT: 0 , OFLOW: 0 , EGL: 000 , ERR: 0 
#  [PASS] Inputs: OPA:  98 , OPB: 176 , INP_VALID : 11 
#  Expected Result : RES:   157 , COUT: 0 , OFLOW: 0 , EGL: 000 , ERR: 0 
#  DUT Result	: RES:   157 , COUT: 0 , OFLOW: 0 , EGL: 000 , ERR: 0 
#  [PASS] Inputs: OPA: 240 , OPB: 181 , INP_VALID : 11 
#  Expected Result : RES:    15 , COUT: 0 , OFLOW: 0 , EGL: 000 , ERR: 0 
#  DUT Result	: RES:    15 , COUT: 0 , OFLOW: 0 , EGL: 000 , ERR: 0 
#  [PASS] Inputs: OPA:  84 , OPB:   5 , INP_VALID : 11 
#  Expected Result : RES:   171 , COUT: 0 , OFLOW: 0 , EGL: 000 , ERR: 0 
#  DUT Result	: RES:   171 , COUT: 0 , OFLOW: 0 , EGL: 000 , ERR: 0 
#  [PASS] Inputs: OPA:  78 , OPB:  37 , INP_VALID : 11 
#  Expected Result : RES:   177 , COUT: 0 , OFLOW: 0 , EGL: 000 , ERR: 0 
#  DUT Result	: RES:   177 , COUT: 0 , OFLOW: 0 , EGL: 000 , ERR: 0 
#  [PASS] Inputs: OPA:  17 , OPB:  70 , INP_VALID : 11 
#  Expected Result : RES:   238 , COUT: 0 , OFLOW: 0 , EGL: 000 , ERR: 0 
#  DUT Result	: RES:   238 , COUT: 0 , OFLOW: 0 , EGL: 000 , ERR: 0 
#  [PASS] Inputs: OPA: 153 , OPB:  43 , INP_VALID : 11 
#  Expected Result : RES:   102 , COUT: 0 , OFLOW: 0 , EGL: 000 , ERR: 0 
#  DUT Result	: RES:   102 , COUT: 0 , OFLOW: 0 , EGL: 000 , ERR: 0 
#  [PASS] Inputs: OPA: 242 , OPB: 236 , INP_VALID : 11 
#  Expected Result : RES:    13 , COUT: 0 , OFLOW: 0 , EGL: 000 , ERR: 0 
#  DUT Result	: RES:    13 , COUT: 0 , OFLOW: 0 , EGL: 000 , ERR: 0 
#  [PASS] Inputs: OPA:  34 , OPB: 222 , INP_VALID : 11 
#  Expected Result : RES:   221 , COUT: 0 , OFLOW: 0 , EGL: 000 , ERR: 0 
#  DUT Result	: RES:   221 , COUT: 0 , OFLOW: 0 , EGL: 000 , ERR: 0 
#  [PASS] Inputs: OPA: 179 , OPB: 139 , INP_VALID : 11 
#  Expected Result : RES:    76 , COUT: 0 , OFLOW: 0 , EGL: 000 , ERR: 0 
#  DUT Result	: RES:    76 , COUT: 0 , OFLOW: 0 , EGL: 000 , ERR: 0 
#  [PASS] Inputs: OPA:  13 , OPB: 218 , INP_VALID : 11 
#  Expected Result : RES:   242 , COUT: 0 , OFLOW: 0 , EGL: 000 , ERR: 0 
#  DUT Result	: RES:   242 , COUT: 0 , OFLOW: 0 , EGL: 000 , ERR: 0 
#  [PASS] Inputs: OPA: 173 , OPB: 159 , INP_VALID : 11 
#  Expected Result : RES:    82 , COUT: 0 , OFLOW: 0 , EGL: 000 , ERR: 0 
#  DUT Result	: RES:    82 , COUT: 0 , OFLOW: 0 , EGL: 000 , ERR: 0 
#  [PASS] Inputs: OPA:  36 , OPB:  99 , INP_VALID : 11 
#  Expected Result : RES:   219 , COUT: 0 , OFLOW: 0 , EGL: 000 , ERR: 0 
#  DUT Result	: RES:   219 , COUT: 0 , OFLOW: 0 , EGL: 000 , ERR: 0 
#  [PASS] Inputs: OPA: 204 , OPB: 190 , INP_VALID : 11 
#  Expected Result : RES:    51 , COUT: 0 , OFLOW: 0 , EGL: 000 , ERR: 0 
#  DUT Result	: RES:    51 , COUT: 0 , OFLOW: 0 , EGL: 000 , ERR: 0 
#  [PASS] Inputs: OPA: 225 , OPB: 195 , INP_VALID : 11 
#  Expected Result : RES:    30 , COUT: 0 , OFLOW: 0 , EGL: 000 , ERR: 0 
#  DUT Result	: RES:    30 , COUT: 0 , OFLOW: 0 , EGL: 000 , ERR: 0 
#  [PASS] Inputs: OPA: 220 , OPB: 217 , INP_VALID : 11 
#  Expected Result : RES:    35 , COUT: 0 , OFLOW: 0 , EGL: 000 , ERR: 0 
#  DUT Result	: RES:    35 , COUT: 0 , OFLOW: 0 , EGL: 000 , ERR: 0 
#  [PASS] Inputs: OPA:  29 , OPB:  48 , INP_VALID : 11 
#  Expected Result : RES:   226 , COUT: 0 , OFLOW: 0 , EGL: 000 , ERR: 0 
#  DUT Result	: RES:   226 , COUT: 0 , OFLOW: 0 , EGL: 000 , ERR: 0 
#  [PASS] Inputs: OPA: 227 , OPB: 255 , INP_VALID : 11 
#  Expected Result : RES:    28 , COUT: 0 , OFLOW: 0 , EGL: 000 , ERR: 0 
#  DUT Result	: RES:    28 , COUT: 0 , OFLOW: 0 , EGL: 000 , ERR: 0 
#  [PASS] Inputs: OPA:  83 , OPB: 180 , INP_VALID : 11 
#  Expected Result : RES:   172 , COUT: 0 , OFLOW: 0 , EGL: 000 , ERR: 0 
#  DUT Result	: RES:   172 , COUT: 0 , OFLOW: 0 , EGL: 000 , ERR: 0 
#  [PASS] Inputs: OPA: 184 , OPB: 247 , INP_VALID : 11 
#  Expected Result : RES:    71 , COUT: 0 , OFLOW: 0 , EGL: 000 , ERR: 0 
#  DUT Result	: RES:    71 , COUT: 0 , OFLOW: 0 , EGL: 000 , ERR: 0 
#  [PASS] Inputs: OPA:  25 , OPB: 172 , INP_VALID : 11 
#  Expected Result : RES:   230 , COUT: 0 , OFLOW: 0 , EGL: 000 , ERR: 0 
#  DUT Result	: RES:   230 , COUT: 0 , OFLOW: 0 , EGL: 000 , ERR: 0 
#  [PASS] Inputs: OPA:  56 , OPB: 231 , INP_VALID : 11 
#  Expected Result : RES:   199 , COUT: 0 , OFLOW: 0 , EGL: 000 , ERR: 0 
#  DUT Result	: RES:   199 , COUT: 0 , OFLOW: 0 , EGL: 000 , ERR: 0 
#  [PASS] Inputs: OPA:  96 , OPB:  67 , INP_VALID : 11 
#  Expected Result : RES:   159 , COUT: 0 , OFLOW: 0 , EGL: 000 , ERR: 0 
#  DUT Result	: RES:   159 , COUT: 0 , OFLOW: 0 , EGL: 000 , ERR: 0 
#  [PASS] Inputs: OPA: 255 , OPB: 233 , INP_VALID : 11 
#  Expected Result : RES:     0 , COUT: 0 , OFLOW: 0 , EGL: 000 , ERR: 0 
#  DUT Result	: RES:     0 , COUT: 0 , OFLOW: 0 , EGL: 000 , ERR: 0 
#  [PASS] Inputs: OPA: 192 , OPB: 195 , INP_VALID : 11 
#  Expected Result : RES:    63 , COUT: 0 , OFLOW: 0 , EGL: 000 , ERR: 0 
#  DUT Result	: RES:    63 , COUT: 0 , OFLOW: 0 , EGL: 000 , ERR: 0 
#  [PASS] Inputs: OPA:  81 , OPB: 204 , INP_VALID : 11 
#  Expected Result : RES:   174 , COUT: 0 , OFLOW: 0 , EGL: 000 , ERR: 0 
#  DUT Result	: RES:   174 , COUT: 0 , OFLOW: 0 , EGL: 000 , ERR: 0 
#  [PASS] Inputs: OPA: 178 , OPB: 175 , INP_VALID : 11 
#  Expected Result : RES:    77 , COUT: 0 , OFLOW: 0 , EGL: 000 , ERR: 0 
#  DUT Result	: RES:    77 , COUT: 0 , OFLOW: 0 , EGL: 000 , ERR: 0 
#  [PASS] Inputs: OPA: 183 , OPB:  63 , INP_VALID : 11 
#  Expected Result : RES:    72 , COUT: 0 , OFLOW: 0 , EGL: 000 , ERR: 0 
#  DUT Result	: RES:    72 , COUT: 0 , OFLOW: 0 , EGL: 000 , ERR: 0 
#  [PASS] Inputs: OPA:  16 , OPB: 221 , INP_VALID : 11 
#  Expected Result : RES:   239 , COUT: 0 , OFLOW: 0 , EGL: 000 , ERR: 0 
#  DUT Result	: RES:   239 , COUT: 0 , OFLOW: 0 , EGL: 000 , ERR: 0 
#  [PASS] Inputs: OPA: 232 , OPB: 255 , INP_VALID : 11 
#  Expected Result : RES:    23 , COUT: 0 , OFLOW: 0 , EGL: 000 , ERR: 0 
#  DUT Result	: RES:    23 , COUT: 0 , OFLOW: 0 , EGL: 000 , ERR: 0 
#  [PASS] Inputs: OPA: 213 , OPB: 127 , INP_VALID : 11 
#  Expected Result : RES:    42 , COUT: 0 , OFLOW: 0 , EGL: 000 , ERR: 0 
#  DUT Result	: RES:    42 , COUT: 0 , OFLOW: 0 , EGL: 000 , ERR: 0 
#  [PASS] Inputs: OPA:  71 , OPB: 106 , INP_VALID : 11 
#  Expected Result : RES:   184 , COUT: 0 , OFLOW: 0 , EGL: 000 , ERR: 0 
#  DUT Result	: RES:   184 , COUT: 0 , OFLOW: 0 , EGL: 000 , ERR: 0 
#  [PASS] Inputs: OPA: 187 , OPB: 225 , INP_VALID : 11 
#  Expected Result : RES:    68 , COUT: 0 , OFLOW: 0 , EGL: 000 , ERR: 0 
#  DUT Result	: RES:    68 , COUT: 0 , OFLOW: 0 , EGL: 000 , ERR: 0 
#  [PASS] Inputs: OPA: 244 , OPB: 198 , INP_VALID : 11 
#  Expected Result : RES:    11 , COUT: 0 , OFLOW: 0 , EGL: 000 , ERR: 0 
#  DUT Result	: RES:    11 , COUT: 0 , OFLOW: 0 , EGL: 000 , ERR: 0 
#  [PASS] Inputs: OPA: 202 , OPB:  77 , INP_VALID : 11 
#  Expected Result : RES:    53 , COUT: 0 , OFLOW: 0 , EGL: 000 , ERR: 0 
#  DUT Result	: RES:    53 , COUT: 0 , OFLOW: 0 , EGL: 000 , ERR: 0 
#  [PASS] Inputs: OPA: 132 , OPB: 155 , INP_VALID : 11 
#  Expected Result : RES:   123 , COUT: 0 , OFLOW: 0 , EGL: 000 , ERR: 0 
#  DUT Result	: RES:   123 , COUT: 0 , OFLOW: 0 , EGL: 000 , ERR: 0 
#  [PASS] Inputs: OPA: 235 , OPB: 102 , INP_VALID : 11 
#  Expected Result : RES:    20 , COUT: 0 , OFLOW: 0 , EGL: 000 , ERR: 0 
#  DUT Result	: RES:    20 , COUT: 0 , OFLOW: 0 , EGL: 000 , ERR: 0 
#  [PASS] Inputs: OPA:  98 , OPB:  86 , INP_VALID : 11 
#  Expected Result : RES:   157 , COUT: 0 , OFLOW: 0 , EGL: 000 , ERR: 0 
#  DUT Result	: RES:   157 , COUT: 0 , OFLOW: 0 , EGL: 000 , ERR: 0 
#  [PASS] Inputs: OPA: 123 , OPB: 164 , INP_VALID : 11 
#  Expected Result : RES:   132 , COUT: 0 , OFLOW: 0 , EGL: 000 , ERR: 0 
#  DUT Result	: RES:   132 , COUT: 0 , OFLOW: 0 , EGL: 000 , ERR: 0 
#  [PASS] Inputs: OPA: 220 , OPB: 114 , INP_VALID : 11 
#  Expected Result : RES:    35 , COUT: 0 , OFLOW: 0 , EGL: 000 , ERR: 0 
#  DUT Result	: RES:    35 , COUT: 0 , OFLOW: 0 , EGL: 000 , ERR: 0 
#  [PASS] Inputs: OPA: 198 , OPB: 185 , INP_VALID : 11 
#  Expected Result : RES:    70 , COUT: 0 , OFLOW: 0 , EGL: 000 , ERR: 0 
#  DUT Result	: RES:    70 , COUT: 0 , OFLOW: 0 , EGL: 000 , ERR: 0 
#  [PASS] Inputs: OPA:  72 , OPB: 164 , INP_VALID : 11 
#  Expected Result : RES:    91 , COUT: 0 , OFLOW: 0 , EGL: 000 , ERR: 0 
#  DUT Result	: RES:    91 , COUT: 0 , OFLOW: 0 , EGL: 000 , ERR: 0 
#  [PASS] Inputs: OPA:  24 , OPB:  94 , INP_VALID : 11 
#  Expected Result : RES:   161 , COUT: 0 , OFLOW: 0 , EGL: 000 , ERR: 0 
#  DUT Result	: RES:   161 , COUT: 0 , OFLOW: 0 , EGL: 000 , ERR: 0 
#  [PASS] Inputs: OPA:  82 , OPB: 221 , INP_VALID : 11 
#  Expected Result : RES:    34 , COUT: 0 , OFLOW: 0 , EGL: 000 , ERR: 0 
#  DUT Result	: RES:    34 , COUT: 0 , OFLOW: 0 , EGL: 000 , ERR: 0 
#  [PASS] Inputs: OPA: 107 , OPB: 229 , INP_VALID : 11 
#  Expected Result : RES:    26 , COUT: 0 , OFLOW: 0 , EGL: 000 , ERR: 0 
#  DUT Result	: RES:    26 , COUT: 0 , OFLOW: 0 , EGL: 000 , ERR: 0 
#  [PASS] Inputs: OPA: 255 , OPB:  66 , INP_VALID : 11 
#  Expected Result : RES:   189 , COUT: 0 , OFLOW: 0 , EGL: 000 , ERR: 0 
#  DUT Result	: RES:   189 , COUT: 0 , OFLOW: 0 , EGL: 000 , ERR: 0 
#  [PASS] Inputs: OPA: 230 , OPB:  95 , INP_VALID : 11 
#  Expected Result : RES:   160 , COUT: 0 , OFLOW: 0 , EGL: 000 , ERR: 0 
#  DUT Result	: RES:   160 , COUT: 0 , OFLOW: 0 , EGL: 000 , ERR: 0 
#  [PASS] Inputs: OPA:  90 , OPB:  75 , INP_VALID : 11 
#  Expected Result : RES:   180 , COUT: 0 , OFLOW: 0 , EGL: 000 , ERR: 0 
#  DUT Result	: RES:   180 , COUT: 0 , OFLOW: 0 , EGL: 000 , ERR: 0 
#  [PASS] Inputs: OPA: 178 , OPB: 100 , INP_VALID : 11 
#  Expected Result : RES:   155 , COUT: 0 , OFLOW: 0 , EGL: 000 , ERR: 0 
#  DUT Result	: RES:   155 , COUT: 0 , OFLOW: 0 , EGL: 000 , ERR: 0 
#  [PASS] Inputs: OPA:  30 , OPB:  35 , INP_VALID : 11 
#  Expected Result : RES:   220 , COUT: 0 , OFLOW: 0 , EGL: 000 , ERR: 0 
#  DUT Result	: RES:   220 , COUT: 0 , OFLOW: 0 , EGL: 000 , ERR: 0 
#  [PASS] Inputs: OPA: 137 , OPB:  35 , INP_VALID : 11 
#  Expected Result : RES:   220 , COUT: 0 , OFLOW: 0 , EGL: 000 , ERR: 0 
#  DUT Result	: RES:   220 , COUT: 0 , OFLOW: 0 , EGL: 000 , ERR: 0 
#  [PASS] Inputs: OPA:  90 , OPB: 171 , INP_VALID : 11 
#  Expected Result : RES:    84 , COUT: 0 , OFLOW: 0 , EGL: 000 , ERR: 0 
#  DUT Result	: RES:    84 , COUT: 0 , OFLOW: 0 , EGL: 000 , ERR: 0 
#  [PASS] Inputs: OPA: 125 , OPB: 153 , INP_VALID : 11 
#  Expected Result : RES:   102 , COUT: 0 , OFLOW: 0 , EGL: 000 , ERR: 0 
#  DUT Result	: RES:   102 , COUT: 0 , OFLOW: 0 , EGL: 000 , ERR: 0 
#  [PASS] Inputs: OPA: 162 , OPB: 123 , INP_VALID : 11 
#  Expected Result : RES:   132 , COUT: 0 , OFLOW: 0 , EGL: 000 , ERR: 0 
#  DUT Result	: RES:   132 , COUT: 0 , OFLOW: 0 , EGL: 000 , ERR: 0 
#  [PASS] Inputs: OPA:  74 , OPB: 243 , INP_VALID : 11 
#  Expected Result : RES:    12 , COUT: 0 , OFLOW: 0 , EGL: 000 , ERR: 0 
#  DUT Result	: RES:    12 , COUT: 0 , OFLOW: 0 , EGL: 000 , ERR: 0 
#  [PASS] Inputs: OPA: 228 , OPB:  70 , INP_VALID : 11 
#  Expected Result : RES:   185 , COUT: 0 , OFLOW: 0 , EGL: 000 , ERR: 0 
#  DUT Result	: RES:   185 , COUT: 0 , OFLOW: 0 , EGL: 000 , ERR: 0 
#  [PASS] Inputs: OPA: 225 , OPB: 203 , INP_VALID : 11 
#  Expected Result : RES:    52 , COUT: 0 , OFLOW: 0 , EGL: 000 , ERR: 0 
#  DUT Result	: RES:    52 , COUT: 0 , OFLOW: 0 , EGL: 000 , ERR: 0 
#  [PASS] Inputs: OPA:  69 , OPB: 147 , INP_VALID : 11 
#  Expected Result : RES:   108 , COUT: 0 , OFLOW: 0 , EGL: 000 , ERR: 0 
#  DUT Result	: RES:   108 , COUT: 0 , OFLOW: 0 , EGL: 000 , ERR: 0 
#  [PASS] Inputs: OPA: 110 , OPB:  71 , INP_VALID : 11 
#  Expected Result : RES:   184 , COUT: 0 , OFLOW: 0 , EGL: 000 , ERR: 0 
#  DUT Result	: RES:   184 , COUT: 0 , OFLOW: 0 , EGL: 000 , ERR: 0 
#  [PASS] Inputs: OPA:  88 , OPB: 253 , INP_VALID : 11 
#  Expected Result : RES:     2 , COUT: 0 , OFLOW: 0 , EGL: 000 , ERR: 0 
#  DUT Result	: RES:     2 , COUT: 0 , OFLOW: 0 , EGL: 000 , ERR: 0 
#  [PASS] Inputs: OPA: 228 , OPB: 181 , INP_VALID : 11 
#  Expected Result : RES:    74 , COUT: 0 , OFLOW: 0 , EGL: 000 , ERR: 0 
#  DUT Result	: RES:    74 , COUT: 0 , OFLOW: 0 , EGL: 000 , ERR: 0 
#  [PASS] Inputs: OPA:  89 , OPB: 210 , INP_VALID : 11 
#  Expected Result : RES:    45 , COUT: 0 , OFLOW: 0 , EGL: 000 , ERR: 0 
#  DUT Result	: RES:    45 , COUT: 0 , OFLOW: 0 , EGL: 000 , ERR: 0 
#  [PASS] Inputs: OPA:  24 , OPB:  29 , INP_VALID : 11 
#  Expected Result : RES:   226 , COUT: 0 , OFLOW: 0 , EGL: 000 , ERR: 0 
#  DUT Result	: RES:   226 , COUT: 0 , OFLOW: 0 , EGL: 000 , ERR: 0 
#  [PASS] Inputs: OPA:  25 , OPB: 236 , INP_VALID : 11 
#  Expected Result : RES:    19 , COUT: 0 , OFLOW: 0 , EGL: 000 , ERR: 0 
#  DUT Result	: RES:    19 , COUT: 0 , OFLOW: 0 , EGL: 000 , ERR: 0 
#  [PASS] Inputs: OPA:  40 , OPB: 105 , INP_VALID : 11 
#  Expected Result : RES:   150 , COUT: 0 , OFLOW: 0 , EGL: 000 , ERR: 0 
#  DUT Result	: RES:   150 , COUT: 0 , OFLOW: 0 , EGL: 000 , ERR: 0 
#  [PASS] Inputs: OPA:  27 , OPB: 191 , INP_VALID : 11 
#  Expected Result : RES:    64 , COUT: 0 , OFLOW: 0 , EGL: 000 , ERR: 0 
#  DUT Result	: RES:    64 , COUT: 0 , OFLOW: 0 , EGL: 000 , ERR: 0 
#  [PASS] Inputs: OPA: 200 , OPB: 192 , INP_VALID : 11 
#  Expected Result : RES:    63 , COUT: 0 , OFLOW: 0 , EGL: 000 , ERR: 0 
#  DUT Result	: RES:    63 , COUT: 0 , OFLOW: 0 , EGL: 000 , ERR: 0 
#  [PASS] Inputs: OPA: 244 , OPB:   0 , INP_VALID : 11 
#  Expected Result : RES:   255 , COUT: 0 , OFLOW: 0 , EGL: 000 , ERR: 0 
#  DUT Result	: RES:   255 , COUT: 0 , OFLOW: 0 , EGL: 000 , ERR: 0 
#  [PASS] Inputs: OPA:  64 , OPB: 152 , INP_VALID : 11 
#  Expected Result : RES:   103 , COUT: 0 , OFLOW: 0 , EGL: 000 , ERR: 0 
#  DUT Result	: RES:   103 , COUT: 0 , OFLOW: 0 , EGL: 000 , ERR: 0 
#  [PASS] Inputs: OPA: 221 , OPB:  77 , INP_VALID : 11 
#  Expected Result : RES:   178 , COUT: 0 , OFLOW: 0 , EGL: 000 , ERR: 0 
#  DUT Result	: RES:   178 , COUT: 0 , OFLOW: 0 , EGL: 000 , ERR: 0 
#  [PASS] Inputs: OPA: 254 , OPB: 230 , INP_VALID : 11 
#  Expected Result : RES:    25 , COUT: 0 , OFLOW: 0 , EGL: 000 , ERR: 0 
#  DUT Result	: RES:    25 , COUT: 0 , OFLOW: 0 , EGL: 000 , ERR: 0 
#  [PASS] Inputs: OPA: 235 , OPB: 139 , INP_VALID : 11 
#  Expected Result : RES:   116 , COUT: 0 , OFLOW: 0 , EGL: 000 , ERR: 0 
#  DUT Result	: RES:   116 , COUT: 0 , OFLOW: 0 , EGL: 000 , ERR: 0 
#  [PASS] Inputs: OPA: 253 , OPB: 246 , INP_VALID : 11 
#  Expected Result : RES:     9 , COUT: 0 , OFLOW: 0 , EGL: 000 , ERR: 0 
#  DUT Result	: RES:     9 , COUT: 0 , OFLOW: 0 , EGL: 000 , ERR: 0 
#  [PASS] Inputs: OPA: 247 , OPB:  52 , INP_VALID : 11 
#  Expected Result : RES:   203 , COUT: 0 , OFLOW: 0 , EGL: 000 , ERR: 0 
#  DUT Result	: RES:   203 , COUT: 0 , OFLOW: 0 , EGL: 000 , ERR: 0 
#  [PASS] Inputs: OPA: 253 , OPB: 134 , INP_VALID : 11 
#  Expected Result : RES:   121 , COUT: 0 , OFLOW: 0 , EGL: 000 , ERR: 0 
#  DUT Result	: RES:   121 , COUT: 0 , OFLOW: 0 , EGL: 000 , ERR: 0 
#  [PASS] Inputs: OPA:   6 , OPB:  84 , INP_VALID : 11 
#  Expected Result : RES:   171 , COUT: 0 , OFLOW: 0 , EGL: 000 , ERR: 0 
#  DUT Result	: RES:   171 , COUT: 0 , OFLOW: 0 , EGL: 000 , ERR: 0 
#  [PASS] Inputs: OPA: 118 , OPB: 224 , INP_VALID : 11 
#  Expected Result : RES:    31 , COUT: 0 , OFLOW: 0 , EGL: 000 , ERR: 0 
#  DUT Result	: RES:    31 , COUT: 0 , OFLOW: 0 , EGL: 000 , ERR: 0 
#  [PASS] Inputs: OPA: 230 , OPB: 157 , INP_VALID : 11 
#  Expected Result : RES:    98 , COUT: 0 , OFLOW: 0 , EGL: 000 , ERR: 0 
#  DUT Result	: RES:    98 , COUT: 0 , OFLOW: 0 , EGL: 000 , ERR: 0 
#  [PASS] Inputs: OPA:  75 , OPB:  80 , INP_VALID : 11 
#  Expected Result : RES:   175 , COUT: 0 , OFLOW: 0 , EGL: 000 , ERR: 0 
#  DUT Result	: RES:   175 , COUT: 0 , OFLOW: 0 , EGL: 000 , ERR: 0 
#  [PASS] Inputs: OPA:  82 , OPB:  47 , INP_VALID : 11 
#  Expected Result : RES:   208 , COUT: 0 , OFLOW: 0 , EGL: 000 , ERR: 0 
#  DUT Result	: RES:   208 , COUT: 0 , OFLOW: 0 , EGL: 000 , ERR: 0 
#  [PASS] Inputs: OPA:  23 , OPB: 229 , INP_VALID : 11 
#  Expected Result : RES:    26 , COUT: 0 , OFLOW: 0 , EGL: 000 , ERR: 0 
#  DUT Result	: RES:    26 , COUT: 0 , OFLOW: 0 , EGL: 000 , ERR: 0 
#  [PASS] Inputs: OPA: 118 , OPB: 237 , INP_VALID : 11 
#  Expected Result : RES:    18 , COUT: 0 , OFLOW: 0 , EGL: 000 , ERR: 0 
#  DUT Result	: RES:    18 , COUT: 0 , OFLOW: 0 , EGL: 000 , ERR: 0 
#  [PASS] Inputs: OPA: 229 , OPB:  54 , INP_VALID : 11 
#  Expected Result : RES:   201 , COUT: 0 , OFLOW: 0 , EGL: 000 , ERR: 0 
#  DUT Result	: RES:   201 , COUT: 0 , OFLOW: 0 , EGL: 000 , ERR: 0 
#  [PASS] Inputs: OPA: 188 , OPB: 175 , INP_VALID : 11 
#  Expected Result : RES:    80 , COUT: 0 , OFLOW: 0 , EGL: 000 , ERR: 0 
#  DUT Result	: RES:    80 , COUT: 0 , OFLOW: 0 , EGL: 000 , ERR: 0 
#  [PASS] Inputs: OPA: 125 , OPB:  96 , INP_VALID : 11 
#  Expected Result : RES:   159 , COUT: 0 , OFLOW: 0 , EGL: 000 , ERR: 0 
#  DUT Result	: RES:   159 , COUT: 0 , OFLOW: 0 , EGL: 000 , ERR: 0 
#  [PASS] Inputs: OPA: 114 , OPB: 247 , INP_VALID : 11 
#  Expected Result : RES:     8 , COUT: 0 , OFLOW: 0 , EGL: 000 , ERR: 0 
#  DUT Result	: RES:     8 , COUT: 0 , OFLOW: 0 , EGL: 000 , ERR: 0 
#  [PASS] Inputs: OPA: 177 , OPB: 225 , INP_VALID : 11 
#  Expected Result : RES:    30 , COUT: 0 , OFLOW: 0 , EGL: 000 , ERR: 0 
#  DUT Result	: RES:    30 , COUT: 0 , OFLOW: 0 , EGL: 000 , ERR: 0 
#  [PASS] Inputs: OPA: 227 , OPB: 235 , INP_VALID : 11 
#  Expected Result : RES:    20 , COUT: 0 , OFLOW: 0 , EGL: 000 , ERR: 0 
#  DUT Result	: RES:    20 , COUT: 0 , OFLOW: 0 , EGL: 000 , ERR: 0 
#  [PASS] Inputs: OPA: 103 , OPB: 205 , INP_VALID : 11 
#  Expected Result : RES:    50 , COUT: 0 , OFLOW: 0 , EGL: 000 , ERR: 0 
#  DUT Result	: RES:    50 , COUT: 0 , OFLOW: 0 , EGL: 000 , ERR: 0 
#  [PASS] Inputs: OPA: 171 , OPB:  89 , INP_VALID : 11 
#  Expected Result : RES:   166 , COUT: 0 , OFLOW: 0 , EGL: 000 , ERR: 0 
#  DUT Result	: RES:   166 , COUT: 0 , OFLOW: 0 , EGL: 000 , ERR: 0 
#  [PASS] Inputs: OPA:  64 , OPB: 139 , INP_VALID : 11 
#  Expected Result : RES:   116 , COUT: 0 , OFLOW: 0 , EGL: 000 , ERR: 0 
#  DUT Result	: RES:   116 , COUT: 0 , OFLOW: 0 , EGL: 000 , ERR: 0 
#  [PASS] Inputs: OPA: 157 , OPB: 225 , INP_VALID : 11 
#  Expected Result : RES:    30 , COUT: 0 , OFLOW: 0 , EGL: 000 , ERR: 0 
#  DUT Result	: RES:    30 , COUT: 0 , OFLOW: 0 , EGL: 000 , ERR: 0 
#  [PASS] Inputs: OPA: 132 , OPB: 246 , INP_VALID : 11 
#  Expected Result : RES:     9 , COUT: 0 , OFLOW: 0 , EGL: 000 , ERR: 0 
#  DUT Result	: RES:     9 , COUT: 0 , OFLOW: 0 , EGL: 000 , ERR: 0 
#  [PASS] Inputs: OPA: 219 , OPB:  80 , INP_VALID : 11 
#  Expected Result : RES:   175 , COUT: 0 , OFLOW: 0 , EGL: 000 , ERR: 0 
#  DUT Result	: RES:   175 , COUT: 0 , OFLOW: 0 , EGL: 000 , ERR: 0 
#  [PASS] Inputs: OPA:  96 , OPB:  17 , INP_VALID : 11 
#  Expected Result : RES:   238 , COUT: 0 , OFLOW: 0 , EGL: 000 , ERR: 0 
#  DUT Result	: RES:   238 , COUT: 0 , OFLOW: 0 , EGL: 000 , ERR: 0 
#  [PASS] Inputs: OPA:  65 , OPB: 142 , INP_VALID : 11 
#  Expected Result : RES:   113 , COUT: 0 , OFLOW: 0 , EGL: 000 , ERR: 0 
#  DUT Result	: RES:   113 , COUT: 0 , OFLOW: 0 , EGL: 000 , ERR: 0 
#  [PASS] Inputs: OPA: 107 , OPB: 174 , INP_VALID : 11 
#  Expected Result : RES:    81 , COUT: 0 , OFLOW: 0 , EGL: 000 , ERR: 0 
#  DUT Result	: RES:    81 , COUT: 0 , OFLOW: 0 , EGL: 000 , ERR: 0 
#  [PASS] Inputs: OPA:  41 , OPB: 200 , INP_VALID : 11 
#  Expected Result : RES:    55 , COUT: 0 , OFLOW: 0 , EGL: 000 , ERR: 0 
#  DUT Result	: RES:    55 , COUT: 0 , OFLOW: 0 , EGL: 000 , ERR: 0 
#  [PASS] Inputs: OPA: 130 , OPB: 189 , INP_VALID : 11 
#  Expected Result : RES:    66 , COUT: 0 , OFLOW: 0 , EGL: 000 , ERR: 0 
#  DUT Result	: RES:    66 , COUT: 0 , OFLOW: 0 , EGL: 000 , ERR: 0 
#  [PASS] Inputs: OPA: 112 , OPB:  45 , INP_VALID : 11 
#  Expected Result : RES:   210 , COUT: 0 , OFLOW: 0 , EGL: 000 , ERR: 0 
#  DUT Result	: RES:   210 , COUT: 0 , OFLOW: 0 , EGL: 000 , ERR: 0 
#  [PASS] Inputs: OPA: 122 , OPB:  60 , INP_VALID : 11 
#  Expected Result : RES:   195 , COUT: 0 , OFLOW: 0 , EGL: 000 , ERR: 0 
#  DUT Result	: RES:   195 , COUT: 0 , OFLOW: 0 , EGL: 000 , ERR: 0 
#  [PASS] Inputs: OPA: 216 , OPB: 243 , INP_VALID : 11 
#  Expected Result : RES:    12 , COUT: 0 , OFLOW: 0 , EGL: 000 , ERR: 0 
#  DUT Result	: RES:    12 , COUT: 0 , OFLOW: 0 , EGL: 000 , ERR: 0 
#  [PASS] Inputs: OPA: 141 , OPB: 152 , INP_VALID : 11 
#  Expected Result : RES:   103 , COUT: 0 , OFLOW: 0 , EGL: 000 , ERR: 0 
#  DUT Result	: RES:   103 , COUT: 0 , OFLOW: 0 , EGL: 000 , ERR: 0 
#  [PASS] Inputs: OPA: 120 , OPB: 180 , INP_VALID : 11 
#  Expected Result : RES:    75 , COUT: 0 , OFLOW: 0 , EGL: 000 , ERR: 0 
#  DUT Result	: RES:    75 , COUT: 0 , OFLOW: 0 , EGL: 000 , ERR: 0 
#  [PASS] Inputs: OPA: 239 , OPB:  21 , INP_VALID : 11 
#  Expected Result : RES:   234 , COUT: 0 , OFLOW: 0 , EGL: 000 , ERR: 0 
#  DUT Result	: RES:   234 , COUT: 0 , OFLOW: 0 , EGL: 000 , ERR: 0 
#  [PASS] Inputs: OPA: 239 , OPB:  47 , INP_VALID : 11 
#  Expected Result : RES:   208 , COUT: 0 , OFLOW: 0 , EGL: 000 , ERR: 0 
#  DUT Result	: RES:   208 , COUT: 0 , OFLOW: 0 , EGL: 000 , ERR: 0 
#  [PASS] Inputs: OPA:   9 , OPB: 191 , INP_VALID : 11 
#  Expected Result : RES:    64 , COUT: 0 , OFLOW: 0 , EGL: 000 , ERR: 0 
#  DUT Result	: RES:    64 , COUT: 0 , OFLOW: 0 , EGL: 000 , ERR: 0 
#  [PASS] Inputs: OPA:   1 , OPB:  19 , INP_VALID : 11 
#  Expected Result : RES:   236 , COUT: 0 , OFLOW: 0 , EGL: 000 , ERR: 0 
#  DUT Result	: RES:   236 , COUT: 0 , OFLOW: 0 , EGL: 000 , ERR: 0 
#  [PASS] Inputs: OPA: 251 , OPB:  33 , INP_VALID : 11 
#  Expected Result : RES:   222 , COUT: 0 , OFLOW: 0 , EGL: 000 , ERR: 0 
#  DUT Result	: RES:   222 , COUT: 0 , OFLOW: 0 , EGL: 000 , ERR: 0 
#  [PASS] Inputs: OPA:  86 , OPB: 124 , INP_VALID : 11 
#  Expected Result : RES:   131 , COUT: 0 , OFLOW: 0 , EGL: 000 , ERR: 0 
#  DUT Result	: RES:   131 , COUT: 0 , OFLOW: 0 , EGL: 000 , ERR: 0 
#  [PASS] Inputs: OPA:  81 , OPB: 152 , INP_VALID : 11 
#  Expected Result : RES:   103 , COUT: 0 , OFLOW: 0 , EGL: 000 , ERR: 0 
#  DUT Result	: RES:   103 , COUT: 0 , OFLOW: 0 , EGL: 000 , ERR: 0 
#  [PASS] Inputs: OPA:  44 , OPB:  55 , INP_VALID : 11 
#  Expected Result : RES:   200 , COUT: 0 , OFLOW: 0 , EGL: 000 , ERR: 0 
#  DUT Result	: RES:   200 , COUT: 0 , OFLOW: 0 , EGL: 000 , ERR: 0 
#  [PASS] Inputs: OPA:  31 , OPB:  32 , INP_VALID : 11 
#  Expected Result : RES:   223 , COUT: 0 , OFLOW: 0 , EGL: 000 , ERR: 0 
#  DUT Result	: RES:   223 , COUT: 0 , OFLOW: 0 , EGL: 000 , ERR: 0 
#  [PASS] Inputs: OPA:  59 , OPB:  86 , INP_VALID : 11 
#  Expected Result : RES:   169 , COUT: 0 , OFLOW: 0 , EGL: 000 , ERR: 0 
#  DUT Result	: RES:   169 , COUT: 0 , OFLOW: 0 , EGL: 000 , ERR: 0 
#  [PASS] Inputs: OPA: 169 , OPB:  87 , INP_VALID : 11 
#  Expected Result : RES:   168 , COUT: 0 , OFLOW: 0 , EGL: 000 , ERR: 0 
#  DUT Result	: RES:   168 , COUT: 0 , OFLOW: 0 , EGL: 000 , ERR: 0 
#  [PASS] Inputs: OPA: 195 , OPB: 106 , INP_VALID : 11 
#  Expected Result : RES:   149 , COUT: 0 , OFLOW: 0 , EGL: 000 , ERR: 0 
#  DUT Result	: RES:   149 , COUT: 0 , OFLOW: 0 , EGL: 000 , ERR: 0 
#  [PASS] Inputs: OPA: 148 , OPB:  94 , INP_VALID : 11 
#  Expected Result : RES:   161 , COUT: 0 , OFLOW: 0 , EGL: 000 , ERR: 0 
#  DUT Result	: RES:   161 , COUT: 0 , OFLOW: 0 , EGL: 000 , ERR: 0 
#  [PASS] Inputs: OPA:  60 , OPB:  47 , INP_VALID : 11 
#  Expected Result : RES:   208 , COUT: 0 , OFLOW: 0 , EGL: 000 , ERR: 0 
#  DUT Result	: RES:   208 , COUT: 0 , OFLOW: 0 , EGL: 000 , ERR: 0 
#  [PASS] Inputs: OPA: 233 , OPB: 174 , INP_VALID : 11 
#  Expected Result : RES:    81 , COUT: 0 , OFLOW: 0 , EGL: 000 , ERR: 0 
#  DUT Result	: RES:    81 , COUT: 0 , OFLOW: 0 , EGL: 000 , ERR: 0 
#  [PASS] Inputs: OPA: 178 , OPB: 253 , INP_VALID : 11 
#  Expected Result : RES:     2 , COUT: 0 , OFLOW: 0 , EGL: 000 , ERR: 0 
#  DUT Result	: RES:     2 , COUT: 0 , OFLOW: 0 , EGL: 000 , ERR: 0 
#  [PASS] Inputs: OPA:   5 , OPB: 101 , INP_VALID : 11 
#  Expected Result : RES:   154 , COUT: 0 , OFLOW: 0 , EGL: 000 , ERR: 0 
#  DUT Result	: RES:   154 , COUT: 0 , OFLOW: 0 , EGL: 000 , ERR: 0 
#  [PASS] Inputs: OPA:  48 , OPB:  92 , INP_VALID : 11 
#  Expected Result : RES:   163 , COUT: 0 , OFLOW: 0 , EGL: 000 , ERR: 0 
#  DUT Result	: RES:   163 , COUT: 0 , OFLOW: 0 , EGL: 000 , ERR: 0 
#  [PASS] Inputs: OPA: 161 , OPB:  34 , INP_VALID : 11 
#  Expected Result : RES:   221 , COUT: 0 , OFLOW: 0 , EGL: 000 , ERR: 0 
#  DUT Result	: RES:   221 , COUT: 0 , OFLOW: 0 , EGL: 000 , ERR: 0 
#  [PASS] Inputs: OPA:  90 , OPB: 229 , INP_VALID : 11 
#  Expected Result : RES:    26 , COUT: 0 , OFLOW: 0 , EGL: 000 , ERR: 0 
#  DUT Result	: RES:    26 , COUT: 0 , OFLOW: 0 , EGL: 000 , ERR: 0 
#  [PASS] Inputs: OPA: 112 , OPB: 200 , INP_VALID : 11 
#  Expected Result : RES:    55 , COUT: 0 , OFLOW: 0 , EGL: 000 , ERR: 0 
#  DUT Result	: RES:    55 , COUT: 0 , OFLOW: 0 , EGL: 000 , ERR: 0 
#  [PASS] Inputs: OPA: 254 , OPB: 178 , INP_VALID : 11 
#  Expected Result : RES:    77 , COUT: 0 , OFLOW: 0 , EGL: 000 , ERR: 0 
#  DUT Result	: RES:    77 , COUT: 0 , OFLOW: 0 , EGL: 000 , ERR: 0 
#  [PASS] Inputs: OPA:  89 , OPB: 220 , INP_VALID : 11 
#  Expected Result : RES:    35 , COUT: 0 , OFLOW: 0 , EGL: 000 , ERR: 0 
#  DUT Result	: RES:    35 , COUT: 0 , OFLOW: 0 , EGL: 000 , ERR: 0 
#  [PASS] Inputs: OPA:   3 , OPB:  46 , INP_VALID : 11 
#  Expected Result : RES:   209 , COUT: 0 , OFLOW: 0 , EGL: 000 , ERR: 0 
#  DUT Result	: RES:   209 , COUT: 0 , OFLOW: 0 , EGL: 000 , ERR: 0 
#  [PASS] Inputs: OPA:  97 , OPB: 184 , INP_VALID : 11 
#  Expected Result : RES:    71 , COUT: 0 , OFLOW: 0 , EGL: 000 , ERR: 0 
#  DUT Result	: RES:    71 , COUT: 0 , OFLOW: 0 , EGL: 000 , ERR: 0 
#  [PASS] Inputs: OPA: 102 , OPB: 165 , INP_VALID : 11 
#  Expected Result : RES:    90 , COUT: 0 , OFLOW: 0 , EGL: 000 , ERR: 0 
#  DUT Result	: RES:    90 , COUT: 0 , OFLOW: 0 , EGL: 000 , ERR: 0 
#  [PASS] Inputs: OPA: 232 , OPB: 107 , INP_VALID : 11 
#  Expected Result : RES:   148 , COUT: 0 , OFLOW: 0 , EGL: 000 , ERR: 0 
#  DUT Result	: RES:   148 , COUT: 0 , OFLOW: 0 , EGL: 000 , ERR: 0 
#  [PASS] Inputs: OPA: 251 , OPB: 243 , INP_VALID : 11 
#  Expected Result : RES:    12 , COUT: 0 , OFLOW: 0 , EGL: 000 , ERR: 0 
#  DUT Result	: RES:    12 , COUT: 0 , OFLOW: 0 , EGL: 000 , ERR: 0 
#  [PASS] Inputs: OPA:  97 , OPB: 136 , INP_VALID : 11 
#  Expected Result : RES:   119 , COUT: 0 , OFLOW: 0 , EGL: 000 , ERR: 0 
#  DUT Result	: RES:   119 , COUT: 0 , OFLOW: 0 , EGL: 000 , ERR: 0 
#  [PASS] Inputs: OPA:  36 , OPB:  40 , INP_VALID : 11 
#  Expected Result : RES:   215 , COUT: 0 , OFLOW: 0 , EGL: 000 , ERR: 0 
#  DUT Result	: RES:   215 , COUT: 0 , OFLOW: 0 , EGL: 000 , ERR: 0 
#  [PASS] Inputs: OPA: 106 , OPB:  87 , INP_VALID : 11 
#  Expected Result : RES:   168 , COUT: 0 , OFLOW: 0 , EGL: 000 , ERR: 0 
#  DUT Result	: RES:   168 , COUT: 0 , OFLOW: 0 , EGL: 000 , ERR: 0 
#  [PASS] Inputs: OPA: 148 , OPB: 193 , INP_VALID : 11 
#  Expected Result : RES:    62 , COUT: 0 , OFLOW: 0 , EGL: 000 , ERR: 0 
#  DUT Result	: RES:    62 , COUT: 0 , OFLOW: 0 , EGL: 000 , ERR: 0 
#  [PASS] Inputs: OPA: 222 , OPB: 203 , INP_VALID : 11 
#  Expected Result : RES:    52 , COUT: 0 , OFLOW: 0 , EGL: 000 , ERR: 0 
#  DUT Result	: RES:    52 , COUT: 0 , OFLOW: 0 , EGL: 000 , ERR: 0 
#  [PASS] Inputs: OPA:  89 , OPB:  32 , INP_VALID : 11 
#  Expected Result : RES:   223 , COUT: 0 , OFLOW: 0 , EGL: 000 , ERR: 0 
#  DUT Result	: RES:   223 , COUT: 0 , OFLOW: 0 , EGL: 000 , ERR: 0 
#  [PASS] Inputs: OPA: 227 , OPB: 237 , INP_VALID : 11 
#  Expected Result : RES:    18 , COUT: 0 , OFLOW: 0 , EGL: 000 , ERR: 0 
#  DUT Result	: RES:    18 , COUT: 0 , OFLOW: 0 , EGL: 000 , ERR: 0 
#  [PASS] Inputs: OPA: 180 , OPB:   0 , INP_VALID : 11 
#  Expected Result : RES:   255 , COUT: 0 , OFLOW: 0 , EGL: 000 , ERR: 0 
#  DUT Result	: RES:   255 , COUT: 0 , OFLOW: 0 , EGL: 000 , ERR: 0 
#  [PASS] Inputs: OPA:  70 , OPB:  46 , INP_VALID : 11 
#  Expected Result : RES:    35 , COUT: 0 , OFLOW: 0 , EGL: 000 , ERR: 0 
#  DUT Result	: RES:    35 , COUT: 0 , OFLOW: 0 , EGL: 000 , ERR: 0 
#  [PASS] Inputs: OPA: 159 , OPB: 166 , INP_VALID : 11 
#  Expected Result : RES:    79 , COUT: 0 , OFLOW: 0 , EGL: 000 , ERR: 0 
#  DUT Result	: RES:    79 , COUT: 0 , OFLOW: 0 , EGL: 000 , ERR: 0 
#  [PASS] Inputs: OPA:  15 , OPB:  52 , INP_VALID : 11 
#  Expected Result : RES:     7 , COUT: 0 , OFLOW: 0 , EGL: 000 , ERR: 0 
#  DUT Result	: RES:     7 , COUT: 0 , OFLOW: 0 , EGL: 000 , ERR: 0 
#  [PASS] Inputs: OPA:   6 , OPB: 109 , INP_VALID : 11 
#  Expected Result : RES:     3 , COUT: 0 , OFLOW: 0 , EGL: 000 , ERR: 0 
#  DUT Result	: RES:     3 , COUT: 0 , OFLOW: 0 , EGL: 000 , ERR: 0 
#  [PASS] Inputs: OPA: 176 , OPB: 185 , INP_VALID : 11 
#  Expected Result : RES:    88 , COUT: 0 , OFLOW: 0 , EGL: 000 , ERR: 0 
#  DUT Result	: RES:    88 , COUT: 0 , OFLOW: 0 , EGL: 000 , ERR: 0 
#  [PASS] Inputs: OPA: 177 , OPB: 239 , INP_VALID : 11 
#  Expected Result : RES:    88 , COUT: 0 , OFLOW: 0 , EGL: 000 , ERR: 0 
#  DUT Result	: RES:    88 , COUT: 0 , OFLOW: 0 , EGL: 000 , ERR: 0 
#  [PASS] Inputs: OPA: 114 , OPB: 106 , INP_VALID : 11 
#  Expected Result : RES:    57 , COUT: 0 , OFLOW: 0 , EGL: 000 , ERR: 0 
#  DUT Result	: RES:    57 , COUT: 0 , OFLOW: 0 , EGL: 000 , ERR: 0 
#  [PASS] Inputs: OPA: 144 , OPB:  22 , INP_VALID : 11 
#  Expected Result : RES:    72 , COUT: 0 , OFLOW: 0 , EGL: 000 , ERR: 0 
#  DUT Result	: RES:    72 , COUT: 0 , OFLOW: 0 , EGL: 000 , ERR: 0 
#  [PASS] Inputs: OPA: 212 , OPB: 166 , INP_VALID : 11 
#  Expected Result : RES:   106 , COUT: 0 , OFLOW: 0 , EGL: 000 , ERR: 0 
#  DUT Result	: RES:   106 , COUT: 0 , OFLOW: 0 , EGL: 000 , ERR: 0 
#  [PASS] Inputs: OPA:  12 , OPB:  15 , INP_VALID : 11 
#  Expected Result : RES:     6 , COUT: 0 , OFLOW: 0 , EGL: 000 , ERR: 0 
#  DUT Result	: RES:     6 , COUT: 0 , OFLOW: 0 , EGL: 000 , ERR: 0 
#  [PASS] Inputs: OPA:  34 , OPB: 244 , INP_VALID : 11 
#  Expected Result : RES:    17 , COUT: 0 , OFLOW: 0 , EGL: 000 , ERR: 0 
#  DUT Result	: RES:    17 , COUT: 0 , OFLOW: 0 , EGL: 000 , ERR: 0 
#  [PASS] Inputs: OPA: 190 , OPB: 254 , INP_VALID : 11 
#  Expected Result : RES:    95 , COUT: 0 , OFLOW: 0 , EGL: 000 , ERR: 0 
#  DUT Result	: RES:    95 , COUT: 0 , OFLOW: 0 , EGL: 000 , ERR: 0 
#  [PASS] Inputs: OPA: 140 , OPB: 102 , INP_VALID : 11 
#  Expected Result : RES:    70 , COUT: 0 , OFLOW: 0 , EGL: 000 , ERR: 0 
#  DUT Result	: RES:    70 , COUT: 0 , OFLOW: 0 , EGL: 000 , ERR: 0 
#  [PASS] Inputs: OPA: 118 , OPB: 116 , INP_VALID : 11 
#  Expected Result : RES:    59 , COUT: 0 , OFLOW: 0 , EGL: 000 , ERR: 0 
#  DUT Result	: RES:    59 , COUT: 0 , OFLOW: 0 , EGL: 000 , ERR: 0 
#  [PASS] Inputs: OPA:  99 , OPB:  46 , INP_VALID : 11 
#  Expected Result : RES:    49 , COUT: 0 , OFLOW: 0 , EGL: 000 , ERR: 0 
#  DUT Result	: RES:    49 , COUT: 0 , OFLOW: 0 , EGL: 000 , ERR: 0 
#  [PASS] Inputs: OPA: 157 , OPB: 220 , INP_VALID : 11 
#  Expected Result : RES:    78 , COUT: 0 , OFLOW: 0 , EGL: 000 , ERR: 0 
#  DUT Result	: RES:    78 , COUT: 0 , OFLOW: 0 , EGL: 000 , ERR: 0 
#  [PASS] Inputs: OPA: 195 , OPB:  15 , INP_VALID : 11 
#  Expected Result : RES:    97 , COUT: 0 , OFLOW: 0 , EGL: 000 , ERR: 0 
#  DUT Result	: RES:    97 , COUT: 0 , OFLOW: 0 , EGL: 000 , ERR: 0 
#  [PASS] Inputs: OPA: 206 , OPB:  76 , INP_VALID : 11 
#  Expected Result : RES:   103 , COUT: 0 , OFLOW: 0 , EGL: 000 , ERR: 0 
#  DUT Result	: RES:   103 , COUT: 0 , OFLOW: 0 , EGL: 000 , ERR: 0 
#  [PASS] Inputs: OPA: 137 , OPB: 245 , INP_VALID : 11 
#  Expected Result : RES:    68 , COUT: 0 , OFLOW: 0 , EGL: 000 , ERR: 0 
#  DUT Result	: RES:    68 , COUT: 0 , OFLOW: 0 , EGL: 000 , ERR: 0 
#  [PASS] Inputs: OPA:  92 , OPB:   2 , INP_VALID : 11 
#  Expected Result : RES:    46 , COUT: 0 , OFLOW: 0 , EGL: 000 , ERR: 0 
#  DUT Result	: RES:    46 , COUT: 0 , OFLOW: 0 , EGL: 000 , ERR: 0 
#  [PASS] Inputs: OPA: 254 , OPB: 200 , INP_VALID : 11 
#  Expected Result : RES:   127 , COUT: 0 , OFLOW: 0 , EGL: 000 , ERR: 0 
#  DUT Result	: RES:   127 , COUT: 0 , OFLOW: 0 , EGL: 000 , ERR: 0 
#  [PASS] Inputs: OPA:  20 , OPB: 181 , INP_VALID : 11 
#  Expected Result : RES:    10 , COUT: 0 , OFLOW: 0 , EGL: 000 , ERR: 0 
#  DUT Result	: RES:    10 , COUT: 0 , OFLOW: 0 , EGL: 000 , ERR: 0 
#  [PASS] Inputs: OPA:  65 , OPB: 105 , INP_VALID : 11 
#  Expected Result : RES:    32 , COUT: 0 , OFLOW: 0 , EGL: 000 , ERR: 0 
#  DUT Result	: RES:    32 , COUT: 0 , OFLOW: 0 , EGL: 000 , ERR: 0 
#  [PASS] Inputs: OPA: 207 , OPB: 251 , INP_VALID : 11 
#  Expected Result : RES:   103 , COUT: 0 , OFLOW: 0 , EGL: 000 , ERR: 0 
#  DUT Result	: RES:   103 , COUT: 0 , OFLOW: 0 , EGL: 000 , ERR: 0 
#  [PASS] Inputs: OPA:  85 , OPB: 110 , INP_VALID : 11 
#  Expected Result : RES:    42 , COUT: 0 , OFLOW: 0 , EGL: 000 , ERR: 0 
#  DUT Result	: RES:    42 , COUT: 0 , OFLOW: 0 , EGL: 000 , ERR: 0 
#  [PASS] Inputs: OPA:  10 , OPB: 229 , INP_VALID : 11 
#  Expected Result : RES:     5 , COUT: 0 , OFLOW: 0 , EGL: 000 , ERR: 0 
#  DUT Result	: RES:     5 , COUT: 0 , OFLOW: 0 , EGL: 000 , ERR: 0 
#  [PASS] Inputs: OPA: 177 , OPB: 184 , INP_VALID : 11 
#  Expected Result : RES:    88 , COUT: 0 , OFLOW: 0 , EGL: 000 , ERR: 0 
#  DUT Result	: RES:    88 , COUT: 0 , OFLOW: 0 , EGL: 000 , ERR: 0 
#  [PASS] Inputs: OPA:  10 , OPB: 219 , INP_VALID : 11 
#  Expected Result : RES:     5 , COUT: 0 , OFLOW: 0 , EGL: 000 , ERR: 0 
#  DUT Result	: RES:     5 , COUT: 0 , OFLOW: 0 , EGL: 000 , ERR: 0 
#  [PASS] Inputs: OPA:  37 , OPB:   9 , INP_VALID : 11 
#  Expected Result : RES:    18 , COUT: 0 , OFLOW: 0 , EGL: 000 , ERR: 0 
#  DUT Result	: RES:    18 , COUT: 0 , OFLOW: 0 , EGL: 000 , ERR: 0 
#  [PASS] Inputs: OPA:  82 , OPB:  42 , INP_VALID : 11 
#  Expected Result : RES:    41 , COUT: 0 , OFLOW: 0 , EGL: 000 , ERR: 0 
#  DUT Result	: RES:    41 , COUT: 0 , OFLOW: 0 , EGL: 000 , ERR: 0 
#  [PASS] Inputs: OPA: 135 , OPB: 108 , INP_VALID : 11 
#  Expected Result : RES:    67 , COUT: 0 , OFLOW: 0 , EGL: 000 , ERR: 0 
#  DUT Result	: RES:    67 , COUT: 0 , OFLOW: 0 , EGL: 000 , ERR: 0 
#  [PASS] Inputs: OPA: 199 , OPB: 219 , INP_VALID : 11 
#  Expected Result : RES:    99 , COUT: 0 , OFLOW: 0 , EGL: 000 , ERR: 0 
#  DUT Result	: RES:    99 , COUT: 0 , OFLOW: 0 , EGL: 000 , ERR: 0 
#  [PASS] Inputs: OPA:  60 , OPB:  68 , INP_VALID : 11 
#  Expected Result : RES:    30 , COUT: 0 , OFLOW: 0 , EGL: 000 , ERR: 0 
#  DUT Result	: RES:    30 , COUT: 0 , OFLOW: 0 , EGL: 000 , ERR: 0 
#  [PASS] Inputs: OPA: 134 , OPB: 250 , INP_VALID : 11 
#  Expected Result : RES:    67 , COUT: 0 , OFLOW: 0 , EGL: 000 , ERR: 0 
#  DUT Result	: RES:    67 , COUT: 0 , OFLOW: 0 , EGL: 000 , ERR: 0 
#  [PASS] Inputs: OPA: 119 , OPB:  21 , INP_VALID : 11 
#  Expected Result : RES:    59 , COUT: 0 , OFLOW: 0 , EGL: 000 , ERR: 0 
#  DUT Result	: RES:    59 , COUT: 0 , OFLOW: 0 , EGL: 000 , ERR: 0 
#  [PASS] Inputs: OPA: 185 , OPB:  50 , INP_VALID : 11 
#  Expected Result : RES:    92 , COUT: 0 , OFLOW: 0 , EGL: 000 , ERR: 0 
#  DUT Result	: RES:    92 , COUT: 0 , OFLOW: 0 , EGL: 000 , ERR: 0 
#  [PASS] Inputs: OPA: 204 , OPB: 142 , INP_VALID : 11 
#  Expected Result : RES:   102 , COUT: 0 , OFLOW: 0 , EGL: 000 , ERR: 0 
#  DUT Result	: RES:   102 , COUT: 0 , OFLOW: 0 , EGL: 000 , ERR: 0 
#  [PASS] Inputs: OPA:  22 , OPB: 226 , INP_VALID : 11 
#  Expected Result : RES:    11 , COUT: 0 , OFLOW: 0 , EGL: 000 , ERR: 0 
#  DUT Result	: RES:    11 , COUT: 0 , OFLOW: 0 , EGL: 000 , ERR: 0 
#  [PASS] Inputs: OPA:  51 , OPB: 199 , INP_VALID : 11 
#  Expected Result : RES:    25 , COUT: 0 , OFLOW: 0 , EGL: 000 , ERR: 0 
#  DUT Result	: RES:    25 , COUT: 0 , OFLOW: 0 , EGL: 000 , ERR: 0 
#  [PASS] Inputs: OPA: 120 , OPB: 201 , INP_VALID : 11 
#  Expected Result : RES:    60 , COUT: 0 , OFLOW: 0 , EGL: 000 , ERR: 0 
#  DUT Result	: RES:    60 , COUT: 0 , OFLOW: 0 , EGL: 000 , ERR: 0 
#  [PASS] Inputs: OPA: 232 , OPB:   3 , INP_VALID : 11 
#  Expected Result : RES:   116 , COUT: 0 , OFLOW: 0 , EGL: 000 , ERR: 0 
#  DUT Result	: RES:   116 , COUT: 0 , OFLOW: 0 , EGL: 000 , ERR: 0 
#  [PASS] Inputs: OPA: 104 , OPB: 156 , INP_VALID : 11 
#  Expected Result : RES:    52 , COUT: 0 , OFLOW: 0 , EGL: 000 , ERR: 0 
#  DUT Result	: RES:    52 , COUT: 0 , OFLOW: 0 , EGL: 000 , ERR: 0 
#  [PASS] Inputs: OPA:  99 , OPB:  68 , INP_VALID : 11 
#  Expected Result : RES:    49 , COUT: 0 , OFLOW: 0 , EGL: 000 , ERR: 0 
#  DUT Result	: RES:    49 , COUT: 0 , OFLOW: 0 , EGL: 000 , ERR: 0 
#  [PASS] Inputs: OPA:  47 , OPB: 196 , INP_VALID : 11 
#  Expected Result : RES:    23 , COUT: 0 , OFLOW: 0 , EGL: 000 , ERR: 0 
#  DUT Result	: RES:    23 , COUT: 0 , OFLOW: 0 , EGL: 000 , ERR: 0 
#  [PASS] Inputs: OPA: 224 , OPB: 218 , INP_VALID : 11 
#  Expected Result : RES:   112 , COUT: 0 , OFLOW: 0 , EGL: 000 , ERR: 0 
#  DUT Result	: RES:   112 , COUT: 0 , OFLOW: 0 , EGL: 000 , ERR: 0 
#  [PASS] Inputs: OPA:  24 , OPB:  14 , INP_VALID : 11 
#  Expected Result : RES:    12 , COUT: 0 , OFLOW: 0 , EGL: 000 , ERR: 0 
#  DUT Result	: RES:    12 , COUT: 0 , OFLOW: 0 , EGL: 000 , ERR: 0 
#  [PASS] Inputs: OPA: 175 , OPB:  70 , INP_VALID : 11 
#  Expected Result : RES:    87 , COUT: 0 , OFLOW: 0 , EGL: 000 , ERR: 0 
#  DUT Result	: RES:    87 , COUT: 0 , OFLOW: 0 , EGL: 000 , ERR: 0 
#  [PASS] Inputs: OPA: 170 , OPB: 112 , INP_VALID : 11 
#  Expected Result : RES:    85 , COUT: 0 , OFLOW: 0 , EGL: 000 , ERR: 0 
#  DUT Result	: RES:    85 , COUT: 0 , OFLOW: 0 , EGL: 000 , ERR: 0 
#  [PASS] Inputs: OPA:  45 , OPB:  99 , INP_VALID : 11 
#  Expected Result : RES:    22 , COUT: 0 , OFLOW: 0 , EGL: 000 , ERR: 0 
#  DUT Result	: RES:    22 , COUT: 0 , OFLOW: 0 , EGL: 000 , ERR: 0 
#  [PASS] Inputs: OPA: 204 , OPB: 135 , INP_VALID : 11 
#  Expected Result : RES:   102 , COUT: 0 , OFLOW: 0 , EGL: 000 , ERR: 0 
#  DUT Result	: RES:   102 , COUT: 0 , OFLOW: 0 , EGL: 000 , ERR: 0 
#  [PASS] Inputs: OPA:  75 , OPB: 202 , INP_VALID : 11 
#  Expected Result : RES:    37 , COUT: 0 , OFLOW: 0 , EGL: 000 , ERR: 0 
#  DUT Result	: RES:    37 , COUT: 0 , OFLOW: 0 , EGL: 000 , ERR: 0 
#  [PASS] Inputs: OPA: 254 , OPB: 151 , INP_VALID : 11 
#  Expected Result : RES:   127 , COUT: 0 , OFLOW: 0 , EGL: 000 , ERR: 0 
#  DUT Result	: RES:   127 , COUT: 0 , OFLOW: 0 , EGL: 000 , ERR: 0 
#  [PASS] Inputs: OPA:  77 , OPB:  87 , INP_VALID : 11 
#  Expected Result : RES:    38 , COUT: 0 , OFLOW: 0 , EGL: 000 , ERR: 0 
#  DUT Result	: RES:    38 , COUT: 0 , OFLOW: 0 , EGL: 000 , ERR: 0 
#  [PASS] Inputs: OPA: 109 , OPB: 235 , INP_VALID : 11 
#  Expected Result : RES:    54 , COUT: 0 , OFLOW: 0 , EGL: 000 , ERR: 0 
#  DUT Result	: RES:    54 , COUT: 0 , OFLOW: 0 , EGL: 000 , ERR: 0 
#  [PASS] Inputs: OPA:  44 , OPB: 203 , INP_VALID : 11 
#  Expected Result : RES:    22 , COUT: 0 , OFLOW: 0 , EGL: 000 , ERR: 0 
#  DUT Result	: RES:    22 , COUT: 0 , OFLOW: 0 , EGL: 000 , ERR: 0 
#  [PASS] Inputs: OPA:  95 , OPB: 196 , INP_VALID : 11 
#  Expected Result : RES:    47 , COUT: 0 , OFLOW: 0 , EGL: 000 , ERR: 0 
#  DUT Result	: RES:    47 , COUT: 0 , OFLOW: 0 , EGL: 000 , ERR: 0 
#  [PASS] Inputs: OPA:  75 , OPB: 148 , INP_VALID : 11 
#  Expected Result : RES:    37 , COUT: 0 , OFLOW: 0 , EGL: 000 , ERR: 0 
#  DUT Result	: RES:    37 , COUT: 0 , OFLOW: 0 , EGL: 000 , ERR: 0 
#  [PASS] Inputs: OPA:  73 , OPB:  56 , INP_VALID : 11 
#  Expected Result : RES:    36 , COUT: 0 , OFLOW: 0 , EGL: 000 , ERR: 0 
#  DUT Result	: RES:    36 , COUT: 0 , OFLOW: 0 , EGL: 000 , ERR: 0 
#  [PASS] Inputs: OPA:  84 , OPB:  73 , INP_VALID : 11 
#  Expected Result : RES:    42 , COUT: 0 , OFLOW: 0 , EGL: 000 , ERR: 0 
#  DUT Result	: RES:    42 , COUT: 0 , OFLOW: 0 , EGL: 000 , ERR: 0 
#  [PASS] Inputs: OPA:  92 , OPB: 136 , INP_VALID : 11 
#  Expected Result : RES:    46 , COUT: 0 , OFLOW: 0 , EGL: 000 , ERR: 0 
#  DUT Result	: RES:    46 , COUT: 0 , OFLOW: 0 , EGL: 000 , ERR: 0 
#  [PASS] Inputs: OPA:  54 , OPB: 244 , INP_VALID : 11 
#  Expected Result : RES:    27 , COUT: 0 , OFLOW: 0 , EGL: 000 , ERR: 0 
#  DUT Result	: RES:    27 , COUT: 0 , OFLOW: 0 , EGL: 000 , ERR: 0 
#  [PASS] Inputs: OPA: 243 , OPB:   7 , INP_VALID : 11 
#  Expected Result : RES:   121 , COUT: 0 , OFLOW: 0 , EGL: 000 , ERR: 0 
#  DUT Result	: RES:   121 , COUT: 0 , OFLOW: 0 , EGL: 000 , ERR: 0 
#  [PASS] Inputs: OPA:  76 , OPB:  17 , INP_VALID : 11 
#  Expected Result : RES:    38 , COUT: 0 , OFLOW: 0 , EGL: 000 , ERR: 0 
#  DUT Result	: RES:    38 , COUT: 0 , OFLOW: 0 , EGL: 000 , ERR: 0 
#  [PASS] Inputs: OPA:  29 , OPB:  58 , INP_VALID : 11 
#  Expected Result : RES:    14 , COUT: 0 , OFLOW: 0 , EGL: 000 , ERR: 0 
#  DUT Result	: RES:    14 , COUT: 0 , OFLOW: 0 , EGL: 000 , ERR: 0 
#  [PASS] Inputs: OPA:  91 , OPB:  90 , INP_VALID : 11 
#  Expected Result : RES:    45 , COUT: 0 , OFLOW: 0 , EGL: 000 , ERR: 0 
#  DUT Result	: RES:    45 , COUT: 0 , OFLOW: 0 , EGL: 000 , ERR: 0 
#  [PASS] Inputs: OPA:  74 , OPB: 108 , INP_VALID : 11 
#  Expected Result : RES:    37 , COUT: 0 , OFLOW: 0 , EGL: 000 , ERR: 0 
#  DUT Result	: RES:    37 , COUT: 0 , OFLOW: 0 , EGL: 000 , ERR: 0 
#  [PASS] Inputs: OPA:  81 , OPB:  40 , INP_VALID : 11 
#  Expected Result : RES:    40 , COUT: 0 , OFLOW: 0 , EGL: 000 , ERR: 0 
#  DUT Result	: RES:    40 , COUT: 0 , OFLOW: 0 , EGL: 000 , ERR: 0 
#  [PASS] Inputs: OPA: 213 , OPB:  64 , INP_VALID : 11 
#  Expected Result : RES:   106 , COUT: 0 , OFLOW: 0 , EGL: 000 , ERR: 0 
#  DUT Result	: RES:   106 , COUT: 0 , OFLOW: 0 , EGL: 000 , ERR: 0 
#  [PASS] Inputs: OPA: 137 , OPB: 178 , INP_VALID : 11 
#  Expected Result : RES:    68 , COUT: 0 , OFLOW: 0 , EGL: 000 , ERR: 0 
#  DUT Result	: RES:    68 , COUT: 0 , OFLOW: 0 , EGL: 000 , ERR: 0 
#  [PASS] Inputs: OPA: 159 , OPB: 239 , INP_VALID : 11 
#  Expected Result : RES:    79 , COUT: 0 , OFLOW: 0 , EGL: 000 , ERR: 0 
#  DUT Result	: RES:    79 , COUT: 0 , OFLOW: 0 , EGL: 000 , ERR: 0 
#  [PASS] Inputs: OPA:  54 , OPB:  66 , INP_VALID : 11 
#  Expected Result : RES:    27 , COUT: 0 , OFLOW: 0 , EGL: 000 , ERR: 0 
#  DUT Result	: RES:    27 , COUT: 0 , OFLOW: 0 , EGL: 000 , ERR: 0 
#  [PASS] Inputs: OPA:  11 , OPB: 111 , INP_VALID : 11 
#  Expected Result : RES:     5 , COUT: 0 , OFLOW: 0 , EGL: 000 , ERR: 0 
#  DUT Result	: RES:     5 , COUT: 0 , OFLOW: 0 , EGL: 000 , ERR: 0 
#  [PASS] Inputs: OPA:  20 , OPB: 251 , INP_VALID : 11 
#  Expected Result : RES:    10 , COUT: 0 , OFLOW: 0 , EGL: 000 , ERR: 0 
#  DUT Result	: RES:    10 , COUT: 0 , OFLOW: 0 , EGL: 000 , ERR: 0 
#  [PASS] Inputs: OPA:  74 , OPB: 241 , INP_VALID : 11 
#  Expected Result : RES:    37 , COUT: 0 , OFLOW: 0 , EGL: 000 , ERR: 0 
#  DUT Result	: RES:    37 , COUT: 0 , OFLOW: 0 , EGL: 000 , ERR: 0 
#  [PASS] Inputs: OPA: 138 , OPB:  39 , INP_VALID : 11 
#  Expected Result : RES:    69 , COUT: 0 , OFLOW: 0 , EGL: 000 , ERR: 0 
#  DUT Result	: RES:    69 , COUT: 0 , OFLOW: 0 , EGL: 000 , ERR: 0 
#  [PASS] Inputs: OPA: 224 , OPB: 127 , INP_VALID : 11 
#  Expected Result : RES:   112 , COUT: 0 , OFLOW: 0 , EGL: 000 , ERR: 0 
#  DUT Result	: RES:   112 , COUT: 0 , OFLOW: 0 , EGL: 000 , ERR: 0 
#  [PASS] Inputs: OPA:   0 , OPB:   4 , INP_VALID : 11 
#  Expected Result : RES:     0 , COUT: 0 , OFLOW: 0 , EGL: 000 , ERR: 0 
#  DUT Result	: RES:     0 , COUT: 0 , OFLOW: 0 , EGL: 000 , ERR: 0 
#  [PASS] Inputs: OPA: 171 , OPB:  52 , INP_VALID : 11 
#  Expected Result : RES:    85 , COUT: 0 , OFLOW: 0 , EGL: 000 , ERR: 0 
#  DUT Result	: RES:    85 , COUT: 0 , OFLOW: 0 , EGL: 000 , ERR: 0 
#  [PASS] Inputs: OPA:   7 , OPB: 122 , INP_VALID : 11 
#  Expected Result : RES:     3 , COUT: 0 , OFLOW: 0 , EGL: 000 , ERR: 0 
#  DUT Result	: RES:     3 , COUT: 0 , OFLOW: 0 , EGL: 000 , ERR: 0 
#  [PASS] Inputs: OPA: 254 , OPB:  37 , INP_VALID : 11 
#  Expected Result : RES:   127 , COUT: 0 , OFLOW: 0 , EGL: 000 , ERR: 0 
#  DUT Result	: RES:   127 , COUT: 0 , OFLOW: 0 , EGL: 000 , ERR: 0 
#  [PASS] Inputs: OPA: 247 , OPB:  22 , INP_VALID : 11 
#  Expected Result : RES:   123 , COUT: 0 , OFLOW: 0 , EGL: 000 , ERR: 0 
#  DUT Result	: RES:   123 , COUT: 0 , OFLOW: 0 , EGL: 000 , ERR: 0 
#  [PASS] Inputs: OPA: 243 , OPB: 228 , INP_VALID : 11 
#  Expected Result : RES:   121 , COUT: 0 , OFLOW: 0 , EGL: 000 , ERR: 0 
#  DUT Result	: RES:   121 , COUT: 0 , OFLOW: 0 , EGL: 000 , ERR: 0 
#  [PASS] Inputs: OPA: 213 , OPB: 196 , INP_VALID : 11 
#  Expected Result : RES:   106 , COUT: 0 , OFLOW: 0 , EGL: 000 , ERR: 0 
#  DUT Result	: RES:   106 , COUT: 0 , OFLOW: 0 , EGL: 000 , ERR: 0 
#  [PASS] Inputs: OPA:  86 , OPB: 210 , INP_VALID : 11 
#  Expected Result : RES:    43 , COUT: 0 , OFLOW: 0 , EGL: 000 , ERR: 0 
#  DUT Result	: RES:    43 , COUT: 0 , OFLOW: 0 , EGL: 000 , ERR: 0 
#  [PASS] Inputs: OPA: 116 , OPB:  21 , INP_VALID : 11 
#  Expected Result : RES:    58 , COUT: 0 , OFLOW: 0 , EGL: 000 , ERR: 0 
#  DUT Result	: RES:    58 , COUT: 0 , OFLOW: 0 , EGL: 000 , ERR: 0 
#  [PASS] Inputs: OPA: 161 , OPB: 214 , INP_VALID : 11 
#  Expected Result : RES:    80 , COUT: 0 , OFLOW: 0 , EGL: 000 , ERR: 0 
#  DUT Result	: RES:    80 , COUT: 0 , OFLOW: 0 , EGL: 000 , ERR: 0 
#  [PASS] Inputs: OPA: 161 , OPB:  33 , INP_VALID : 11 
#  Expected Result : RES:    80 , COUT: 0 , OFLOW: 0 , EGL: 000 , ERR: 0 
#  DUT Result	: RES:    80 , COUT: 0 , OFLOW: 0 , EGL: 000 , ERR: 0 
#  [PASS] Inputs: OPA:  87 , OPB: 168 , INP_VALID : 11 
#  Expected Result : RES:    43 , COUT: 0 , OFLOW: 0 , EGL: 000 , ERR: 0 
#  DUT Result	: RES:    43 , COUT: 0 , OFLOW: 0 , EGL: 000 , ERR: 0 
#  [PASS] Inputs: OPA: 212 , OPB:  91 , INP_VALID : 11 
#  Expected Result : RES:   106 , COUT: 0 , OFLOW: 0 , EGL: 000 , ERR: 0 
#  DUT Result	: RES:   106 , COUT: 0 , OFLOW: 0 , EGL: 000 , ERR: 0 
#  [PASS] Inputs: OPA:  27 , OPB:  75 , INP_VALID : 11 
#  Expected Result : RES:    13 , COUT: 0 , OFLOW: 0 , EGL: 000 , ERR: 0 
#  DUT Result	: RES:    13 , COUT: 0 , OFLOW: 0 , EGL: 000 , ERR: 0 
#  [PASS] Inputs: OPA:  28 , OPB: 142 , INP_VALID : 11 
#  Expected Result : RES:    14 , COUT: 0 , OFLOW: 0 , EGL: 000 , ERR: 0 
#  DUT Result	: RES:    14 , COUT: 0 , OFLOW: 0 , EGL: 000 , ERR: 0 
#  [PASS] Inputs: OPA: 195 , OPB: 163 , INP_VALID : 11 
#  Expected Result : RES:    97 , COUT: 0 , OFLOW: 0 , EGL: 000 , ERR: 0 
#  DUT Result	: RES:    97 , COUT: 0 , OFLOW: 0 , EGL: 000 , ERR: 0 
#  [PASS] Inputs: OPA: 154 , OPB: 236 , INP_VALID : 11 
#  Expected Result : RES:    77 , COUT: 0 , OFLOW: 0 , EGL: 000 , ERR: 0 
#  DUT Result	: RES:    77 , COUT: 0 , OFLOW: 0 , EGL: 000 , ERR: 0 
#  [PASS] Inputs: OPA:  74 , OPB:  12 , INP_VALID : 11 
#  Expected Result : RES:    37 , COUT: 0 , OFLOW: 0 , EGL: 000 , ERR: 0 
#  DUT Result	: RES:    37 , COUT: 0 , OFLOW: 0 , EGL: 000 , ERR: 0 
#  [PASS] Inputs: OPA: 222 , OPB:  40 , INP_VALID : 11 
#  Expected Result : RES:   111 , COUT: 0 , OFLOW: 0 , EGL: 000 , ERR: 0 
#  DUT Result	: RES:   111 , COUT: 0 , OFLOW: 0 , EGL: 000 , ERR: 0 
#  [PASS] Inputs: OPA: 205 , OPB: 139 , INP_VALID : 11 
#  Expected Result : RES:   102 , COUT: 0 , OFLOW: 0 , EGL: 000 , ERR: 0 
#  DUT Result	: RES:   102 , COUT: 0 , OFLOW: 0 , EGL: 000 , ERR: 0 
#  [PASS] Inputs: OPA: 184 , OPB:  29 , INP_VALID : 11 
#  Expected Result : RES:    92 , COUT: 0 , OFLOW: 0 , EGL: 000 , ERR: 0 
#  DUT Result	: RES:    92 , COUT: 0 , OFLOW: 0 , EGL: 000 , ERR: 0 
#  [PASS] Inputs: OPA: 161 , OPB:  11 , INP_VALID : 11 
#  Expected Result : RES:    80 , COUT: 0 , OFLOW: 0 , EGL: 000 , ERR: 0 
#  DUT Result	: RES:    80 , COUT: 0 , OFLOW: 0 , EGL: 000 , ERR: 0 
#  [PASS] Inputs: OPA:  62 , OPB:  80 , INP_VALID : 11 
#  Expected Result : RES:    31 , COUT: 0 , OFLOW: 0 , EGL: 000 , ERR: 0 
#  DUT Result	: RES:    31 , COUT: 0 , OFLOW: 0 , EGL: 000 , ERR: 0 
#  [PASS] Inputs: OPA: 162 , OPB: 168 , INP_VALID : 11 
#  Expected Result : RES:    81 , COUT: 0 , OFLOW: 0 , EGL: 000 , ERR: 0 
#  DUT Result	: RES:    81 , COUT: 0 , OFLOW: 0 , EGL: 000 , ERR: 0 
#  [PASS] Inputs: OPA:  24 , OPB: 116 , INP_VALID : 11 
#  Expected Result : RES:    48 , COUT: 0 , OFLOW: 0 , EGL: 000 , ERR: 0 
#  DUT Result	: RES:    48 , COUT: 0 , OFLOW: 0 , EGL: 000 , ERR: 0 
#  [PASS] Inputs: OPA: 121 , OPB: 112 , INP_VALID : 11 
#  Expected Result : RES:   242 , COUT: 0 , OFLOW: 0 , EGL: 000 , ERR: 0 
#  DUT Result	: RES:   242 , COUT: 0 , OFLOW: 0 , EGL: 000 , ERR: 0 
#  [PASS] Inputs: OPA:  33 , OPB:  37 , INP_VALID : 11 
#  Expected Result : RES:    66 , COUT: 0 , OFLOW: 0 , EGL: 000 , ERR: 0 
#  DUT Result	: RES:    66 , COUT: 0 , OFLOW: 0 , EGL: 000 , ERR: 0 
#  [PASS] Inputs: OPA:  16 , OPB: 204 , INP_VALID : 11 
#  Expected Result : RES:    32 , COUT: 0 , OFLOW: 0 , EGL: 000 , ERR: 0 
#  DUT Result	: RES:    32 , COUT: 0 , OFLOW: 0 , EGL: 000 , ERR: 0 
#  [PASS] Inputs: OPA:  51 , OPB: 199 , INP_VALID : 11 
#  Expected Result : RES:   102 , COUT: 0 , OFLOW: 0 , EGL: 000 , ERR: 0 
#  DUT Result	: RES:   102 , COUT: 0 , OFLOW: 0 , EGL: 000 , ERR: 0 
#  [PASS] Inputs: OPA:  40 , OPB:  66 , INP_VALID : 11 
#  Expected Result : RES:    80 , COUT: 0 , OFLOW: 0 , EGL: 000 , ERR: 0 
#  DUT Result	: RES:    80 , COUT: 0 , OFLOW: 0 , EGL: 000 , ERR: 0 
#  [PASS] Inputs: OPA:  77 , OPB:  30 , INP_VALID : 11 
#  Expected Result : RES:   154 , COUT: 0 , OFLOW: 0 , EGL: 000 , ERR: 0 
#  DUT Result	: RES:   154 , COUT: 0 , OFLOW: 0 , EGL: 000 , ERR: 0 
#  [PASS] Inputs: OPA: 105 , OPB: 182 , INP_VALID : 11 
#  Expected Result : RES:   210 , COUT: 0 , OFLOW: 0 , EGL: 000 , ERR: 0 
#  DUT Result	: RES:   210 , COUT: 0 , OFLOW: 0 , EGL: 000 , ERR: 0 
#  [PASS] Inputs: OPA:   1 , OPB:  95 , INP_VALID : 11 
#  Expected Result : RES:     2 , COUT: 0 , OFLOW: 0 , EGL: 000 , ERR: 0 
#  DUT Result	: RES:     2 , COUT: 0 , OFLOW: 0 , EGL: 000 , ERR: 0 
#  [PASS] Inputs: OPA: 185 , OPB: 131 , INP_VALID : 11 
#  Expected Result : RES:   114 , COUT: 0 , OFLOW: 0 , EGL: 000 , ERR: 0 
#  DUT Result	: RES:   114 , COUT: 0 , OFLOW: 0 , EGL: 000 , ERR: 0 
#  [PASS] Inputs: OPA:  69 , OPB:  84 , INP_VALID : 11 
#  Expected Result : RES:   138 , COUT: 0 , OFLOW: 0 , EGL: 000 , ERR: 0 
#  DUT Result	: RES:   138 , COUT: 0 , OFLOW: 0 , EGL: 000 , ERR: 0 
#  [PASS] Inputs: OPA:  78 , OPB:  84 , INP_VALID : 11 
#  Expected Result : RES:   156 , COUT: 0 , OFLOW: 0 , EGL: 000 , ERR: 0 
#  DUT Result	: RES:   156 , COUT: 0 , OFLOW: 0 , EGL: 000 , ERR: 0 
#  [PASS] Inputs: OPA:   2 , OPB:  51 , INP_VALID : 11 
#  Expected Result : RES:     4 , COUT: 0 , OFLOW: 0 , EGL: 000 , ERR: 0 
#  DUT Result	: RES:     4 , COUT: 0 , OFLOW: 0 , EGL: 000 , ERR: 0 
#  [PASS] Inputs: OPA: 181 , OPB: 255 , INP_VALID : 11 
#  Expected Result : RES:   106 , COUT: 0 , OFLOW: 0 , EGL: 000 , ERR: 0 
#  DUT Result	: RES:   106 , COUT: 0 , OFLOW: 0 , EGL: 000 , ERR: 0 
#  [PASS] Inputs: OPA:  51 , OPB:  65 , INP_VALID : 11 
#  Expected Result : RES:   102 , COUT: 0 , OFLOW: 0 , EGL: 000 , ERR: 0 
#  DUT Result	: RES:   102 , COUT: 0 , OFLOW: 0 , EGL: 000 , ERR: 0 
#  [PASS] Inputs: OPA: 135 , OPB: 242 , INP_VALID : 11 
#  Expected Result : RES:    14 , COUT: 0 , OFLOW: 0 , EGL: 000 , ERR: 0 
#  DUT Result	: RES:    14 , COUT: 0 , OFLOW: 0 , EGL: 000 , ERR: 0 
#  [PASS] Inputs: OPA: 174 , OPB: 235 , INP_VALID : 11 
#  Expected Result : RES:    92 , COUT: 0 , OFLOW: 0 , EGL: 000 , ERR: 0 
#  DUT Result	: RES:    92 , COUT: 0 , OFLOW: 0 , EGL: 000 , ERR: 0 
#  [PASS] Inputs: OPA: 219 , OPB: 153 , INP_VALID : 11 
#  Expected Result : RES:   182 , COUT: 0 , OFLOW: 0 , EGL: 000 , ERR: 0 
#  DUT Result	: RES:   182 , COUT: 0 , OFLOW: 0 , EGL: 000 , ERR: 0 
#  [PASS] Inputs: OPA: 240 , OPB: 113 , INP_VALID : 11 
#  Expected Result : RES:   224 , COUT: 0 , OFLOW: 0 , EGL: 000 , ERR: 0 
#  DUT Result	: RES:   224 , COUT: 0 , OFLOW: 0 , EGL: 000 , ERR: 0 
#  [PASS] Inputs: OPA: 152 , OPB: 215 , INP_VALID : 11 
#  Expected Result : RES:    48 , COUT: 0 , OFLOW: 0 , EGL: 000 , ERR: 0 
#  DUT Result	: RES:    48 , COUT: 0 , OFLOW: 0 , EGL: 000 , ERR: 0 
#  [PASS] Inputs: OPA:  22 , OPB: 219 , INP_VALID : 11 
#  Expected Result : RES:    44 , COUT: 0 , OFLOW: 0 , EGL: 000 , ERR: 0 
#  DUT Result	: RES:    44 , COUT: 0 , OFLOW: 0 , EGL: 000 , ERR: 0 
#  [PASS] Inputs: OPA:  48 , OPB:  94 , INP_VALID : 11 
#  Expected Result : RES:    96 , COUT: 0 , OFLOW: 0 , EGL: 000 , ERR: 0 
#  DUT Result	: RES:    96 , COUT: 0 , OFLOW: 0 , EGL: 000 , ERR: 0 
#  [PASS] Inputs: OPA: 174 , OPB:   6 , INP_VALID : 11 
#  Expected Result : RES:    92 , COUT: 0 , OFLOW: 0 , EGL: 000 , ERR: 0 
#  DUT Result	: RES:    92 , COUT: 0 , OFLOW: 0 , EGL: 000 , ERR: 0 
#  [PASS] Inputs: OPA:  50 , OPB:  95 , INP_VALID : 11 
#  Expected Result : RES:   100 , COUT: 0 , OFLOW: 0 , EGL: 000 , ERR: 0 
#  DUT Result	: RES:   100 , COUT: 0 , OFLOW: 0 , EGL: 000 , ERR: 0 
#  [PASS] Inputs: OPA: 244 , OPB: 135 , INP_VALID : 11 
#  Expected Result : RES:   232 , COUT: 0 , OFLOW: 0 , EGL: 000 , ERR: 0 
#  DUT Result	: RES:   232 , COUT: 0 , OFLOW: 0 , EGL: 000 , ERR: 0 
#  [PASS] Inputs: OPA:  96 , OPB:  35 , INP_VALID : 11 
#  Expected Result : RES:   192 , COUT: 0 , OFLOW: 0 , EGL: 000 , ERR: 0 
#  DUT Result	: RES:   192 , COUT: 0 , OFLOW: 0 , EGL: 000 , ERR: 0 
#  [PASS] Inputs: OPA:  68 , OPB: 117 , INP_VALID : 11 
#  Expected Result : RES:   136 , COUT: 0 , OFLOW: 0 , EGL: 000 , ERR: 0 
#  DUT Result	: RES:   136 , COUT: 0 , OFLOW: 0 , EGL: 000 , ERR: 0 
#  [PASS] Inputs: OPA:  40 , OPB:  21 , INP_VALID : 11 
#  Expected Result : RES:    80 , COUT: 0 , OFLOW: 0 , EGL: 000 , ERR: 0 
#  DUT Result	: RES:    80 , COUT: 0 , OFLOW: 0 , EGL: 000 , ERR: 0 
#  [PASS] Inputs: OPA:   0 , OPB: 244 , INP_VALID : 11 
#  Expected Result : RES:     0 , COUT: 0 , OFLOW: 0 , EGL: 000 , ERR: 0 
#  DUT Result	: RES:     0 , COUT: 0 , OFLOW: 0 , EGL: 000 , ERR: 0 
#  [PASS] Inputs: OPA: 185 , OPB: 254 , INP_VALID : 11 
#  Expected Result : RES:   114 , COUT: 0 , OFLOW: 0 , EGL: 000 , ERR: 0 
#  DUT Result	: RES:   114 , COUT: 0 , OFLOW: 0 , EGL: 000 , ERR: 0 
#  [PASS] Inputs: OPA: 182 , OPB: 105 , INP_VALID : 11 
#  Expected Result : RES:   108 , COUT: 0 , OFLOW: 0 , EGL: 000 , ERR: 0 
#  DUT Result	: RES:   108 , COUT: 0 , OFLOW: 0 , EGL: 000 , ERR: 0 
#  [PASS] Inputs: OPA:  31 , OPB: 212 , INP_VALID : 11 
#  Expected Result : RES:    62 , COUT: 0 , OFLOW: 0 , EGL: 000 , ERR: 0 
#  DUT Result	: RES:    62 , COUT: 0 , OFLOW: 0 , EGL: 000 , ERR: 0 
#  [PASS] Inputs: OPA: 193 , OPB:  88 , INP_VALID : 11 
#  Expected Result : RES:   130 , COUT: 0 , OFLOW: 0 , EGL: 000 , ERR: 0 
#  DUT Result	: RES:   130 , COUT: 0 , OFLOW: 0 , EGL: 000 , ERR: 0 
#  [PASS] Inputs: OPA: 202 , OPB:  85 , INP_VALID : 11 
#  Expected Result : RES:   148 , COUT: 0 , OFLOW: 0 , EGL: 000 , ERR: 0 
#  DUT Result	: RES:   148 , COUT: 0 , OFLOW: 0 , EGL: 000 , ERR: 0 
#  [PASS] Inputs: OPA: 238 , OPB:  50 , INP_VALID : 11 
#  Expected Result : RES:   220 , COUT: 0 , OFLOW: 0 , EGL: 000 , ERR: 0 
#  DUT Result	: RES:   220 , COUT: 0 , OFLOW: 0 , EGL: 000 , ERR: 0 
#  [PASS] Inputs: OPA: 133 , OPB: 127 , INP_VALID : 11 
#  Expected Result : RES:    10 , COUT: 0 , OFLOW: 0 , EGL: 000 , ERR: 0 
#  DUT Result	: RES:    10 , COUT: 0 , OFLOW: 0 , EGL: 000 , ERR: 0 
#  [PASS] Inputs: OPA: 184 , OPB:  94 , INP_VALID : 11 
#  Expected Result : RES:   112 , COUT: 0 , OFLOW: 0 , EGL: 000 , ERR: 0 
#  DUT Result	: RES:   112 , COUT: 0 , OFLOW: 0 , EGL: 000 , ERR: 0 
#  [PASS] Inputs: OPA: 237 , OPB: 219 , INP_VALID : 11 
#  Expected Result : RES:   218 , COUT: 0 , OFLOW: 0 , EGL: 000 , ERR: 0 
#  DUT Result	: RES:   218 , COUT: 0 , OFLOW: 0 , EGL: 000 , ERR: 0 
#  [PASS] Inputs: OPA:  60 , OPB: 163 , INP_VALID : 11 
#  Expected Result : RES:   120 , COUT: 0 , OFLOW: 0 , EGL: 000 , ERR: 0 
#  DUT Result	: RES:   120 , COUT: 0 , OFLOW: 0 , EGL: 000 , ERR: 0 
#  [PASS] Inputs: OPA:  23 , OPB:  74 , INP_VALID : 11 
#  Expected Result : RES:    46 , COUT: 0 , OFLOW: 0 , EGL: 000 , ERR: 0 
#  DUT Result	: RES:    46 , COUT: 0 , OFLOW: 0 , EGL: 000 , ERR: 0 
#  [PASS] Inputs: OPA:  19 , OPB: 158 , INP_VALID : 11 
#  Expected Result : RES:    38 , COUT: 0 , OFLOW: 0 , EGL: 000 , ERR: 0 
#  DUT Result	: RES:    38 , COUT: 0 , OFLOW: 0 , EGL: 000 , ERR: 0 
#  [PASS] Inputs: OPA: 198 , OPB:  50 , INP_VALID : 11 
#  Expected Result : RES:   140 , COUT: 0 , OFLOW: 0 , EGL: 000 , ERR: 0 
#  DUT Result	: RES:   140 , COUT: 0 , OFLOW: 0 , EGL: 000 , ERR: 0 
#  [PASS] Inputs: OPA: 154 , OPB: 212 , INP_VALID : 11 
#  Expected Result : RES:    52 , COUT: 0 , OFLOW: 0 , EGL: 000 , ERR: 0 
#  DUT Result	: RES:    52 , COUT: 0 , OFLOW: 0 , EGL: 000 , ERR: 0 
#  [PASS] Inputs: OPA: 135 , OPB:  49 , INP_VALID : 11 
#  Expected Result : RES:    14 , COUT: 0 , OFLOW: 0 , EGL: 000 , ERR: 0 
#  DUT Result	: RES:    14 , COUT: 0 , OFLOW: 0 , EGL: 000 , ERR: 0 
#  [PASS] Inputs: OPA: 199 , OPB: 122 , INP_VALID : 11 
#  Expected Result : RES:   142 , COUT: 0 , OFLOW: 0 , EGL: 000 , ERR: 0 
#  DUT Result	: RES:   142 , COUT: 0 , OFLOW: 0 , EGL: 000 , ERR: 0 
#  [PASS] Inputs: OPA: 253 , OPB: 137 , INP_VALID : 11 
#  Expected Result : RES:   250 , COUT: 0 , OFLOW: 0 , EGL: 000 , ERR: 0 
#  DUT Result	: RES:   250 , COUT: 0 , OFLOW: 0 , EGL: 000 , ERR: 0 
#  [PASS] Inputs: OPA:  73 , OPB: 153 , INP_VALID : 11 
#  Expected Result : RES:   146 , COUT: 0 , OFLOW: 0 , EGL: 000 , ERR: 0 
#  DUT Result	: RES:   146 , COUT: 0 , OFLOW: 0 , EGL: 000 , ERR: 0 
#  [PASS] Inputs: OPA: 110 , OPB: 139 , INP_VALID : 11 
#  Expected Result : RES:   220 , COUT: 0 , OFLOW: 0 , EGL: 000 , ERR: 0 
#  DUT Result	: RES:   220 , COUT: 0 , OFLOW: 0 , EGL: 000 , ERR: 0 
#  [PASS] Inputs: OPA:  79 , OPB: 251 , INP_VALID : 11 
#  Expected Result : RES:   158 , COUT: 0 , OFLOW: 0 , EGL: 000 , ERR: 0 
#  DUT Result	: RES:   158 , COUT: 0 , OFLOW: 0 , EGL: 000 , ERR: 0 
#  [PASS] Inputs: OPA:  58 , OPB: 243 , INP_VALID : 11 
#  Expected Result : RES:   116 , COUT: 0 , OFLOW: 0 , EGL: 000 , ERR: 0 
#  DUT Result	: RES:   116 , COUT: 0 , OFLOW: 0 , EGL: 000 , ERR: 0 
#  [PASS] Inputs: OPA: 193 , OPB:  57 , INP_VALID : 11 
#  Expected Result : RES:   130 , COUT: 0 , OFLOW: 0 , EGL: 000 , ERR: 0 
#  DUT Result	: RES:   130 , COUT: 0 , OFLOW: 0 , EGL: 000 , ERR: 0 
#  [PASS] Inputs: OPA:  62 , OPB:  89 , INP_VALID : 11 
#  Expected Result : RES:   124 , COUT: 0 , OFLOW: 0 , EGL: 000 , ERR: 0 
#  DUT Result	: RES:   124 , COUT: 0 , OFLOW: 0 , EGL: 000 , ERR: 0 
#  [PASS] Inputs: OPA: 208 , OPB: 227 , INP_VALID : 11 
#  Expected Result : RES:   160 , COUT: 0 , OFLOW: 0 , EGL: 000 , ERR: 0 
#  DUT Result	: RES:   160 , COUT: 0 , OFLOW: 0 , EGL: 000 , ERR: 0 
#  [PASS] Inputs: OPA: 175 , OPB: 200 , INP_VALID : 11 
#  Expected Result : RES:    94 , COUT: 0 , OFLOW: 0 , EGL: 000 , ERR: 0 
#  DUT Result	: RES:    94 , COUT: 0 , OFLOW: 0 , EGL: 000 , ERR: 0 
#  [PASS] Inputs: OPA: 131 , OPB:  37 , INP_VALID : 11 
#  Expected Result : RES:     6 , COUT: 0 , OFLOW: 0 , EGL: 000 , ERR: 0 
#  DUT Result	: RES:     6 , COUT: 0 , OFLOW: 0 , EGL: 000 , ERR: 0 
#  [PASS] Inputs: OPA:  81 , OPB:  72 , INP_VALID : 11 
#  Expected Result : RES:   162 , COUT: 0 , OFLOW: 0 , EGL: 000 , ERR: 0 
#  DUT Result	: RES:   162 , COUT: 0 , OFLOW: 0 , EGL: 000 , ERR: 0 
#  [PASS] Inputs: OPA: 254 , OPB: 148 , INP_VALID : 11 
#  Expected Result : RES:   252 , COUT: 0 , OFLOW: 0 , EGL: 000 , ERR: 0 
#  DUT Result	: RES:   252 , COUT: 0 , OFLOW: 0 , EGL: 000 , ERR: 0 
#  [PASS] Inputs: OPA:  50 , OPB: 207 , INP_VALID : 11 
#  Expected Result : RES:   100 , COUT: 0 , OFLOW: 0 , EGL: 000 , ERR: 0 
#  DUT Result	: RES:   100 , COUT: 0 , OFLOW: 0 , EGL: 000 , ERR: 0 
#  [PASS] Inputs: OPA: 219 , OPB:  52 , INP_VALID : 11 
#  Expected Result : RES:   182 , COUT: 0 , OFLOW: 0 , EGL: 000 , ERR: 0 
#  DUT Result	: RES:   182 , COUT: 0 , OFLOW: 0 , EGL: 000 , ERR: 0 
#  [PASS] Inputs: OPA: 184 , OPB: 247 , INP_VALID : 11 
#  Expected Result : RES:   112 , COUT: 0 , OFLOW: 0 , EGL: 000 , ERR: 0 
#  DUT Result	: RES:   112 , COUT: 0 , OFLOW: 0 , EGL: 000 , ERR: 0 
#  [PASS] Inputs: OPA: 119 , OPB: 251 , INP_VALID : 11 
#  Expected Result : RES:   238 , COUT: 0 , OFLOW: 0 , EGL: 000 , ERR: 0 
#  DUT Result	: RES:   238 , COUT: 0 , OFLOW: 0 , EGL: 000 , ERR: 0 
#  [PASS] Inputs: OPA:  57 , OPB: 129 , INP_VALID : 11 
#  Expected Result : RES:   114 , COUT: 0 , OFLOW: 0 , EGL: 000 , ERR: 0 
#  DUT Result	: RES:   114 , COUT: 0 , OFLOW: 0 , EGL: 000 , ERR: 0 
#  [PASS] Inputs: OPA:  10 , OPB:  69 , INP_VALID : 11 
#  Expected Result : RES:    20 , COUT: 0 , OFLOW: 0 , EGL: 000 , ERR: 0 
#  DUT Result	: RES:    20 , COUT: 0 , OFLOW: 0 , EGL: 000 , ERR: 0 
#  [PASS] Inputs: OPA:   4 , OPB: 134 , INP_VALID : 11 
#  Expected Result : RES:     8 , COUT: 0 , OFLOW: 0 , EGL: 000 , ERR: 0 
#  DUT Result	: RES:     8 , COUT: 0 , OFLOW: 0 , EGL: 000 , ERR: 0 
#  [PASS] Inputs: OPA: 229 , OPB:  26 , INP_VALID : 11 
#  Expected Result : RES:   202 , COUT: 0 , OFLOW: 0 , EGL: 000 , ERR: 0 
#  DUT Result	: RES:   202 , COUT: 0 , OFLOW: 0 , EGL: 000 , ERR: 0 
#  [PASS] Inputs: OPA: 174 , OPB:  40 , INP_VALID : 11 
#  Expected Result : RES:    92 , COUT: 0 , OFLOW: 0 , EGL: 000 , ERR: 0 
#  DUT Result	: RES:    92 , COUT: 0 , OFLOW: 0 , EGL: 000 , ERR: 0 
#  [PASS] Inputs: OPA: 242 , OPB: 163 , INP_VALID : 11 
#  Expected Result : RES:   228 , COUT: 0 , OFLOW: 0 , EGL: 000 , ERR: 0 
#  DUT Result	: RES:   228 , COUT: 0 , OFLOW: 0 , EGL: 000 , ERR: 0 
#  [PASS] Inputs: OPA: 161 , OPB: 250 , INP_VALID : 11 
#  Expected Result : RES:    66 , COUT: 0 , OFLOW: 0 , EGL: 000 , ERR: 0 
#  DUT Result	: RES:    66 , COUT: 0 , OFLOW: 0 , EGL: 000 , ERR: 0 
#  [PASS] Inputs: OPA: 173 , OPB: 105 , INP_VALID : 11 
#  Expected Result : RES:    90 , COUT: 0 , OFLOW: 0 , EGL: 000 , ERR: 0 
#  DUT Result	: RES:    90 , COUT: 0 , OFLOW: 0 , EGL: 000 , ERR: 0 
#  [PASS] Inputs: OPA: 255 , OPB:  33 , INP_VALID : 11 
#  Expected Result : RES:   254 , COUT: 0 , OFLOW: 0 , EGL: 000 , ERR: 0 
#  DUT Result	: RES:   254 , COUT: 0 , OFLOW: 0 , EGL: 000 , ERR: 0 
#  [PASS] Inputs: OPA: 188 , OPB:  40 , INP_VALID : 11 
#  Expected Result : RES:   120 , COUT: 0 , OFLOW: 0 , EGL: 000 , ERR: 0 
#  DUT Result	: RES:   120 , COUT: 0 , OFLOW: 0 , EGL: 000 , ERR: 0 
#  [PASS] Inputs: OPA: 240 , OPB: 113 , INP_VALID : 11 
#  Expected Result : RES:   224 , COUT: 0 , OFLOW: 0 , EGL: 000 , ERR: 0 
#  DUT Result	: RES:   224 , COUT: 0 , OFLOW: 0 , EGL: 000 , ERR: 0 
#  [PASS] Inputs: OPA: 122 , OPB: 172 , INP_VALID : 11 
#  Expected Result : RES:   244 , COUT: 0 , OFLOW: 0 , EGL: 000 , ERR: 0 
#  DUT Result	: RES:   244 , COUT: 0 , OFLOW: 0 , EGL: 000 , ERR: 0 
#  [PASS] Inputs: OPA:  76 , OPB:  17 , INP_VALID : 11 
#  Expected Result : RES:   152 , COUT: 0 , OFLOW: 0 , EGL: 000 , ERR: 0 
#  DUT Result	: RES:   152 , COUT: 0 , OFLOW: 0 , EGL: 000 , ERR: 0 
#  [PASS] Inputs: OPA: 144 , OPB: 113 , INP_VALID : 11 
#  Expected Result : RES:    32 , COUT: 0 , OFLOW: 0 , EGL: 000 , ERR: 0 
#  DUT Result	: RES:    32 , COUT: 0 , OFLOW: 0 , EGL: 000 , ERR: 0 
#  [PASS] Inputs: OPA: 205 , OPB: 197 , INP_VALID : 11 
#  Expected Result : RES:   154 , COUT: 0 , OFLOW: 0 , EGL: 000 , ERR: 0 
#  DUT Result	: RES:   154 , COUT: 0 , OFLOW: 0 , EGL: 000 , ERR: 0 
#  [PASS] Inputs: OPA:  88 , OPB: 103 , INP_VALID : 11 
#  Expected Result : RES:   176 , COUT: 0 , OFLOW: 0 , EGL: 000 , ERR: 0 
#  DUT Result	: RES:   176 , COUT: 0 , OFLOW: 0 , EGL: 000 , ERR: 0 
#  [PASS] Inputs: OPA:  45 , OPB:  76 , INP_VALID : 11 
#  Expected Result : RES:    90 , COUT: 0 , OFLOW: 0 , EGL: 000 , ERR: 0 
#  DUT Result	: RES:    90 , COUT: 0 , OFLOW: 0 , EGL: 000 , ERR: 0 
#  [PASS] Inputs: OPA: 213 , OPB:  28 , INP_VALID : 11 
#  Expected Result : RES:   170 , COUT: 0 , OFLOW: 0 , EGL: 000 , ERR: 0 
#  DUT Result	: RES:   170 , COUT: 0 , OFLOW: 0 , EGL: 000 , ERR: 0 
#  [PASS] Inputs: OPA: 157 , OPB: 140 , INP_VALID : 11 
#  Expected Result : RES:    58 , COUT: 0 , OFLOW: 0 , EGL: 000 , ERR: 0 
#  DUT Result	: RES:    58 , COUT: 0 , OFLOW: 0 , EGL: 000 , ERR: 0 
#  [PASS] Inputs: OPA: 195 , OPB: 157 , INP_VALID : 11 
#  Expected Result : RES:   134 , COUT: 0 , OFLOW: 0 , EGL: 000 , ERR: 0 
#  DUT Result	: RES:   134 , COUT: 0 , OFLOW: 0 , EGL: 000 , ERR: 0 
#  [PASS] Inputs: OPA: 217 , OPB:  55 , INP_VALID : 11 
#  Expected Result : RES:   178 , COUT: 0 , OFLOW: 0 , EGL: 000 , ERR: 0 
#  DUT Result	: RES:   178 , COUT: 0 , OFLOW: 0 , EGL: 000 , ERR: 0 
#  [PASS] Inputs: OPA:  18 , OPB: 112 , INP_VALID : 11 
#  Expected Result : RES:    36 , COUT: 0 , OFLOW: 0 , EGL: 000 , ERR: 0 
#  DUT Result	: RES:    36 , COUT: 0 , OFLOW: 0 , EGL: 000 , ERR: 0 
#  [PASS] Inputs: OPA: 156 , OPB:  16 , INP_VALID : 11 
#  Expected Result : RES:    56 , COUT: 0 , OFLOW: 0 , EGL: 000 , ERR: 0 
#  DUT Result	: RES:    56 , COUT: 0 , OFLOW: 0 , EGL: 000 , ERR: 0 
#  [PASS] Inputs: OPA:  89 , OPB: 250 , INP_VALID : 11 
#  Expected Result : RES:   178 , COUT: 0 , OFLOW: 0 , EGL: 000 , ERR: 0 
#  DUT Result	: RES:   178 , COUT: 0 , OFLOW: 0 , EGL: 000 , ERR: 0 
#  [PASS] Inputs: OPA:  58 , OPB: 249 , INP_VALID : 11 
#  Expected Result : RES:   116 , COUT: 0 , OFLOW: 0 , EGL: 000 , ERR: 0 
#  DUT Result	: RES:   116 , COUT: 0 , OFLOW: 0 , EGL: 000 , ERR: 0 
#  [PASS] Inputs: OPA: 238 , OPB:  89 , INP_VALID : 11 
#  Expected Result : RES:   220 , COUT: 0 , OFLOW: 0 , EGL: 000 , ERR: 0 
#  DUT Result	: RES:   220 , COUT: 0 , OFLOW: 0 , EGL: 000 , ERR: 0 
#  [PASS] Inputs: OPA: 131 , OPB:  65 , INP_VALID : 11 
#  Expected Result : RES:     6 , COUT: 0 , OFLOW: 0 , EGL: 000 , ERR: 0 
#  DUT Result	: RES:     6 , COUT: 0 , OFLOW: 0 , EGL: 000 , ERR: 0 
#  [PASS] Inputs: OPA: 138 , OPB:  26 , INP_VALID : 11 
#  Expected Result : RES:    20 , COUT: 0 , OFLOW: 0 , EGL: 000 , ERR: 0 
#  DUT Result	: RES:    20 , COUT: 0 , OFLOW: 0 , EGL: 000 , ERR: 0 
#  [PASS] Inputs: OPA: 186 , OPB:  43 , INP_VALID : 11 
#  Expected Result : RES:   116 , COUT: 0 , OFLOW: 0 , EGL: 000 , ERR: 0 
#  DUT Result	: RES:   116 , COUT: 0 , OFLOW: 0 , EGL: 000 , ERR: 0 
#  [PASS] Inputs: OPA:  88 , OPB:  27 , INP_VALID : 11 
#  Expected Result : RES:   176 , COUT: 0 , OFLOW: 0 , EGL: 000 , ERR: 0 
#  DUT Result	: RES:   176 , COUT: 0 , OFLOW: 0 , EGL: 000 , ERR: 0 
#  [PASS] Inputs: OPA:  60 , OPB:  38 , INP_VALID : 11 
#  Expected Result : RES:   120 , COUT: 0 , OFLOW: 0 , EGL: 000 , ERR: 0 
#  DUT Result	: RES:   120 , COUT: 0 , OFLOW: 0 , EGL: 000 , ERR: 0 
#  [PASS] Inputs: OPA: 251 , OPB:   9 , INP_VALID : 11 
#  Expected Result : RES:   246 , COUT: 0 , OFLOW: 0 , EGL: 000 , ERR: 0 
#  DUT Result	: RES:   246 , COUT: 0 , OFLOW: 0 , EGL: 000 , ERR: 0 
#  [PASS] Inputs: OPA:  63 , OPB: 236 , INP_VALID : 11 
#  Expected Result : RES:   126 , COUT: 0 , OFLOW: 0 , EGL: 000 , ERR: 0 
#  DUT Result	: RES:   126 , COUT: 0 , OFLOW: 0 , EGL: 000 , ERR: 0 
#  [PASS] Inputs: OPA:  98 , OPB: 175 , INP_VALID : 11 
#  Expected Result : RES:   196 , COUT: 0 , OFLOW: 0 , EGL: 000 , ERR: 0 
#  DUT Result	: RES:   196 , COUT: 0 , OFLOW: 0 , EGL: 000 , ERR: 0 
#  [PASS] Inputs: OPA: 193 , OPB: 215 , INP_VALID : 11 
#  Expected Result : RES:   130 , COUT: 0 , OFLOW: 0 , EGL: 000 , ERR: 0 
#  DUT Result	: RES:   130 , COUT: 0 , OFLOW: 0 , EGL: 000 , ERR: 0 
#  [PASS] Inputs: OPA: 250 , OPB: 175 , INP_VALID : 11 
#  Expected Result : RES:   244 , COUT: 0 , OFLOW: 0 , EGL: 000 , ERR: 0 
#  DUT Result	: RES:   244 , COUT: 0 , OFLOW: 0 , EGL: 000 , ERR: 0 
#  [PASS] Inputs: OPA:  60 , OPB:  10 , INP_VALID : 11 
#  Expected Result : RES:   120 , COUT: 0 , OFLOW: 0 , EGL: 000 , ERR: 0 
#  DUT Result	: RES:   120 , COUT: 0 , OFLOW: 0 , EGL: 000 , ERR: 0 
#  [PASS] Inputs: OPA: 215 , OPB:  43 , INP_VALID : 11 
#  Expected Result : RES:   174 , COUT: 0 , OFLOW: 0 , EGL: 000 , ERR: 0 
#  DUT Result	: RES:   174 , COUT: 0 , OFLOW: 0 , EGL: 000 , ERR: 0 
#  [PASS] Inputs: OPA: 211 , OPB: 138 , INP_VALID : 11 
#  Expected Result : RES:   166 , COUT: 0 , OFLOW: 0 , EGL: 000 , ERR: 0 
#  DUT Result	: RES:   166 , COUT: 0 , OFLOW: 0 , EGL: 000 , ERR: 0 
#  [PASS] Inputs: OPA: 183 , OPB:  77 , INP_VALID : 11 
#  Expected Result : RES:    38 , COUT: 0 , OFLOW: 0 , EGL: 000 , ERR: 0 
#  DUT Result	: RES:    38 , COUT: 0 , OFLOW: 0 , EGL: 000 , ERR: 0 
#  [PASS] Inputs: OPA:  56 , OPB: 144 , INP_VALID : 11 
#  Expected Result : RES:    72 , COUT: 0 , OFLOW: 0 , EGL: 000 , ERR: 0 
#  DUT Result	: RES:    72 , COUT: 0 , OFLOW: 0 , EGL: 000 , ERR: 0 
#  [PASS] Inputs: OPA:  13 , OPB:  21 , INP_VALID : 11 
#  Expected Result : RES:    10 , COUT: 0 , OFLOW: 0 , EGL: 000 , ERR: 0 
#  DUT Result	: RES:    10 , COUT: 0 , OFLOW: 0 , EGL: 000 , ERR: 0 
#  [PASS] Inputs: OPA: 178 , OPB: 187 , INP_VALID : 11 
#  Expected Result : RES:    93 , COUT: 0 , OFLOW: 0 , EGL: 000 , ERR: 0 
#  DUT Result	: RES:    93 , COUT: 0 , OFLOW: 0 , EGL: 000 , ERR: 0 
#  [PASS] Inputs: OPA: 149 , OPB: 170 , INP_VALID : 11 
#  Expected Result : RES:    85 , COUT: 0 , OFLOW: 0 , EGL: 000 , ERR: 0 
#  DUT Result	: RES:    85 , COUT: 0 , OFLOW: 0 , EGL: 000 , ERR: 0 
#  [PASS] Inputs: OPA: 192 , OPB: 135 , INP_VALID : 11 
#  Expected Result : RES:    67 , COUT: 0 , OFLOW: 0 , EGL: 000 , ERR: 0 
#  DUT Result	: RES:    67 , COUT: 0 , OFLOW: 0 , EGL: 000 , ERR: 0 
#  [PASS] Inputs: OPA:   8 , OPB:  28 , INP_VALID : 11 
#  Expected Result : RES:    14 , COUT: 0 , OFLOW: 0 , EGL: 000 , ERR: 0 
#  DUT Result	: RES:    14 , COUT: 0 , OFLOW: 0 , EGL: 000 , ERR: 0 
#  [PASS] Inputs: OPA: 126 , OPB: 244 , INP_VALID : 11 
#  Expected Result : RES:   122 , COUT: 0 , OFLOW: 0 , EGL: 000 , ERR: 0 
#  DUT Result	: RES:   122 , COUT: 0 , OFLOW: 0 , EGL: 000 , ERR: 0 
#  [PASS] Inputs: OPA:  93 , OPB:  42 , INP_VALID : 11 
#  Expected Result : RES:    21 , COUT: 0 , OFLOW: 0 , EGL: 000 , ERR: 0 
#  DUT Result	: RES:    21 , COUT: 0 , OFLOW: 0 , EGL: 000 , ERR: 0 
#  [PASS] Inputs: OPA:  31 , OPB:  42 , INP_VALID : 11 
#  Expected Result : RES:    21 , COUT: 0 , OFLOW: 0 , EGL: 000 , ERR: 0 
#  DUT Result	: RES:    21 , COUT: 0 , OFLOW: 0 , EGL: 000 , ERR: 0 
#  [PASS] Inputs: OPA: 106 , OPB:  16 , INP_VALID : 11 
#  Expected Result : RES:     8 , COUT: 0 , OFLOW: 0 , EGL: 000 , ERR: 0 
#  DUT Result	: RES:     8 , COUT: 0 , OFLOW: 0 , EGL: 000 , ERR: 0 
#  [PASS] Inputs: OPA:  98 , OPB:  57 , INP_VALID : 11 
#  Expected Result : RES:    28 , COUT: 0 , OFLOW: 0 , EGL: 000 , ERR: 0 
#  DUT Result	: RES:    28 , COUT: 0 , OFLOW: 0 , EGL: 000 , ERR: 0 
#  [PASS] Inputs: OPA: 142 , OPB:  97 , INP_VALID : 11 
#  Expected Result : RES:    48 , COUT: 0 , OFLOW: 0 , EGL: 000 , ERR: 0 
#  DUT Result	: RES:    48 , COUT: 0 , OFLOW: 0 , EGL: 000 , ERR: 0 
#  [PASS] Inputs: OPA: 201 , OPB:  84 , INP_VALID : 11 
#  Expected Result : RES:    42 , COUT: 0 , OFLOW: 0 , EGL: 000 , ERR: 0 
#  DUT Result	: RES:    42 , COUT: 0 , OFLOW: 0 , EGL: 000 , ERR: 0 
#  [PASS] Inputs: OPA:  59 , OPB: 132 , INP_VALID : 11 
#  Expected Result : RES:    66 , COUT: 0 , OFLOW: 0 , EGL: 000 , ERR: 0 
#  DUT Result	: RES:    66 , COUT: 0 , OFLOW: 0 , EGL: 000 , ERR: 0 
#  [PASS] Inputs: OPA:  60 , OPB: 179 , INP_VALID : 11 
#  Expected Result : RES:    89 , COUT: 0 , OFLOW: 0 , EGL: 000 , ERR: 0 
#  DUT Result	: RES:    89 , COUT: 0 , OFLOW: 0 , EGL: 000 , ERR: 0 
#  [PASS] Inputs: OPA: 161 , OPB:  98 , INP_VALID : 11 
#  Expected Result : RES:    49 , COUT: 0 , OFLOW: 0 , EGL: 000 , ERR: 0 
#  DUT Result	: RES:    49 , COUT: 0 , OFLOW: 0 , EGL: 000 , ERR: 0 
#  [PASS] Inputs: OPA: 232 , OPB: 122 , INP_VALID : 11 
#  Expected Result : RES:    61 , COUT: 0 , OFLOW: 0 , EGL: 000 , ERR: 0 
#  DUT Result	: RES:    61 , COUT: 0 , OFLOW: 0 , EGL: 000 , ERR: 0 
#  [PASS] Inputs: OPA:  26 , OPB:   7 , INP_VALID : 11 
#  Expected Result : RES:     3 , COUT: 0 , OFLOW: 0 , EGL: 000 , ERR: 0 
#  DUT Result	: RES:     3 , COUT: 0 , OFLOW: 0 , EGL: 000 , ERR: 0 
#  [PASS] Inputs: OPA: 226 , OPB: 135 , INP_VALID : 11 
#  Expected Result : RES:    67 , COUT: 0 , OFLOW: 0 , EGL: 000 , ERR: 0 
#  DUT Result	: RES:    67 , COUT: 0 , OFLOW: 0 , EGL: 000 , ERR: 0 
#  [PASS] Inputs: OPA: 130 , OPB:  88 , INP_VALID : 11 
#  Expected Result : RES:    44 , COUT: 0 , OFLOW: 0 , EGL: 000 , ERR: 0 
#  DUT Result	: RES:    44 , COUT: 0 , OFLOW: 0 , EGL: 000 , ERR: 0 
#  [PASS] Inputs: OPA: 229 , OPB: 235 , INP_VALID : 11 
#  Expected Result : RES:   117 , COUT: 0 , OFLOW: 0 , EGL: 000 , ERR: 0 
#  DUT Result	: RES:   117 , COUT: 0 , OFLOW: 0 , EGL: 000 , ERR: 0 
#  [PASS] Inputs: OPA: 201 , OPB:  84 , INP_VALID : 11 
#  Expected Result : RES:    42 , COUT: 0 , OFLOW: 0 , EGL: 000 , ERR: 0 
#  DUT Result	: RES:    42 , COUT: 0 , OFLOW: 0 , EGL: 000 , ERR: 0 
#  [PASS] Inputs: OPA: 174 , OPB: 115 , INP_VALID : 11 
#  Expected Result : RES:    57 , COUT: 0 , OFLOW: 0 , EGL: 000 , ERR: 0 
#  DUT Result	: RES:    57 , COUT: 0 , OFLOW: 0 , EGL: 000 , ERR: 0 
#  [PASS] Inputs: OPA:   2 , OPB: 172 , INP_VALID : 11 
#  Expected Result : RES:    86 , COUT: 0 , OFLOW: 0 , EGL: 000 , ERR: 0 
#  DUT Result	: RES:    86 , COUT: 0 , OFLOW: 0 , EGL: 000 , ERR: 0 
#  [PASS] Inputs: OPA:  97 , OPB: 173 , INP_VALID : 11 
#  Expected Result : RES:    86 , COUT: 0 , OFLOW: 0 , EGL: 000 , ERR: 0 
#  DUT Result	: RES:    86 , COUT: 0 , OFLOW: 0 , EGL: 000 , ERR: 0 
#  [PASS] Inputs: OPA: 191 , OPB: 108 , INP_VALID : 11 
#  Expected Result : RES:    54 , COUT: 0 , OFLOW: 0 , EGL: 000 , ERR: 0 
#  DUT Result	: RES:    54 , COUT: 0 , OFLOW: 0 , EGL: 000 , ERR: 0 
#  [PASS] Inputs: OPA: 126 , OPB:  56 , INP_VALID : 11 
#  Expected Result : RES:    28 , COUT: 0 , OFLOW: 0 , EGL: 000 , ERR: 0 
#  DUT Result	: RES:    28 , COUT: 0 , OFLOW: 0 , EGL: 000 , ERR: 0 
#  [PASS] Inputs: OPA: 146 , OPB:  69 , INP_VALID : 11 
#  Expected Result : RES:    34 , COUT: 0 , OFLOW: 0 , EGL: 000 , ERR: 0 
#  DUT Result	: RES:    34 , COUT: 0 , OFLOW: 0 , EGL: 000 , ERR: 0 
#  [PASS] Inputs: OPA: 128 , OPB: 180 , INP_VALID : 11 
#  Expected Result : RES:    90 , COUT: 0 , OFLOW: 0 , EGL: 000 , ERR: 0 
#  DUT Result	: RES:    90 , COUT: 0 , OFLOW: 0 , EGL: 000 , ERR: 0 
#  [PASS] Inputs: OPA: 161 , OPB: 244 , INP_VALID : 11 
#  Expected Result : RES:   122 , COUT: 0 , OFLOW: 0 , EGL: 000 , ERR: 0 
#  DUT Result	: RES:   122 , COUT: 0 , OFLOW: 0 , EGL: 000 , ERR: 0 
#  [PASS] Inputs: OPA: 193 , OPB:  85 , INP_VALID : 11 
#  Expected Result : RES:    42 , COUT: 0 , OFLOW: 0 , EGL: 000 , ERR: 0 
#  DUT Result	: RES:    42 , COUT: 0 , OFLOW: 0 , EGL: 000 , ERR: 0 
#  [PASS] Inputs: OPA:  15 , OPB:  38 , INP_VALID : 11 
#  Expected Result : RES:    19 , COUT: 0 , OFLOW: 0 , EGL: 000 , ERR: 0 
#  DUT Result	: RES:    19 , COUT: 0 , OFLOW: 0 , EGL: 000 , ERR: 0 
#  [PASS] Inputs: OPA: 239 , OPB: 187 , INP_VALID : 11 
#  Expected Result : RES:    93 , COUT: 0 , OFLOW: 0 , EGL: 000 , ERR: 0 
#  DUT Result	: RES:    93 , COUT: 0 , OFLOW: 0 , EGL: 000 , ERR: 0 
#  [PASS] Inputs: OPA:  68 , OPB: 203 , INP_VALID : 11 
#  Expected Result : RES:   101 , COUT: 0 , OFLOW: 0 , EGL: 000 , ERR: 0 
#  DUT Result	: RES:   101 , COUT: 0 , OFLOW: 0 , EGL: 000 , ERR: 0 
#  [PASS] Inputs: OPA: 210 , OPB:  17 , INP_VALID : 11 
#  Expected Result : RES:     8 , COUT: 0 , OFLOW: 0 , EGL: 000 , ERR: 0 
#  DUT Result	: RES:     8 , COUT: 0 , OFLOW: 0 , EGL: 000 , ERR: 0 
#  [PASS] Inputs: OPA: 218 , OPB: 245 , INP_VALID : 11 
#  Expected Result : RES:   122 , COUT: 0 , OFLOW: 0 , EGL: 000 , ERR: 0 
#  DUT Result	: RES:   122 , COUT: 0 , OFLOW: 0 , EGL: 000 , ERR: 0 
#  [PASS] Inputs: OPA: 141 , OPB: 147 , INP_VALID : 11 
#  Expected Result : RES:    73 , COUT: 0 , OFLOW: 0 , EGL: 000 , ERR: 0 
#  DUT Result	: RES:    73 , COUT: 0 , OFLOW: 0 , EGL: 000 , ERR: 0 
#  [PASS] Inputs: OPA:  60 , OPB:  61 , INP_VALID : 11 
#  Expected Result : RES:    30 , COUT: 0 , OFLOW: 0 , EGL: 000 , ERR: 0 
#  DUT Result	: RES:    30 , COUT: 0 , OFLOW: 0 , EGL: 000 , ERR: 0 
#  [PASS] Inputs: OPA:  46 , OPB: 119 , INP_VALID : 11 
#  Expected Result : RES:    59 , COUT: 0 , OFLOW: 0 , EGL: 000 , ERR: 0 
#  DUT Result	: RES:    59 , COUT: 0 , OFLOW: 0 , EGL: 000 , ERR: 0 
#  [PASS] Inputs: OPA:  24 , OPB: 173 , INP_VALID : 11 
#  Expected Result : RES:    86 , COUT: 0 , OFLOW: 0 , EGL: 000 , ERR: 0 
#  DUT Result	: RES:    86 , COUT: 0 , OFLOW: 0 , EGL: 000 , ERR: 0 
#  [PASS] Inputs: OPA:  37 , OPB:  30 , INP_VALID : 11 
#  Expected Result : RES:    15 , COUT: 0 , OFLOW: 0 , EGL: 000 , ERR: 0 
#  DUT Result	: RES:    15 , COUT: 0 , OFLOW: 0 , EGL: 000 , ERR: 0 
#  [PASS] Inputs: OPA: 117 , OPB: 180 , INP_VALID : 11 
#  Expected Result : RES:    90 , COUT: 0 , OFLOW: 0 , EGL: 000 , ERR: 0 
#  DUT Result	: RES:    90 , COUT: 0 , OFLOW: 0 , EGL: 000 , ERR: 0 
#  [PASS] Inputs: OPA: 191 , OPB:  49 , INP_VALID : 11 
#  Expected Result : RES:    24 , COUT: 0 , OFLOW: 0 , EGL: 000 , ERR: 0 
#  DUT Result	: RES:    24 , COUT: 0 , OFLOW: 0 , EGL: 000 , ERR: 0 
#  [PASS] Inputs: OPA:  76 , OPB:  18 , INP_VALID : 11 
#  Expected Result : RES:     9 , COUT: 0 , OFLOW: 0 , EGL: 000 , ERR: 0 
#  DUT Result	: RES:     9 , COUT: 0 , OFLOW: 0 , EGL: 000 , ERR: 0 
#  [PASS] Inputs: OPA:  19 , OPB: 207 , INP_VALID : 11 
#  Expected Result : RES:   103 , COUT: 0 , OFLOW: 0 , EGL: 000 , ERR: 0 
#  DUT Result	: RES:   103 , COUT: 0 , OFLOW: 0 , EGL: 000 , ERR: 0 
#  [PASS] Inputs: OPA: 237 , OPB:  91 , INP_VALID : 11 
#  Expected Result : RES:    45 , COUT: 0 , OFLOW: 0 , EGL: 000 , ERR: 0 
#  DUT Result	: RES:    45 , COUT: 0 , OFLOW: 0 , EGL: 000 , ERR: 0 
#  [PASS] Inputs: OPA: 225 , OPB: 212 , INP_VALID : 11 
#  Expected Result : RES:   106 , COUT: 0 , OFLOW: 0 , EGL: 000 , ERR: 0 
#  DUT Result	: RES:   106 , COUT: 0 , OFLOW: 0 , EGL: 000 , ERR: 0 
#  [PASS] Inputs: OPA:  47 , OPB:  17 , INP_VALID : 11 
#  Expected Result : RES:     8 , COUT: 0 , OFLOW: 0 , EGL: 000 , ERR: 0 
#  DUT Result	: RES:     8 , COUT: 0 , OFLOW: 0 , EGL: 000 , ERR: 0 
#  [PASS] Inputs: OPA:  74 , OPB: 234 , INP_VALID : 11 
#  Expected Result : RES:   117 , COUT: 0 , OFLOW: 0 , EGL: 000 , ERR: 0 
#  DUT Result	: RES:   117 , COUT: 0 , OFLOW: 0 , EGL: 000 , ERR: 0 
#  [PASS] Inputs: OPA:   8 , OPB: 140 , INP_VALID : 11 
#  Expected Result : RES:    70 , COUT: 0 , OFLOW: 0 , EGL: 000 , ERR: 0 
#  DUT Result	: RES:    70 , COUT: 0 , OFLOW: 0 , EGL: 000 , ERR: 0 
#  [PASS] Inputs: OPA:  63 , OPB: 172 , INP_VALID : 11 
#  Expected Result : RES:    86 , COUT: 0 , OFLOW: 0 , EGL: 000 , ERR: 0 
#  DUT Result	: RES:    86 , COUT: 0 , OFLOW: 0 , EGL: 000 , ERR: 0 
#  [PASS] Inputs: OPA: 232 , OPB: 197 , INP_VALID : 11 
#  Expected Result : RES:    98 , COUT: 0 , OFLOW: 0 , EGL: 000 , ERR: 0 
#  DUT Result	: RES:    98 , COUT: 0 , OFLOW: 0 , EGL: 000 , ERR: 0 
#  [PASS] Inputs: OPA: 156 , OPB:  88 , INP_VALID : 11 
#  Expected Result : RES:    44 , COUT: 0 , OFLOW: 0 , EGL: 000 , ERR: 0 
#  DUT Result	: RES:    44 , COUT: 0 , OFLOW: 0 , EGL: 000 , ERR: 0 
#  [PASS] Inputs: OPA: 148 , OPB: 133 , INP_VALID : 11 
#  Expected Result : RES:    66 , COUT: 0 , OFLOW: 0 , EGL: 000 , ERR: 0 
#  DUT Result	: RES:    66 , COUT: 0 , OFLOW: 0 , EGL: 000 , ERR: 0 
#  [PASS] Inputs: OPA:  63 , OPB: 130 , INP_VALID : 11 
#  Expected Result : RES:    65 , COUT: 0 , OFLOW: 0 , EGL: 000 , ERR: 0 
#  DUT Result	: RES:    65 , COUT: 0 , OFLOW: 0 , EGL: 000 , ERR: 0 
#  [PASS] Inputs: OPA: 151 , OPB:  41 , INP_VALID : 11 
#  Expected Result : RES:    20 , COUT: 0 , OFLOW: 0 , EGL: 000 , ERR: 0 
#  DUT Result	: RES:    20 , COUT: 0 , OFLOW: 0 , EGL: 000 , ERR: 0 
#  [PASS] Inputs: OPA: 174 , OPB:  73 , INP_VALID : 11 
#  Expected Result : RES:    36 , COUT: 0 , OFLOW: 0 , EGL: 000 , ERR: 0 
#  DUT Result	: RES:    36 , COUT: 0 , OFLOW: 0 , EGL: 000 , ERR: 0 
#  [PASS] Inputs: OPA: 250 , OPB:  55 , INP_VALID : 11 
#  Expected Result : RES:    27 , COUT: 0 , OFLOW: 0 , EGL: 000 , ERR: 0 
#  DUT Result	: RES:    27 , COUT: 0 , OFLOW: 0 , EGL: 000 , ERR: 0 
#  [PASS] Inputs: OPA:  26 , OPB: 116 , INP_VALID : 11 
#  Expected Result : RES:    58 , COUT: 0 , OFLOW: 0 , EGL: 000 , ERR: 0 
#  DUT Result	: RES:    58 , COUT: 0 , OFLOW: 0 , EGL: 000 , ERR: 0 
#  [PASS] Inputs: OPA:  84 , OPB:  64 , INP_VALID : 11 
#  Expected Result : RES:    32 , COUT: 0 , OFLOW: 0 , EGL: 000 , ERR: 0 
#  DUT Result	: RES:    32 , COUT: 0 , OFLOW: 0 , EGL: 000 , ERR: 0 
#  [PASS] Inputs: OPA: 128 , OPB: 118 , INP_VALID : 11 
#  Expected Result : RES:    59 , COUT: 0 , OFLOW: 0 , EGL: 000 , ERR: 0 
#  DUT Result	: RES:    59 , COUT: 0 , OFLOW: 0 , EGL: 000 , ERR: 0 
#  [PASS] Inputs: OPA: 172 , OPB: 160 , INP_VALID : 11 
#  Expected Result : RES:    80 , COUT: 0 , OFLOW: 0 , EGL: 000 , ERR: 0 
#  DUT Result	: RES:    80 , COUT: 0 , OFLOW: 0 , EGL: 000 , ERR: 0 
#  [PASS] Inputs: OPA:  75 , OPB:  86 , INP_VALID : 11 
#  Expected Result : RES:    43 , COUT: 0 , OFLOW: 0 , EGL: 000 , ERR: 0 
#  DUT Result	: RES:    43 , COUT: 0 , OFLOW: 0 , EGL: 000 , ERR: 0 
#  [PASS] Inputs: OPA: 137 , OPB: 200 , INP_VALID : 11 
#  Expected Result : RES:   100 , COUT: 0 , OFLOW: 0 , EGL: 000 , ERR: 0 
#  DUT Result	: RES:   100 , COUT: 0 , OFLOW: 0 , EGL: 000 , ERR: 0 
#  [PASS] Inputs: OPA: 238 , OPB:  79 , INP_VALID : 11 
#  Expected Result : RES:    39 , COUT: 0 , OFLOW: 0 , EGL: 000 , ERR: 0 
#  DUT Result	: RES:    39 , COUT: 0 , OFLOW: 0 , EGL: 000 , ERR: 0 
#  [PASS] Inputs: OPA:  80 , OPB: 165 , INP_VALID : 11 
#  Expected Result : RES:    82 , COUT: 0 , OFLOW: 0 , EGL: 000 , ERR: 0 
#  DUT Result	: RES:    82 , COUT: 0 , OFLOW: 0 , EGL: 000 , ERR: 0 
#  [PASS] Inputs: OPA: 126 , OPB: 176 , INP_VALID : 11 
#  Expected Result : RES:    88 , COUT: 0 , OFLOW: 0 , EGL: 000 , ERR: 0 
#  DUT Result	: RES:    88 , COUT: 0 , OFLOW: 0 , EGL: 000 , ERR: 0 
#  [PASS] Inputs: OPA: 216 , OPB:  31 , INP_VALID : 11 
#  Expected Result : RES:    15 , COUT: 0 , OFLOW: 0 , EGL: 000 , ERR: 0 
#  DUT Result	: RES:    15 , COUT: 0 , OFLOW: 0 , EGL: 000 , ERR: 0 
#  [PASS] Inputs: OPA:  21 , OPB: 204 , INP_VALID : 11 
#  Expected Result : RES:   102 , COUT: 0 , OFLOW: 0 , EGL: 000 , ERR: 0 
#  DUT Result	: RES:   102 , COUT: 0 , OFLOW: 0 , EGL: 000 , ERR: 0 
#  [PASS] Inputs: OPA: 189 , OPB: 181 , INP_VALID : 11 
#  Expected Result : RES:    90 , COUT: 0 , OFLOW: 0 , EGL: 000 , ERR: 0 
#  DUT Result	: RES:    90 , COUT: 0 , OFLOW: 0 , EGL: 000 , ERR: 0 
#  [PASS] Inputs: OPA: 169 , OPB: 226 , INP_VALID : 11 
#  Expected Result : RES:   113 , COUT: 0 , OFLOW: 0 , EGL: 000 , ERR: 0 
#  DUT Result	: RES:   113 , COUT: 0 , OFLOW: 0 , EGL: 000 , ERR: 0 
#  [PASS] Inputs: OPA:  97 , OPB: 147 , INP_VALID : 11 
#  Expected Result : RES:    73 , COUT: 0 , OFLOW: 0 , EGL: 000 , ERR: 0 
#  DUT Result	: RES:    73 , COUT: 0 , OFLOW: 0 , EGL: 000 , ERR: 0 
#  [PASS] Inputs: OPA:  10 , OPB:  57 , INP_VALID : 11 
#  Expected Result : RES:    28 , COUT: 0 , OFLOW: 0 , EGL: 000 , ERR: 0 
#  DUT Result	: RES:    28 , COUT: 0 , OFLOW: 0 , EGL: 000 , ERR: 0 
#  [PASS] Inputs: OPA:  59 , OPB:  65 , INP_VALID : 11 
#  Expected Result : RES:    32 , COUT: 0 , OFLOW: 0 , EGL: 000 , ERR: 0 
#  DUT Result	: RES:    32 , COUT: 0 , OFLOW: 0 , EGL: 000 , ERR: 0 
#  [PASS] Inputs: OPA: 113 , OPB: 105 , INP_VALID : 11 
#  Expected Result : RES:    52 , COUT: 0 , OFLOW: 0 , EGL: 000 , ERR: 0 
#  DUT Result	: RES:    52 , COUT: 0 , OFLOW: 0 , EGL: 000 , ERR: 0 
#  [PASS] Inputs: OPA: 178 , OPB: 174 , INP_VALID : 11 
#  Expected Result : RES:    87 , COUT: 0 , OFLOW: 0 , EGL: 000 , ERR: 0 
#  DUT Result	: RES:    87 , COUT: 0 , OFLOW: 0 , EGL: 000 , ERR: 0 
#  [PASS] Inputs: OPA: 184 , OPB: 195 , INP_VALID : 11 
#  Expected Result : RES:    97 , COUT: 0 , OFLOW: 0 , EGL: 000 , ERR: 0 
#  DUT Result	: RES:    97 , COUT: 0 , OFLOW: 0 , EGL: 000 , ERR: 0 
#  [PASS] Inputs: OPA:  46 , OPB:  83 , INP_VALID : 11 
#  Expected Result : RES:    41 , COUT: 0 , OFLOW: 0 , EGL: 000 , ERR: 0 
#  DUT Result	: RES:    41 , COUT: 0 , OFLOW: 0 , EGL: 000 , ERR: 0 
#  [PASS] Inputs: OPA: 133 , OPB: 219 , INP_VALID : 11 
#  Expected Result : RES:   109 , COUT: 0 , OFLOW: 0 , EGL: 000 , ERR: 0 
#  DUT Result	: RES:   109 , COUT: 0 , OFLOW: 0 , EGL: 000 , ERR: 0 
#  [PASS] Inputs: OPA:  33 , OPB: 184 , INP_VALID : 11 
#  Expected Result : RES:    92 , COUT: 0 , OFLOW: 0 , EGL: 000 , ERR: 0 
#  DUT Result	: RES:    92 , COUT: 0 , OFLOW: 0 , EGL: 000 , ERR: 0 
#  [PASS] Inputs: OPA: 103 , OPB:   2 , INP_VALID : 11 
#  Expected Result : RES:     1 , COUT: 0 , OFLOW: 0 , EGL: 000 , ERR: 0 
#  DUT Result	: RES:     1 , COUT: 0 , OFLOW: 0 , EGL: 000 , ERR: 0 
#  [PASS] Inputs: OPA: 148 , OPB:  62 , INP_VALID : 11 
#  Expected Result : RES:    31 , COUT: 0 , OFLOW: 0 , EGL: 000 , ERR: 0 
#  DUT Result	: RES:    31 , COUT: 0 , OFLOW: 0 , EGL: 000 , ERR: 0 
#  [PASS] Inputs: OPA:  36 , OPB: 156 , INP_VALID : 11 
#  Expected Result : RES:    78 , COUT: 0 , OFLOW: 0 , EGL: 000 , ERR: 0 
#  DUT Result	: RES:    78 , COUT: 0 , OFLOW: 0 , EGL: 000 , ERR: 0 
#  [PASS] Inputs: OPA: 214 , OPB:  15 , INP_VALID : 11 
#  Expected Result : RES:     7 , COUT: 0 , OFLOW: 0 , EGL: 000 , ERR: 0 
#  DUT Result	: RES:     7 , COUT: 0 , OFLOW: 0 , EGL: 000 , ERR: 0 
#  [PASS] Inputs: OPA: 189 , OPB:  87 , INP_VALID : 11 
#  Expected Result : RES:    43 , COUT: 0 , OFLOW: 0 , EGL: 000 , ERR: 0 
#  DUT Result	: RES:    43 , COUT: 0 , OFLOW: 0 , EGL: 000 , ERR: 0 
#  [PASS] Inputs: OPA: 118 , OPB: 202 , INP_VALID : 11 
#  Expected Result : RES:   101 , COUT: 0 , OFLOW: 0 , EGL: 000 , ERR: 0 
#  DUT Result	: RES:   101 , COUT: 0 , OFLOW: 0 , EGL: 000 , ERR: 0 
#  [PASS] Inputs: OPA:  87 , OPB: 211 , INP_VALID : 11 
#  Expected Result : RES:   105 , COUT: 0 , OFLOW: 0 , EGL: 000 , ERR: 0 
#  DUT Result	: RES:   105 , COUT: 0 , OFLOW: 0 , EGL: 000 , ERR: 0 
#  [PASS] Inputs: OPA:  96 , OPB: 126 , INP_VALID : 11 
#  Expected Result : RES:    63 , COUT: 0 , OFLOW: 0 , EGL: 000 , ERR: 0 
#  DUT Result	: RES:    63 , COUT: 0 , OFLOW: 0 , EGL: 000 , ERR: 0 
#  [PASS] Inputs: OPA: 172 , OPB:  94 , INP_VALID : 11 
#  Expected Result : RES:    47 , COUT: 0 , OFLOW: 0 , EGL: 000 , ERR: 0 
#  DUT Result	: RES:    47 , COUT: 0 , OFLOW: 0 , EGL: 000 , ERR: 0 
#  [PASS] Inputs: OPA: 195 , OPB: 194 , INP_VALID : 11 
#  Expected Result : RES:    97 , COUT: 0 , OFLOW: 0 , EGL: 000 , ERR: 0 
#  DUT Result	: RES:    97 , COUT: 0 , OFLOW: 0 , EGL: 000 , ERR: 0 
#  [PASS] Inputs: OPA:  46 , OPB: 172 , INP_VALID : 11 
#  Expected Result : RES:    86 , COUT: 0 , OFLOW: 0 , EGL: 000 , ERR: 0 
#  DUT Result	: RES:    86 , COUT: 0 , OFLOW: 0 , EGL: 000 , ERR: 0 
#  [PASS] Inputs: OPA:   1 , OPB:  61 , INP_VALID : 11 
#  Expected Result : RES:    30 , COUT: 0 , OFLOW: 0 , EGL: 000 , ERR: 0 
#  DUT Result	: RES:    30 , COUT: 0 , OFLOW: 0 , EGL: 000 , ERR: 0 
#  [PASS] Inputs: OPA:  58 , OPB:  58 , INP_VALID : 11 
#  Expected Result : RES:    29 , COUT: 0 , OFLOW: 0 , EGL: 000 , ERR: 0 
#  DUT Result	: RES:    29 , COUT: 0 , OFLOW: 0 , EGL: 000 , ERR: 0 
#  [PASS] Inputs: OPA: 171 , OPB:  74 , INP_VALID : 11 
#  Expected Result : RES:    37 , COUT: 0 , OFLOW: 0 , EGL: 000 , ERR: 0 
#  DUT Result	: RES:    37 , COUT: 0 , OFLOW: 0 , EGL: 000 , ERR: 0 
#  [PASS] Inputs: OPA: 135 , OPB:  98 , INP_VALID : 11 
#  Expected Result : RES:    49 , COUT: 0 , OFLOW: 0 , EGL: 000 , ERR: 0 
#  DUT Result	: RES:    49 , COUT: 0 , OFLOW: 0 , EGL: 000 , ERR: 0 
#  [PASS] Inputs: OPA: 145 , OPB: 190 , INP_VALID : 11 
#  Expected Result : RES:    95 , COUT: 0 , OFLOW: 0 , EGL: 000 , ERR: 0 
#  DUT Result	: RES:    95 , COUT: 0 , OFLOW: 0 , EGL: 000 , ERR: 0 
#  [PASS] Inputs: OPA: 122 , OPB:  15 , INP_VALID : 11 
#  Expected Result : RES:     7 , COUT: 0 , OFLOW: 0 , EGL: 000 , ERR: 0 
#  DUT Result	: RES:     7 , COUT: 0 , OFLOW: 0 , EGL: 000 , ERR: 0 
#  [PASS] Inputs: OPA: 249 , OPB: 242 , INP_VALID : 11 
#  Expected Result : RES:   121 , COUT: 0 , OFLOW: 0 , EGL: 000 , ERR: 0 
#  DUT Result	: RES:   121 , COUT: 0 , OFLOW: 0 , EGL: 000 , ERR: 0 
#  [PASS] Inputs: OPA: 157 , OPB:  50 , INP_VALID : 11 
#  Expected Result : RES:    25 , COUT: 0 , OFLOW: 0 , EGL: 000 , ERR: 0 
#  DUT Result	: RES:    25 , COUT: 0 , OFLOW: 0 , EGL: 000 , ERR: 0 
#  [PASS] Inputs: OPA:  51 , OPB: 243 , INP_VALID : 11 
#  Expected Result : RES:   230 , COUT: 0 , OFLOW: 0 , EGL: 000 , ERR: 0 
#  DUT Result	: RES:   230 , COUT: 0 , OFLOW: 0 , EGL: 000 , ERR: 0 
#  [PASS] Inputs: OPA: 181 , OPB:  96 , INP_VALID : 11 
#  Expected Result : RES:   192 , COUT: 0 , OFLOW: 0 , EGL: 000 , ERR: 0 
#  DUT Result	: RES:   192 , COUT: 0 , OFLOW: 0 , EGL: 000 , ERR: 0 
#  [PASS] Inputs: OPA: 117 , OPB: 220 , INP_VALID : 11 
#  Expected Result : RES:   184 , COUT: 0 , OFLOW: 0 , EGL: 000 , ERR: 0 
#  DUT Result	: RES:   184 , COUT: 0 , OFLOW: 0 , EGL: 000 , ERR: 0 
#  [PASS] Inputs: OPA: 246 , OPB: 159 , INP_VALID : 11 
#  Expected Result : RES:    62 , COUT: 0 , OFLOW: 0 , EGL: 000 , ERR: 0 
#  DUT Result	: RES:    62 , COUT: 0 , OFLOW: 0 , EGL: 000 , ERR: 0 
#  [PASS] Inputs: OPA: 169 , OPB:  53 , INP_VALID : 11 
#  Expected Result : RES:   106 , COUT: 0 , OFLOW: 0 , EGL: 000 , ERR: 0 
#  DUT Result	: RES:   106 , COUT: 0 , OFLOW: 0 , EGL: 000 , ERR: 0 
#  [PASS] Inputs: OPA:  16 , OPB: 166 , INP_VALID : 11 
#  Expected Result : RES:    76 , COUT: 0 , OFLOW: 0 , EGL: 000 , ERR: 0 
#  DUT Result	: RES:    76 , COUT: 0 , OFLOW: 0 , EGL: 000 , ERR: 0 
#  [PASS] Inputs: OPA: 217 , OPB: 229 , INP_VALID : 11 
#  Expected Result : RES:   202 , COUT: 0 , OFLOW: 0 , EGL: 000 , ERR: 0 
#  DUT Result	: RES:   202 , COUT: 0 , OFLOW: 0 , EGL: 000 , ERR: 0 
#  [PASS] Inputs: OPA: 235 , OPB:  46 , INP_VALID : 11 
#  Expected Result : RES:    92 , COUT: 0 , OFLOW: 0 , EGL: 000 , ERR: 0 
#  DUT Result	: RES:    92 , COUT: 0 , OFLOW: 0 , EGL: 000 , ERR: 0 
#  [PASS] Inputs: OPA: 140 , OPB: 112 , INP_VALID : 11 
#  Expected Result : RES:   224 , COUT: 0 , OFLOW: 0 , EGL: 000 , ERR: 0 
#  DUT Result	: RES:   224 , COUT: 0 , OFLOW: 0 , EGL: 000 , ERR: 0 
#  [PASS] Inputs: OPA: 179 , OPB: 231 , INP_VALID : 11 
#  Expected Result : RES:   206 , COUT: 0 , OFLOW: 0 , EGL: 000 , ERR: 0 
#  DUT Result	: RES:   206 , COUT: 0 , OFLOW: 0 , EGL: 000 , ERR: 0 
#  [PASS] Inputs: OPA:  94 , OPB:  67 , INP_VALID : 11 
#  Expected Result : RES:   134 , COUT: 0 , OFLOW: 0 , EGL: 000 , ERR: 0 
#  DUT Result	: RES:   134 , COUT: 0 , OFLOW: 0 , EGL: 000 , ERR: 0 
#  [PASS] Inputs: OPA:  93 , OPB:   8 , INP_VALID : 11 
#  Expected Result : RES:    16 , COUT: 0 , OFLOW: 0 , EGL: 000 , ERR: 0 
#  DUT Result	: RES:    16 , COUT: 0 , OFLOW: 0 , EGL: 000 , ERR: 0 
#  [PASS] Inputs: OPA:  46 , OPB: 190 , INP_VALID : 11 
#  Expected Result : RES:   124 , COUT: 0 , OFLOW: 0 , EGL: 000 , ERR: 0 
#  DUT Result	: RES:   124 , COUT: 0 , OFLOW: 0 , EGL: 000 , ERR: 0 
#  [PASS] Inputs: OPA: 194 , OPB: 146 , INP_VALID : 11 
#  Expected Result : RES:    36 , COUT: 0 , OFLOW: 0 , EGL: 000 , ERR: 0 
#  DUT Result	: RES:    36 , COUT: 0 , OFLOW: 0 , EGL: 000 , ERR: 0 
#  [PASS] Inputs: OPA: 113 , OPB: 106 , INP_VALID : 11 
#  Expected Result : RES:   212 , COUT: 0 , OFLOW: 0 , EGL: 000 , ERR: 0 
#  DUT Result	: RES:   212 , COUT: 0 , OFLOW: 0 , EGL: 000 , ERR: 0 
#  [PASS] Inputs: OPA: 211 , OPB: 154 , INP_VALID : 11 
#  Expected Result : RES:    52 , COUT: 0 , OFLOW: 0 , EGL: 000 , ERR: 0 
#  DUT Result	: RES:    52 , COUT: 0 , OFLOW: 0 , EGL: 000 , ERR: 0 
#  [PASS] Inputs: OPA: 127 , OPB:  29 , INP_VALID : 11 
#  Expected Result : RES:    58 , COUT: 0 , OFLOW: 0 , EGL: 000 , ERR: 0 
#  DUT Result	: RES:    58 , COUT: 0 , OFLOW: 0 , EGL: 000 , ERR: 0 
#  [PASS] Inputs: OPA:  32 , OPB:  99 , INP_VALID : 11 
#  Expected Result : RES:   198 , COUT: 0 , OFLOW: 0 , EGL: 000 , ERR: 0 
#  DUT Result	: RES:   198 , COUT: 0 , OFLOW: 0 , EGL: 000 , ERR: 0 
#  [PASS] Inputs: OPA: 133 , OPB: 183 , INP_VALID : 11 
#  Expected Result : RES:   110 , COUT: 0 , OFLOW: 0 , EGL: 000 , ERR: 0 
#  DUT Result	: RES:   110 , COUT: 0 , OFLOW: 0 , EGL: 000 , ERR: 0 
#  [PASS] Inputs: OPA: 151 , OPB: 189 , INP_VALID : 11 
#  Expected Result : RES:   122 , COUT: 0 , OFLOW: 0 , EGL: 000 , ERR: 0 
#  DUT Result	: RES:   122 , COUT: 0 , OFLOW: 0 , EGL: 000 , ERR: 0 
#  [PASS] Inputs: OPA: 154 , OPB:  97 , INP_VALID : 11 
#  Expected Result : RES:   194 , COUT: 0 , OFLOW: 0 , EGL: 000 , ERR: 0 
#  DUT Result	: RES:   194 , COUT: 0 , OFLOW: 0 , EGL: 000 , ERR: 0 
#  [PASS] Inputs: OPA:  89 , OPB: 162 , INP_VALID : 11 
#  Expected Result : RES:    68 , COUT: 0 , OFLOW: 0 , EGL: 000 , ERR: 0 
#  DUT Result	: RES:    68 , COUT: 0 , OFLOW: 0 , EGL: 000 , ERR: 0 
#  [PASS] Inputs: OPA: 162 , OPB: 185 , INP_VALID : 11 
#  Expected Result : RES:   114 , COUT: 0 , OFLOW: 0 , EGL: 000 , ERR: 0 
#  DUT Result	: RES:   114 , COUT: 0 , OFLOW: 0 , EGL: 000 , ERR: 0 
#  [PASS] Inputs: OPA:   9 , OPB:  88 , INP_VALID : 11 
#  Expected Result : RES:   176 , COUT: 0 , OFLOW: 0 , EGL: 000 , ERR: 0 
#  DUT Result	: RES:   176 , COUT: 0 , OFLOW: 0 , EGL: 000 , ERR: 0 
#  [PASS] Inputs: OPA: 112 , OPB:  16 , INP_VALID : 11 
#  Expected Result : RES:    32 , COUT: 0 , OFLOW: 0 , EGL: 000 , ERR: 0 
#  DUT Result	: RES:    32 , COUT: 0 , OFLOW: 0 , EGL: 000 , ERR: 0 
#  [PASS] Inputs: OPA: 161 , OPB: 129 , INP_VALID : 11 
#  Expected Result : RES:     2 , COUT: 0 , OFLOW: 0 , EGL: 000 , ERR: 0 
#  DUT Result	: RES:     2 , COUT: 0 , OFLOW: 0 , EGL: 000 , ERR: 0 
#  [PASS] Inputs: OPA: 170 , OPB: 132 , INP_VALID : 11 
#  Expected Result : RES:     8 , COUT: 0 , OFLOW: 0 , EGL: 000 , ERR: 0 
#  DUT Result	: RES:     8 , COUT: 0 , OFLOW: 0 , EGL: 000 , ERR: 0 
#  [PASS] Inputs: OPA: 197 , OPB:  38 , INP_VALID : 11 
#  Expected Result : RES:    76 , COUT: 0 , OFLOW: 0 , EGL: 000 , ERR: 0 
#  DUT Result	: RES:    76 , COUT: 0 , OFLOW: 0 , EGL: 000 , ERR: 0 
#  [PASS] Inputs: OPA:  40 , OPB:  76 , INP_VALID : 11 
#  Expected Result : RES:   152 , COUT: 0 , OFLOW: 0 , EGL: 000 , ERR: 0 
#  DUT Result	: RES:   152 , COUT: 0 , OFLOW: 0 , EGL: 000 , ERR: 0 
#  [PASS] Inputs: OPA:  80 , OPB: 217 , INP_VALID : 11 
#  Expected Result : RES:   178 , COUT: 0 , OFLOW: 0 , EGL: 000 , ERR: 0 
#  DUT Result	: RES:   178 , COUT: 0 , OFLOW: 0 , EGL: 000 , ERR: 0 
#  [PASS] Inputs: OPA: 220 , OPB: 254 , INP_VALID : 11 
#  Expected Result : RES:   252 , COUT: 0 , OFLOW: 0 , EGL: 000 , ERR: 0 
#  DUT Result	: RES:   252 , COUT: 0 , OFLOW: 0 , EGL: 000 , ERR: 0 
#  [PASS] Inputs: OPA: 203 , OPB: 132 , INP_VALID : 11 
#  Expected Result : RES:     8 , COUT: 0 , OFLOW: 0 , EGL: 000 , ERR: 0 
#  DUT Result	: RES:     8 , COUT: 0 , OFLOW: 0 , EGL: 000 , ERR: 0 
#  [PASS] Inputs: OPA: 171 , OPB: 115 , INP_VALID : 11 
#  Expected Result : RES:   230 , COUT: 0 , OFLOW: 0 , EGL: 000 , ERR: 0 
#  DUT Result	: RES:   230 , COUT: 0 , OFLOW: 0 , EGL: 000 , ERR: 0 
#  [PASS] Inputs: OPA: 191 , OPB:  23 , INP_VALID : 11 
#  Expected Result : RES:    46 , COUT: 0 , OFLOW: 0 , EGL: 000 , ERR: 0 
#  DUT Result	: RES:    46 , COUT: 0 , OFLOW: 0 , EGL: 000 , ERR: 0 
#  [PASS] Inputs: OPA: 166 , OPB: 130 , INP_VALID : 11 
#  Expected Result : RES:     4 , COUT: 0 , OFLOW: 0 , EGL: 000 , ERR: 0 
#  DUT Result	: RES:     4 , COUT: 0 , OFLOW: 0 , EGL: 000 , ERR: 0 
#  [PASS] Inputs: OPA:  80 , OPB: 241 , INP_VALID : 11 
#  Expected Result : RES:   226 , COUT: 0 , OFLOW: 0 , EGL: 000 , ERR: 0 
#  DUT Result	: RES:   226 , COUT: 0 , OFLOW: 0 , EGL: 000 , ERR: 0 
#  [PASS] Inputs: OPA: 251 , OPB: 165 , INP_VALID : 11 
#  Expected Result : RES:    74 , COUT: 0 , OFLOW: 0 , EGL: 000 , ERR: 0 
#  DUT Result	: RES:    74 , COUT: 0 , OFLOW: 0 , EGL: 000 , ERR: 0 
#  [PASS] Inputs: OPA: 241 , OPB: 166 , INP_VALID : 11 
#  Expected Result : RES:    76 , COUT: 0 , OFLOW: 0 , EGL: 000 , ERR: 0 
#  DUT Result	: RES:    76 , COUT: 0 , OFLOW: 0 , EGL: 000 , ERR: 0 
#  [PASS] Inputs: OPA:  66 , OPB: 200 , INP_VALID : 11 
#  Expected Result : RES:   144 , COUT: 0 , OFLOW: 0 , EGL: 000 , ERR: 0 
#  DUT Result	: RES:   144 , COUT: 0 , OFLOW: 0 , EGL: 000 , ERR: 0 
#  [PASS] Inputs: OPA:  89 , OPB:  39 , INP_VALID : 11 
#  Expected Result : RES:    78 , COUT: 0 , OFLOW: 0 , EGL: 000 , ERR: 0 
#  DUT Result	: RES:    78 , COUT: 0 , OFLOW: 0 , EGL: 000 , ERR: 0 
#  [PASS] Inputs: OPA: 188 , OPB: 200 , INP_VALID : 11 
#  Expected Result : RES:   144 , COUT: 0 , OFLOW: 0 , EGL: 000 , ERR: 0 
#  DUT Result	: RES:   144 , COUT: 0 , OFLOW: 0 , EGL: 000 , ERR: 0 
#  [PASS] Inputs: OPA: 243 , OPB: 136 , INP_VALID : 11 
#  Expected Result : RES:    16 , COUT: 0 , OFLOW: 0 , EGL: 000 , ERR: 0 
#  DUT Result	: RES:    16 , COUT: 0 , OFLOW: 0 , EGL: 000 , ERR: 0 
#  [PASS] Inputs: OPA:  53 , OPB: 121 , INP_VALID : 11 
#  Expected Result : RES:   242 , COUT: 0 , OFLOW: 0 , EGL: 000 , ERR: 0 
#  DUT Result	: RES:   242 , COUT: 0 , OFLOW: 0 , EGL: 000 , ERR: 0 
#  [PASS] Inputs: OPA: 210 , OPB: 116 , INP_VALID : 11 
#  Expected Result : RES:   232 , COUT: 0 , OFLOW: 0 , EGL: 000 , ERR: 0 
#  DUT Result	: RES:   232 , COUT: 0 , OFLOW: 0 , EGL: 000 , ERR: 0 
#  [PASS] Inputs: OPA: 167 , OPB:  67 , INP_VALID : 11 
#  Expected Result : RES:   134 , COUT: 0 , OFLOW: 0 , EGL: 000 , ERR: 0 
#  DUT Result	: RES:   134 , COUT: 0 , OFLOW: 0 , EGL: 000 , ERR: 0 
#  [PASS] Inputs: OPA:  81 , OPB: 130 , INP_VALID : 11 
#  Expected Result : RES:     4 , COUT: 0 , OFLOW: 0 , EGL: 000 , ERR: 0 
#  DUT Result	: RES:     4 , COUT: 0 , OFLOW: 0 , EGL: 000 , ERR: 0 
#  [PASS] Inputs: OPA:  40 , OPB:  86 , INP_VALID : 11 
#  Expected Result : RES:   172 , COUT: 0 , OFLOW: 0 , EGL: 000 , ERR: 0 
#  DUT Result	: RES:   172 , COUT: 0 , OFLOW: 0 , EGL: 000 , ERR: 0 
#  [PASS] Inputs: OPA:  70 , OPB:  67 , INP_VALID : 11 
#  Expected Result : RES:   134 , COUT: 0 , OFLOW: 0 , EGL: 000 , ERR: 0 
#  DUT Result	: RES:   134 , COUT: 0 , OFLOW: 0 , EGL: 000 , ERR: 0 
#  [PASS] Inputs: OPA:  43 , OPB:  14 , INP_VALID : 11 
#  Expected Result : RES:    28 , COUT: 0 , OFLOW: 0 , EGL: 000 , ERR: 0 
#  DUT Result	: RES:    28 , COUT: 0 , OFLOW: 0 , EGL: 000 , ERR: 0 
#  [PASS] Inputs: OPA: 148 , OPB: 142 , INP_VALID : 11 
#  Expected Result : RES:    28 , COUT: 0 , OFLOW: 0 , EGL: 000 , ERR: 0 
#  DUT Result	: RES:    28 , COUT: 0 , OFLOW: 0 , EGL: 000 , ERR: 0 
#  [PASS] Inputs: OPA:  46 , OPB:  89 , INP_VALID : 11 
#  Expected Result : RES:   178 , COUT: 0 , OFLOW: 0 , EGL: 000 , ERR: 0 
#  DUT Result	: RES:   178 , COUT: 0 , OFLOW: 0 , EGL: 000 , ERR: 0 
#  [PASS] Inputs: OPA: 217 , OPB: 109 , INP_VALID : 11 
#  Expected Result : RES:   218 , COUT: 0 , OFLOW: 0 , EGL: 000 , ERR: 0 
#  DUT Result	: RES:   218 , COUT: 0 , OFLOW: 0 , EGL: 000 , ERR: 0 
#  [PASS] Inputs: OPA:  27 , OPB:  64 , INP_VALID : 11 
#  Expected Result : RES:   128 , COUT: 0 , OFLOW: 0 , EGL: 000 , ERR: 0 
#  DUT Result	: RES:   128 , COUT: 0 , OFLOW: 0 , EGL: 000 , ERR: 0 
#  [PASS] Inputs: OPA:  43 , OPB: 229 , INP_VALID : 11 
#  Expected Result : RES:   202 , COUT: 0 , OFLOW: 0 , EGL: 000 , ERR: 0 
#  DUT Result	: RES:   202 , COUT: 0 , OFLOW: 0 , EGL: 000 , ERR: 0 
#  [PASS] Inputs: OPA: 248 , OPB: 191 , INP_VALID : 11 
#  Expected Result : RES:   126 , COUT: 0 , OFLOW: 0 , EGL: 000 , ERR: 0 
#  DUT Result	: RES:   126 , COUT: 0 , OFLOW: 0 , EGL: 000 , ERR: 0 
#  [PASS] Inputs: OPA: 179 , OPB:  76 , INP_VALID : 11 
#  Expected Result : RES:   152 , COUT: 0 , OFLOW: 0 , EGL: 000 , ERR: 0 
#  DUT Result	: RES:   152 , COUT: 0 , OFLOW: 0 , EGL: 000 , ERR: 0 
#  [PASS] Inputs: OPA: 145 , OPB: 199 , INP_VALID : 11 
#  Expected Result : RES:   142 , COUT: 0 , OFLOW: 0 , EGL: 000 , ERR: 0 
#  DUT Result	: RES:   142 , COUT: 0 , OFLOW: 0 , EGL: 000 , ERR: 0 
#  [PASS] Inputs: OPA: 165 , OPB: 101 , INP_VALID : 11 
#  Expected Result : RES:   202 , COUT: 0 , OFLOW: 0 , EGL: 000 , ERR: 0 
#  DUT Result	: RES:   202 , COUT: 0 , OFLOW: 0 , EGL: 000 , ERR: 0 
#  [PASS] Inputs: OPA:  12 , OPB:  88 , INP_VALID : 11 
#  Expected Result : RES:   176 , COUT: 0 , OFLOW: 0 , EGL: 000 , ERR: 0 
#  DUT Result	: RES:   176 , COUT: 0 , OFLOW: 0 , EGL: 000 , ERR: 0 
#  [PASS] Inputs: OPA: 139 , OPB:  38 , INP_VALID : 11 
#  Expected Result : RES:    76 , COUT: 0 , OFLOW: 0 , EGL: 000 , ERR: 0 
#  DUT Result	: RES:    76 , COUT: 0 , OFLOW: 0 , EGL: 000 , ERR: 0 
#  [PASS] Inputs: OPA: 235 , OPB: 110 , INP_VALID : 11 
#  Expected Result : RES:   220 , COUT: 0 , OFLOW: 0 , EGL: 000 , ERR: 0 
#  DUT Result	: RES:   220 , COUT: 0 , OFLOW: 0 , EGL: 000 , ERR: 0 
#  [PASS] Inputs: OPA: 164 , OPB: 159 , INP_VALID : 11 
#  Expected Result : RES:    62 , COUT: 0 , OFLOW: 0 , EGL: 000 , ERR: 0 
#  DUT Result	: RES:    62 , COUT: 0 , OFLOW: 0 , EGL: 000 , ERR: 0 
#  [PASS] Inputs: OPA: 112 , OPB:   8 , INP_VALID : 11 
#  Expected Result : RES:    16 , COUT: 0 , OFLOW: 0 , EGL: 000 , ERR: 0 
#  DUT Result	: RES:    16 , COUT: 0 , OFLOW: 0 , EGL: 000 , ERR: 0 
#  [PASS] Inputs: OPA:  96 , OPB: 240 , INP_VALID : 11 
#  Expected Result : RES:   224 , COUT: 0 , OFLOW: 0 , EGL: 000 , ERR: 0 
#  DUT Result	: RES:   224 , COUT: 0 , OFLOW: 0 , EGL: 000 , ERR: 0 
#  [PASS] Inputs: OPA:  21 , OPB: 219 , INP_VALID : 11 
#  Expected Result : RES:   182 , COUT: 0 , OFLOW: 0 , EGL: 000 , ERR: 0 
#  DUT Result	: RES:   182 , COUT: 0 , OFLOW: 0 , EGL: 000 , ERR: 0 
#  [PASS] Inputs: OPA: 127 , OPB:  81 , INP_VALID : 11 
#  Expected Result : RES:   162 , COUT: 0 , OFLOW: 0 , EGL: 000 , ERR: 0 
#  DUT Result	: RES:   162 , COUT: 0 , OFLOW: 0 , EGL: 000 , ERR: 0 
#  [PASS] Inputs: OPA: 232 , OPB: 240 , INP_VALID : 11 
#  Expected Result : RES:   224 , COUT: 0 , OFLOW: 0 , EGL: 000 , ERR: 0 
#  DUT Result	: RES:   224 , COUT: 0 , OFLOW: 0 , EGL: 000 , ERR: 0 
#  [PASS] Inputs: OPA:  45 , OPB: 242 , INP_VALID : 11 
#  Expected Result : RES:   228 , COUT: 0 , OFLOW: 0 , EGL: 000 , ERR: 0 
#  DUT Result	: RES:   228 , COUT: 0 , OFLOW: 0 , EGL: 000 , ERR: 0 
#  [PASS] Inputs: OPA: 246 , OPB: 173 , INP_VALID : 11 
#  Expected Result : RES:    90 , COUT: 0 , OFLOW: 0 , EGL: 000 , ERR: 0 
#  DUT Result	: RES:    90 , COUT: 0 , OFLOW: 0 , EGL: 000 , ERR: 0 
#  [PASS] Inputs: OPA: 225 , OPB: 148 , INP_VALID : 11 
#  Expected Result : RES:    40 , COUT: 0 , OFLOW: 0 , EGL: 000 , ERR: 0 
#  DUT Result	: RES:    40 , COUT: 0 , OFLOW: 0 , EGL: 000 , ERR: 0 
#  [PASS] Inputs: OPA:  68 , OPB:   9 , INP_VALID : 11 
#  Expected Result : RES:    18 , COUT: 0 , OFLOW: 0 , EGL: 000 , ERR: 0 
#  DUT Result	: RES:    18 , COUT: 0 , OFLOW: 0 , EGL: 000 , ERR: 0 
#  [PASS] Inputs: OPA: 159 , OPB:  80 , INP_VALID : 11 
#  Expected Result : RES:   160 , COUT: 0 , OFLOW: 0 , EGL: 000 , ERR: 0 
#  DUT Result	: RES:   160 , COUT: 0 , OFLOW: 0 , EGL: 000 , ERR: 0 
#  [PASS] Inputs: OPA:  65 , OPB:  95 , INP_VALID : 11 
#  Expected Result : RES:   190 , COUT: 0 , OFLOW: 0 , EGL: 000 , ERR: 0 
#  DUT Result	: RES:   190 , COUT: 0 , OFLOW: 0 , EGL: 000 , ERR: 0 
#  [PASS] Inputs: OPA:  99 , OPB: 138 , INP_VALID : 11 
#  Expected Result : RES:    20 , COUT: 0 , OFLOW: 0 , EGL: 000 , ERR: 0 
#  DUT Result	: RES:    20 , COUT: 0 , OFLOW: 0 , EGL: 000 , ERR: 0 
#  [PASS] Inputs: OPA: 194 , OPB: 188 , INP_VALID : 11 
#  Expected Result : RES:   120 , COUT: 0 , OFLOW: 0 , EGL: 000 , ERR: 0 
#  DUT Result	: RES:   120 , COUT: 0 , OFLOW: 0 , EGL: 000 , ERR: 0 
#  [PASS] Inputs: OPA: 136 , OPB:  15 , INP_VALID : 11 
#  Expected Result : RES:    30 , COUT: 0 , OFLOW: 0 , EGL: 000 , ERR: 0 
#  DUT Result	: RES:    30 , COUT: 0 , OFLOW: 0 , EGL: 000 , ERR: 0 
#  [PASS] Inputs: OPA: 113 , OPB:  32 , INP_VALID : 11 
#  Expected Result : RES:    64 , COUT: 0 , OFLOW: 0 , EGL: 000 , ERR: 0 
#  DUT Result	: RES:    64 , COUT: 0 , OFLOW: 0 , EGL: 000 , ERR: 0 
#  [PASS] Inputs: OPA: 133 , OPB: 210 , INP_VALID : 11 
#  Expected Result : RES:   164 , COUT: 0 , OFLOW: 0 , EGL: 000 , ERR: 0 
#  DUT Result	: RES:   164 , COUT: 0 , OFLOW: 0 , EGL: 000 , ERR: 0 
#  [PASS] Inputs: OPA:  29 , OPB:  62 , INP_VALID : 11 
#  Expected Result : RES:   124 , COUT: 0 , OFLOW: 0 , EGL: 000 , ERR: 0 
#  DUT Result	: RES:   124 , COUT: 0 , OFLOW: 0 , EGL: 000 , ERR: 0 
#  [PASS] Inputs: OPA:  47 , OPB: 138 , INP_VALID : 11 
#  Expected Result : RES:    20 , COUT: 0 , OFLOW: 0 , EGL: 000 , ERR: 0 
#  DUT Result	: RES:    20 , COUT: 0 , OFLOW: 0 , EGL: 000 , ERR: 0 
#  [PASS] Inputs: OPA:  62 , OPB:  57 , INP_VALID : 11 
#  Expected Result : RES:   114 , COUT: 0 , OFLOW: 0 , EGL: 000 , ERR: 0 
#  DUT Result	: RES:   114 , COUT: 0 , OFLOW: 0 , EGL: 000 , ERR: 0 
#  [PASS] Inputs: OPA: 225 , OPB: 132 , INP_VALID : 11 
#  Expected Result : RES:     8 , COUT: 0 , OFLOW: 0 , EGL: 000 , ERR: 0 
#  DUT Result	: RES:     8 , COUT: 0 , OFLOW: 0 , EGL: 000 , ERR: 0 
#  [PASS] Inputs: OPA:  54 , OPB:  51 , INP_VALID : 11 
#  Expected Result : RES:   102 , COUT: 0 , OFLOW: 0 , EGL: 000 , ERR: 0 
#  DUT Result	: RES:   102 , COUT: 0 , OFLOW: 0 , EGL: 000 , ERR: 0 
#  [PASS] Inputs: OPA:  44 , OPB: 235 , INP_VALID : 11 
#  Expected Result : RES:   214 , COUT: 0 , OFLOW: 0 , EGL: 000 , ERR: 0 
#  DUT Result	: RES:   214 , COUT: 0 , OFLOW: 0 , EGL: 000 , ERR: 0 
#  [PASS] Inputs: OPA:  79 , OPB:  65 , INP_VALID : 11 
#  Expected Result : RES:   130 , COUT: 0 , OFLOW: 0 , EGL: 000 , ERR: 0 
#  DUT Result	: RES:   130 , COUT: 0 , OFLOW: 0 , EGL: 000 , ERR: 0 
#  [PASS] Inputs: OPA:  18 , OPB:  11 , INP_VALID : 11 
#  Expected Result : RES:    22 , COUT: 0 , OFLOW: 0 , EGL: 000 , ERR: 0 
#  DUT Result	: RES:    22 , COUT: 0 , OFLOW: 0 , EGL: 000 , ERR: 0 
#  [PASS] Inputs: OPA: 255 , OPB: 113 , INP_VALID : 11 
#  Expected Result : RES:   226 , COUT: 0 , OFLOW: 0 , EGL: 000 , ERR: 0 
#  DUT Result	: RES:   226 , COUT: 0 , OFLOW: 0 , EGL: 000 , ERR: 0 
#  [PASS] Inputs: OPA: 236 , OPB: 176 , INP_VALID : 11 
#  Expected Result : RES:    96 , COUT: 0 , OFLOW: 0 , EGL: 000 , ERR: 0 
#  DUT Result	: RES:    96 , COUT: 0 , OFLOW: 0 , EGL: 000 , ERR: 0 
#  [PASS] Inputs: OPA: 109 , OPB: 166 , INP_VALID : 11 
#  Expected Result : RES:    76 , COUT: 0 , OFLOW: 0 , EGL: 000 , ERR: 0 
#  DUT Result	: RES:    76 , COUT: 0 , OFLOW: 0 , EGL: 000 , ERR: 0 
#  [PASS] Inputs: OPA:  41 , OPB: 149 , INP_VALID : 11 
#  Expected Result : RES:    42 , COUT: 0 , OFLOW: 0 , EGL: 000 , ERR: 0 
#  DUT Result	: RES:    42 , COUT: 0 , OFLOW: 0 , EGL: 000 , ERR: 0 
#  [PASS] Inputs: OPA: 142 , OPB:  73 , INP_VALID : 11 
#  Expected Result : RES:   146 , COUT: 0 , OFLOW: 0 , EGL: 000 , ERR: 0 
#  DUT Result	: RES:   146 , COUT: 0 , OFLOW: 0 , EGL: 000 , ERR: 0 
#  [PASS] Inputs: OPA: 151 , OPB: 191 , INP_VALID : 11 
#  Expected Result : RES:   126 , COUT: 0 , OFLOW: 0 , EGL: 000 , ERR: 0 
#  DUT Result	: RES:   126 , COUT: 0 , OFLOW: 0 , EGL: 000 , ERR: 0 
#  [PASS] Inputs: OPA:  12 , OPB: 216 , INP_VALID : 11 
#  Expected Result : RES:   176 , COUT: 0 , OFLOW: 0 , EGL: 000 , ERR: 0 
#  DUT Result	: RES:   176 , COUT: 0 , OFLOW: 0 , EGL: 000 , ERR: 0 
#  [PASS] Inputs: OPA:  34 , OPB: 110 , INP_VALID : 11 
#  Expected Result : RES:   220 , COUT: 0 , OFLOW: 0 , EGL: 000 , ERR: 0 
#  DUT Result	: RES:   220 , COUT: 0 , OFLOW: 0 , EGL: 000 , ERR: 0 
#  [PASS] Inputs: OPA:   4 , OPB:  75 , INP_VALID : 11 
#  Expected Result : RES:   150 , COUT: 0 , OFLOW: 0 , EGL: 000 , ERR: 0 
#  DUT Result	: RES:   150 , COUT: 0 , OFLOW: 0 , EGL: 000 , ERR: 0 
#  [PASS] Inputs: OPA: 103 , OPB:  21 , INP_VALID : 11 
#  Expected Result : RES:    42 , COUT: 0 , OFLOW: 0 , EGL: 000 , ERR: 0 
#  DUT Result	: RES:    42 , COUT: 0 , OFLOW: 0 , EGL: 000 , ERR: 0 
#  [PASS] Inputs: OPA:  95 , OPB: 157 , INP_VALID : 11 
#  Expected Result : RES:    58 , COUT: 0 , OFLOW: 0 , EGL: 000 , ERR: 0 
#  DUT Result	: RES:    58 , COUT: 0 , OFLOW: 0 , EGL: 000 , ERR: 0 
#  [PASS] Inputs: OPA:  56 , OPB:   4 , INP_VALID : 11 
#  Expected Result : RES:     8 , COUT: 0 , OFLOW: 0 , EGL: 000 , ERR: 0 
#  DUT Result	: RES:     8 , COUT: 0 , OFLOW: 0 , EGL: 000 , ERR: 0 
#  [PASS] Inputs: OPA:  47 , OPB: 230 , INP_VALID : 11 
#  Expected Result : RES:   204 , COUT: 0 , OFLOW: 0 , EGL: 000 , ERR: 0 
#  DUT Result	: RES:   204 , COUT: 0 , OFLOW: 0 , EGL: 000 , ERR: 0 
#  [PASS] Inputs: OPA:  57 , OPB: 148 , INP_VALID : 11 
#  Expected Result : RES:    40 , COUT: 0 , OFLOW: 0 , EGL: 000 , ERR: 0 
#  DUT Result	: RES:    40 , COUT: 0 , OFLOW: 0 , EGL: 000 , ERR: 0 
# -----------------------------------------------------------------------
#  [FAIL] Incorrect Output at MODE: 0 , CMD: 12 
#  Inputs:	OPA: 212 , OPB: 253 , INP_VALID : 11 
#  Expected Result : RES:     0 , COUT: 0 , OFLOW: 0 , EGL: 000 , ERR: 1 
#  DUT Result	: RES:   154 , COUT: 0 , OFLOW: 0 , EGL: 000 , ERR: 1 
# -----------------------------------------------------------------------
#  [PASS] Inputs: OPA: 226 , OPB:   2 , INP_VALID : 11 
#  Expected Result : RES:   139 , COUT: 0 , OFLOW: 0 , EGL: 000 , ERR: 0 
#  DUT Result	: RES:   139 , COUT: 0 , OFLOW: 0 , EGL: 000 , ERR: 0 
#  [PASS] Inputs: OPA:  23 , OPB:   7 , INP_VALID : 11 
#  Expected Result : RES:   139 , COUT: 0 , OFLOW: 0 , EGL: 000 , ERR: 0 
#  DUT Result	: RES:   139 , COUT: 0 , OFLOW: 0 , EGL: 000 , ERR: 0 
# -----------------------------------------------------------------------
#  [FAIL] Incorrect Output at MODE: 0 , CMD: 12 
#  Inputs:	OPA:  44 , OPB: 251 , INP_VALID : 11 
#  Expected Result : RES:     0 , COUT: 0 , OFLOW: 0 , EGL: 000 , ERR: 1 
#  DUT Result	: RES:    97 , COUT: 0 , OFLOW: 0 , EGL: 000 , ERR: 1 
# -----------------------------------------------------------------------
#  [PASS] Inputs: OPA: 107 , OPB:   5 , INP_VALID : 11 
#  Expected Result : RES:   109 , COUT: 0 , OFLOW: 0 , EGL: 000 , ERR: 0 
#  DUT Result	: RES:   109 , COUT: 0 , OFLOW: 0 , EGL: 000 , ERR: 0 
# -----------------------------------------------------------------------
#  [FAIL] Incorrect Output at MODE: 0 , CMD: 12 
#  Inputs:	OPA:  75 , OPB: 251 , INP_VALID : 11 
#  Expected Result : RES:     0 , COUT: 0 , OFLOW: 0 , EGL: 000 , ERR: 1 
#  DUT Result	: RES:    90 , COUT: 0 , OFLOW: 0 , EGL: 000 , ERR: 1 
# -----------------------------------------------------------------------
#  [PASS] Inputs: OPA:  11 , OPB:   7 , INP_VALID : 11 
#  Expected Result : RES:   133 , COUT: 0 , OFLOW: 0 , EGL: 000 , ERR: 0 
#  DUT Result	: RES:   133 , COUT: 0 , OFLOW: 0 , EGL: 000 , ERR: 0 
# -----------------------------------------------------------------------
#  [FAIL] Incorrect Output at MODE: 0 , CMD: 12 
#  Inputs:	OPA: 153 , OPB: 249 , INP_VALID : 11 
#  Expected Result : RES:     0 , COUT: 0 , OFLOW: 0 , EGL: 000 , ERR: 1 
#  DUT Result	: RES:    51 , COUT: 0 , OFLOW: 0 , EGL: 000 , ERR: 1 
# -----------------------------------------------------------------------
#  [PASS] Inputs: OPA: 164 , OPB:   2 , INP_VALID : 11 
#  Expected Result : RES:   146 , COUT: 0 , OFLOW: 0 , EGL: 000 , ERR: 0 
#  DUT Result	: RES:   146 , COUT: 0 , OFLOW: 0 , EGL: 000 , ERR: 0 
# -----------------------------------------------------------------------
#  [FAIL] Incorrect Output at MODE: 0 , CMD: 12 
#  Inputs:	OPA:  49 , OPB: 253 , INP_VALID : 11 
#  Expected Result : RES:     0 , COUT: 0 , OFLOW: 0 , EGL: 000 , ERR: 1 
#  DUT Result	: RES:    38 , COUT: 0 , OFLOW: 0 , EGL: 000 , ERR: 1 
# -----------------------------------------------------------------------
# -----------------------------------------------------------------------
#  [FAIL] Incorrect Output at MODE: 0 , CMD: 12 
#  Inputs:	OPA: 135 , OPB: 253 , INP_VALID : 11 
#  Expected Result : RES:     0 , COUT: 0 , OFLOW: 0 , EGL: 000 , ERR: 1 
#  DUT Result	: RES:   240 , COUT: 0 , OFLOW: 0 , EGL: 000 , ERR: 1 
# -----------------------------------------------------------------------
# -----------------------------------------------------------------------
#  [FAIL] Incorrect Output at MODE: 0 , CMD: 12 
#  Inputs:	OPA: 207 , OPB: 253 , INP_VALID : 11 
#  Expected Result : RES:     0 , COUT: 0 , OFLOW: 0 , EGL: 000 , ERR: 1 
#  DUT Result	: RES:   249 , COUT: 0 , OFLOW: 0 , EGL: 000 , ERR: 1 
# -----------------------------------------------------------------------
#  [PASS] Inputs: OPA:  59 , OPB:   7 , INP_VALID : 11 
#  Expected Result : RES:   157 , COUT: 0 , OFLOW: 0 , EGL: 000 , ERR: 0 
#  DUT Result	: RES:   157 , COUT: 0 , OFLOW: 0 , EGL: 000 , ERR: 0 
# -----------------------------------------------------------------------
#  [FAIL] Incorrect Output at MODE: 0 , CMD: 12 
#  Inputs:	OPA:  18 , OPB: 253 , INP_VALID : 11 
#  Expected Result : RES:     0 , COUT: 0 , OFLOW: 0 , EGL: 000 , ERR: 1 
#  DUT Result	: RES:    66 , COUT: 0 , OFLOW: 0 , EGL: 000 , ERR: 1 
# -----------------------------------------------------------------------
# -----------------------------------------------------------------------
#  [FAIL] Incorrect Output at MODE: 0 , CMD: 12 
#  Inputs:	OPA: 114 , OPB: 254 , INP_VALID : 11 
#  Expected Result : RES:     0 , COUT: 0 , OFLOW: 0 , EGL: 000 , ERR: 1 
#  DUT Result	: RES:   156 , COUT: 0 , OFLOW: 0 , EGL: 000 , ERR: 1 
# -----------------------------------------------------------------------
#  [PASS] Inputs: OPA:  36 , OPB:   1 , INP_VALID : 11 
#  Expected Result : RES:    72 , COUT: 0 , OFLOW: 0 , EGL: 000 , ERR: 0 
#  DUT Result	: RES:    72 , COUT: 0 , OFLOW: 0 , EGL: 000 , ERR: 0 
# -----------------------------------------------------------------------
#  [FAIL] Incorrect Output at MODE: 0 , CMD: 12 
#  Inputs:	OPA:  92 , OPB: 250 , INP_VALID : 11 
#  Expected Result : RES:     0 , COUT: 0 , OFLOW: 0 , EGL: 000 , ERR: 1 
#  DUT Result	: RES:   113 , COUT: 0 , OFLOW: 0 , EGL: 000 , ERR: 1 
# -----------------------------------------------------------------------
#  [PASS] Inputs: OPA: 183 , OPB:   5 , INP_VALID : 11 
#  Expected Result : RES:   246 , COUT: 0 , OFLOW: 0 , EGL: 000 , ERR: 0 
#  DUT Result	: RES:   246 , COUT: 0 , OFLOW: 0 , EGL: 000 , ERR: 0 
#  [PASS] Inputs: OPA:  86 , OPB:   5 , INP_VALID : 11 
#  Expected Result : RES:   202 , COUT: 0 , OFLOW: 0 , EGL: 000 , ERR: 0 
#  DUT Result	: RES:   202 , COUT: 0 , OFLOW: 0 , EGL: 000 , ERR: 0 
#  [PASS] Inputs: OPA: 106 , OPB:   6 , INP_VALID : 11 
#  Expected Result : RES:   154 , COUT: 0 , OFLOW: 0 , EGL: 000 , ERR: 0 
#  DUT Result	: RES:   154 , COUT: 0 , OFLOW: 0 , EGL: 000 , ERR: 0 
#  [PASS] Inputs: OPA:   4 , OPB:   1 , INP_VALID : 11 
#  Expected Result : RES:     8 , COUT: 0 , OFLOW: 0 , EGL: 000 , ERR: 0 
#  DUT Result	: RES:     8 , COUT: 0 , OFLOW: 0 , EGL: 000 , ERR: 0 
# -----------------------------------------------------------------------
#  [FAIL] Incorrect Output at MODE: 0 , CMD: 12 
#  Inputs:	OPA: 144 , OPB: 254 , INP_VALID : 11 
#  Expected Result : RES:     0 , COUT: 0 , OFLOW: 0 , EGL: 000 , ERR: 1 
#  DUT Result	: RES:    36 , COUT: 0 , OFLOW: 0 , EGL: 000 , ERR: 1 
# -----------------------------------------------------------------------
# -----------------------------------------------------------------------
#  [FAIL] Incorrect Output at MODE: 0 , CMD: 12 
#  Inputs:	OPA: 190 , OPB: 250 , INP_VALID : 11 
#  Expected Result : RES:     0 , COUT: 0 , OFLOW: 0 , EGL: 000 , ERR: 1 
#  DUT Result	: RES:   250 , COUT: 0 , OFLOW: 0 , EGL: 000 , ERR: 1 
# -----------------------------------------------------------------------
#  [PASS] Inputs: OPA:  76 , OPB:   3 , INP_VALID : 11 
#  Expected Result : RES:    98 , COUT: 0 , OFLOW: 0 , EGL: 000 , ERR: 0 
#  DUT Result	: RES:    98 , COUT: 0 , OFLOW: 0 , EGL: 000 , ERR: 0 
#  [PASS] Inputs: OPA: 101 , OPB:   0 , INP_VALID : 11 
#  Expected Result : RES:   101 , COUT: 0 , OFLOW: 0 , EGL: 000 , ERR: 0 
#  DUT Result	: RES:   101 , COUT: 0 , OFLOW: 0 , EGL: 000 , ERR: 0 
#  [PASS] Inputs: OPA:  25 , OPB:   3 , INP_VALID : 11 
#  Expected Result : RES:   200 , COUT: 0 , OFLOW: 0 , EGL: 000 , ERR: 0 
#  DUT Result	: RES:   200 , COUT: 0 , OFLOW: 0 , EGL: 000 , ERR: 0 
# -----------------------------------------------------------------------
#  [FAIL] Incorrect Output at MODE: 0 , CMD: 12 
#  Inputs:	OPA: 151 , OPB: 250 , INP_VALID : 11 
#  Expected Result : RES:     0 , COUT: 0 , OFLOW: 0 , EGL: 000 , ERR: 1 
#  DUT Result	: RES:    94 , COUT: 0 , OFLOW: 0 , EGL: 000 , ERR: 1 
# -----------------------------------------------------------------------
# -----------------------------------------------------------------------
#  [FAIL] Incorrect Output at MODE: 0 , CMD: 12 
#  Inputs:	OPA: 172 , OPB: 251 , INP_VALID : 11 
#  Expected Result : RES:     0 , COUT: 0 , OFLOW: 0 , EGL: 000 , ERR: 1 
#  DUT Result	: RES:   101 , COUT: 0 , OFLOW: 0 , EGL: 000 , ERR: 1 
# -----------------------------------------------------------------------
# -----------------------------------------------------------------------
#  [FAIL] Incorrect Output at MODE: 0 , CMD: 12 
#  Inputs:	OPA:  64 , OPB: 253 , INP_VALID : 11 
#  Expected Result : RES:     0 , COUT: 0 , OFLOW: 0 , EGL: 000 , ERR: 1 
#  DUT Result	: RES:     8 , COUT: 0 , OFLOW: 0 , EGL: 000 , ERR: 1 
# -----------------------------------------------------------------------
#  [PASS] Inputs: OPA:  54 , OPB:   7 , INP_VALID : 11 
#  Expected Result : RES:    27 , COUT: 0 , OFLOW: 0 , EGL: 000 , ERR: 0 
#  DUT Result	: RES:    27 , COUT: 0 , OFLOW: 0 , EGL: 000 , ERR: 0 
#  [PASS] Inputs: OPA: 142 , OPB:   1 , INP_VALID : 11 
#  Expected Result : RES:    29 , COUT: 0 , OFLOW: 0 , EGL: 000 , ERR: 0 
#  DUT Result	: RES:    29 , COUT: 0 , OFLOW: 0 , EGL: 000 , ERR: 0 
#  [PASS] Inputs: OPA:   9 , OPB:   0 , INP_VALID : 11 
#  Expected Result : RES:     9 , COUT: 0 , OFLOW: 0 , EGL: 000 , ERR: 0 
#  DUT Result	: RES:     9 , COUT: 0 , OFLOW: 0 , EGL: 000 , ERR: 0 
#  [PASS] Inputs: OPA:  70 , OPB:   7 , INP_VALID : 11 
#  Expected Result : RES:    35 , COUT: 0 , OFLOW: 0 , EGL: 000 , ERR: 0 
#  DUT Result	: RES:    35 , COUT: 0 , OFLOW: 0 , EGL: 000 , ERR: 0 
#  [PASS] Inputs: OPA: 151 , OPB:   3 , INP_VALID : 11 
#  Expected Result : RES:   188 , COUT: 0 , OFLOW: 0 , EGL: 000 , ERR: 0 
#  DUT Result	: RES:   188 , COUT: 0 , OFLOW: 0 , EGL: 000 , ERR: 0 
# -----------------------------------------------------------------------
#  [FAIL] Incorrect Output at MODE: 0 , CMD: 12 
#  Inputs:	OPA: 115 , OPB: 254 , INP_VALID : 11 
#  Expected Result : RES:     0 , COUT: 0 , OFLOW: 0 , EGL: 000 , ERR: 1 
#  DUT Result	: RES:   220 , COUT: 0 , OFLOW: 0 , EGL: 000 , ERR: 1 
# -----------------------------------------------------------------------
# -----------------------------------------------------------------------
#  [FAIL] Incorrect Output at MODE: 0 , CMD: 12 
#  Inputs:	OPA: 217 , OPB: 249 , INP_VALID : 11 
#  Expected Result : RES:     0 , COUT: 0 , OFLOW: 0 , EGL: 000 , ERR: 1 
#  DUT Result	: RES:   179 , COUT: 0 , OFLOW: 0 , EGL: 000 , ERR: 1 
# -----------------------------------------------------------------------
#  [PASS] Inputs: OPA: 125 , OPB:   1 , INP_VALID : 11 
#  Expected Result : RES:   250 , COUT: 0 , OFLOW: 0 , EGL: 000 , ERR: 0 
#  DUT Result	: RES:   250 , COUT: 0 , OFLOW: 0 , EGL: 000 , ERR: 0 
# -----------------------------------------------------------------------
#  [FAIL] Incorrect Output at MODE: 0 , CMD: 12 
#  Inputs:	OPA:  18 , OPB: 252 , INP_VALID : 11 
#  Expected Result : RES:     0 , COUT: 0 , OFLOW: 0 , EGL: 000 , ERR: 1 
#  DUT Result	: RES:    33 , COUT: 0 , OFLOW: 0 , EGL: 000 , ERR: 1 
# -----------------------------------------------------------------------
#  [PASS] Inputs: OPA: 151 , OPB:   0 , INP_VALID : 11 
#  Expected Result : RES:   151 , COUT: 0 , OFLOW: 0 , EGL: 000 , ERR: 0 
#  DUT Result	: RES:   151 , COUT: 0 , OFLOW: 0 , EGL: 000 , ERR: 0 
#  [PASS] Inputs: OPA: 237 , OPB:   2 , INP_VALID : 11 
#  Expected Result : RES:   183 , COUT: 0 , OFLOW: 0 , EGL: 000 , ERR: 0 
#  DUT Result	: RES:   183 , COUT: 0 , OFLOW: 0 , EGL: 000 , ERR: 0 
#  [PASS] Inputs: OPA: 153 , OPB:   4 , INP_VALID : 11 
#  Expected Result : RES:   153 , COUT: 0 , OFLOW: 0 , EGL: 000 , ERR: 0 
#  DUT Result	: RES:   153 , COUT: 0 , OFLOW: 0 , EGL: 000 , ERR: 0 
# -----------------------------------------------------------------------
#  [FAIL] Incorrect Output at MODE: 0 , CMD: 12 
#  Inputs:	OPA:   8 , OPB: 254 , INP_VALID : 11 
#  Expected Result : RES:     0 , COUT: 0 , OFLOW: 0 , EGL: 000 , ERR: 1 
#  DUT Result	: RES:     2 , COUT: 0 , OFLOW: 0 , EGL: 000 , ERR: 1 
# -----------------------------------------------------------------------
# -----------------------------------------------------------------------
#  [FAIL] Incorrect Output at MODE: 0 , CMD: 12 
#  Inputs:	OPA:  45 , OPB: 250 , INP_VALID : 11 
#  Expected Result : RES:     0 , COUT: 0 , OFLOW: 0 , EGL: 000 , ERR: 1 
#  DUT Result	: RES:   180 , COUT: 0 , OFLOW: 0 , EGL: 000 , ERR: 1 
# -----------------------------------------------------------------------
#  [PASS] Inputs: OPA: 207 , OPB:   5 , INP_VALID : 11 
#  Expected Result : RES:   249 , COUT: 0 , OFLOW: 0 , EGL: 000 , ERR: 0 
#  DUT Result	: RES:   249 , COUT: 0 , OFLOW: 0 , EGL: 000 , ERR: 0 
# -----------------------------------------------------------------------
#  [FAIL] Incorrect Output at MODE: 0 , CMD: 12 
#  Inputs:	OPA: 100 , OPB: 254 , INP_VALID : 11 
#  Expected Result : RES:     0 , COUT: 0 , OFLOW: 0 , EGL: 000 , ERR: 1 
#  DUT Result	: RES:    25 , COUT: 0 , OFLOW: 0 , EGL: 000 , ERR: 1 
# -----------------------------------------------------------------------
#  [PASS] Inputs: OPA: 197 , OPB:   0 , INP_VALID : 11 
#  Expected Result : RES:   197 , COUT: 0 , OFLOW: 0 , EGL: 000 , ERR: 0 
#  DUT Result	: RES:   197 , COUT: 0 , OFLOW: 0 , EGL: 000 , ERR: 0 
#  [PASS] Inputs: OPA: 168 , OPB:   4 , INP_VALID : 11 
#  Expected Result : RES:   138 , COUT: 0 , OFLOW: 0 , EGL: 000 , ERR: 0 
#  DUT Result	: RES:   138 , COUT: 0 , OFLOW: 0 , EGL: 000 , ERR: 0 
#  [PASS] Inputs: OPA:  34 , OPB:   0 , INP_VALID : 11 
#  Expected Result : RES:    34 , COUT: 0 , OFLOW: 0 , EGL: 000 , ERR: 0 
#  DUT Result	: RES:    34 , COUT: 0 , OFLOW: 0 , EGL: 000 , ERR: 0 
#  [PASS] Inputs: OPA:  20 , OPB:   2 , INP_VALID : 11 
#  Expected Result : RES:    80 , COUT: 0 , OFLOW: 0 , EGL: 000 , ERR: 0 
#  DUT Result	: RES:    80 , COUT: 0 , OFLOW: 0 , EGL: 000 , ERR: 0 
# -----------------------------------------------------------------------
#  [FAIL] Incorrect Output at MODE: 0 , CMD: 12 
#  Inputs:	OPA: 220 , OPB: 249 , INP_VALID : 11 
#  Expected Result : RES:     0 , COUT: 0 , OFLOW: 0 , EGL: 000 , ERR: 1 
#  DUT Result	: RES:   185 , COUT: 0 , OFLOW: 0 , EGL: 000 , ERR: 1 
# -----------------------------------------------------------------------
#  [PASS] Inputs: OPA:  31 , OPB:   7 , INP_VALID : 11 
#  Expected Result : RES:   143 , COUT: 0 , OFLOW: 0 , EGL: 000 , ERR: 0 
#  DUT Result	: RES:   143 , COUT: 0 , OFLOW: 0 , EGL: 000 , ERR: 0 
#  [PASS] Inputs: OPA:   3 , OPB:   2 , INP_VALID : 11 
#  Expected Result : RES:    12 , COUT: 0 , OFLOW: 0 , EGL: 000 , ERR: 0 
#  DUT Result	: RES:    12 , COUT: 0 , OFLOW: 0 , EGL: 000 , ERR: 0 
# -----------------------------------------------------------------------
#  [FAIL] Incorrect Output at MODE: 0 , CMD: 12 
#  Inputs:	OPA: 181 , OPB: 250 , INP_VALID : 11 
#  Expected Result : RES:     0 , COUT: 0 , OFLOW: 0 , EGL: 000 , ERR: 1 
#  DUT Result	: RES:   214 , COUT: 0 , OFLOW: 0 , EGL: 000 , ERR: 1 
# -----------------------------------------------------------------------
#  [PASS] Inputs: OPA: 139 , OPB:   5 , INP_VALID : 11 
#  Expected Result : RES:   113 , COUT: 0 , OFLOW: 0 , EGL: 000 , ERR: 0 
#  DUT Result	: RES:   113 , COUT: 0 , OFLOW: 0 , EGL: 000 , ERR: 0 
#  [PASS] Inputs: OPA: 168 , OPB:   5 , INP_VALID : 11 
#  Expected Result : RES:    21 , COUT: 0 , OFLOW: 0 , EGL: 000 , ERR: 0 
#  DUT Result	: RES:    21 , COUT: 0 , OFLOW: 0 , EGL: 000 , ERR: 0 
# -----------------------------------------------------------------------
#  [FAIL] Incorrect Output at MODE: 0 , CMD: 12 
#  Inputs:	OPA: 105 , OPB: 252 , INP_VALID : 11 
#  Expected Result : RES:     0 , COUT: 0 , OFLOW: 0 , EGL: 000 , ERR: 1 
#  DUT Result	: RES:   150 , COUT: 0 , OFLOW: 0 , EGL: 000 , ERR: 1 
# -----------------------------------------------------------------------
#  [PASS] Inputs: OPA: 130 , OPB:   5 , INP_VALID : 11 
#  Expected Result : RES:    80 , COUT: 0 , OFLOW: 0 , EGL: 000 , ERR: 0 
#  DUT Result	: RES:    80 , COUT: 0 , OFLOW: 0 , EGL: 000 , ERR: 0 
#  [PASS] Inputs: OPA:  25 , OPB:   4 , INP_VALID : 11 
#  Expected Result : RES:   145 , COUT: 0 , OFLOW: 0 , EGL: 000 , ERR: 0 
#  DUT Result	: RES:   145 , COUT: 0 , OFLOW: 0 , EGL: 000 , ERR: 0 
#  [PASS] Inputs: OPA: 187 , OPB:   0 , INP_VALID : 11 
#  Expected Result : RES:   187 , COUT: 0 , OFLOW: 0 , EGL: 000 , ERR: 0 
#  DUT Result	: RES:   187 , COUT: 0 , OFLOW: 0 , EGL: 000 , ERR: 0 
# -----------------------------------------------------------------------
#  [FAIL] Incorrect Output at MODE: 0 , CMD: 12 
#  Inputs:	OPA: 130 , OPB: 255 , INP_VALID : 11 
#  Expected Result : RES:     0 , COUT: 0 , OFLOW: 0 , EGL: 000 , ERR: 1 
#  DUT Result	: RES:    65 , COUT: 0 , OFLOW: 0 , EGL: 000 , ERR: 1 
# -----------------------------------------------------------------------
# -----------------------------------------------------------------------
#  [FAIL] Incorrect Output at MODE: 0 , CMD: 12 
#  Inputs:	OPA:  73 , OPB: 254 , INP_VALID : 11 
#  Expected Result : RES:     0 , COUT: 0 , OFLOW: 0 , EGL: 000 , ERR: 1 
#  DUT Result	: RES:    82 , COUT: 0 , OFLOW: 0 , EGL: 000 , ERR: 1 
# -----------------------------------------------------------------------
#  [PASS] Inputs: OPA:  55 , OPB:   5 , INP_VALID : 11 
#  Expected Result : RES:   230 , COUT: 0 , OFLOW: 0 , EGL: 000 , ERR: 0 
#  DUT Result	: RES:   230 , COUT: 0 , OFLOW: 0 , EGL: 000 , ERR: 0 
#  [PASS] Inputs: OPA: 147 , OPB:   6 , INP_VALID : 11 
#  Expected Result : RES:   228 , COUT: 0 , OFLOW: 0 , EGL: 000 , ERR: 0 
#  DUT Result	: RES:   228 , COUT: 0 , OFLOW: 0 , EGL: 000 , ERR: 0 
# -----------------------------------------------------------------------
#  [FAIL] Incorrect Output at MODE: 0 , CMD: 12 
#  Inputs:	OPA:  26 , OPB: 255 , INP_VALID : 11 
#  Expected Result : RES:     0 , COUT: 0 , OFLOW: 0 , EGL: 000 , ERR: 1 
#  DUT Result	: RES:    13 , COUT: 0 , OFLOW: 0 , EGL: 000 , ERR: 1 
# -----------------------------------------------------------------------
#  [PASS] Inputs: OPA: 199 , OPB:   0 , INP_VALID : 11 
#  Expected Result : RES:   199 , COUT: 0 , OFLOW: 0 , EGL: 000 , ERR: 0 
#  DUT Result	: RES:   199 , COUT: 0 , OFLOW: 0 , EGL: 000 , ERR: 0 
# -----------------------------------------------------------------------
#  [FAIL] Incorrect Output at MODE: 0 , CMD: 12 
#  Inputs:	OPA:  95 , OPB: 253 , INP_VALID : 11 
#  Expected Result : RES:     0 , COUT: 0 , OFLOW: 0 , EGL: 000 , ERR: 1 
#  DUT Result	: RES:   235 , COUT: 0 , OFLOW: 0 , EGL: 000 , ERR: 1 
# -----------------------------------------------------------------------
# -----------------------------------------------------------------------
#  [FAIL] Incorrect Output at MODE: 0 , CMD: 12 
#  Inputs:	OPA: 139 , OPB: 254 , INP_VALID : 11 
#  Expected Result : RES:     0 , COUT: 0 , OFLOW: 0 , EGL: 000 , ERR: 1 
#  DUT Result	: RES:   226 , COUT: 0 , OFLOW: 0 , EGL: 000 , ERR: 1 
# -----------------------------------------------------------------------
#  [PASS] Inputs: OPA: 242 , OPB:   7 , INP_VALID : 11 
#  Expected Result : RES:   121 , COUT: 0 , OFLOW: 0 , EGL: 000 , ERR: 0 
#  DUT Result	: RES:   121 , COUT: 0 , OFLOW: 0 , EGL: 000 , ERR: 0 
# -----------------------------------------------------------------------
#  [FAIL] Incorrect Output at MODE: 0 , CMD: 12 
#  Inputs:	OPA:  15 , OPB: 249 , INP_VALID : 11 
#  Expected Result : RES:     0 , COUT: 0 , OFLOW: 0 , EGL: 000 , ERR: 1 
#  DUT Result	: RES:    30 , COUT: 0 , OFLOW: 0 , EGL: 000 , ERR: 1 
# -----------------------------------------------------------------------
#  [PASS] Inputs: OPA:  53 , OPB:   4 , INP_VALID : 11 
#  Expected Result : RES:    83 , COUT: 0 , OFLOW: 0 , EGL: 000 , ERR: 0 
#  DUT Result	: RES:    83 , COUT: 0 , OFLOW: 0 , EGL: 000 , ERR: 0 
#  [PASS] Inputs: OPA: 129 , OPB:   7 , INP_VALID : 11 
#  Expected Result : RES:   192 , COUT: 0 , OFLOW: 0 , EGL: 000 , ERR: 0 
#  DUT Result	: RES:   192 , COUT: 0 , OFLOW: 0 , EGL: 000 , ERR: 0 
#  [PASS] Inputs: OPA:  39 , OPB:   0 , INP_VALID : 11 
#  Expected Result : RES:    39 , COUT: 0 , OFLOW: 0 , EGL: 000 , ERR: 0 
#  DUT Result	: RES:    39 , COUT: 0 , OFLOW: 0 , EGL: 000 , ERR: 0 
# -----------------------------------------------------------------------
#  [FAIL] Incorrect Output at MODE: 0 , CMD: 12 
#  Inputs:	OPA: 225 , OPB: 255 , INP_VALID : 11 
#  Expected Result : RES:     0 , COUT: 0 , OFLOW: 0 , EGL: 000 , ERR: 1 
#  DUT Result	: RES:   240 , COUT: 0 , OFLOW: 0 , EGL: 000 , ERR: 1 
# -----------------------------------------------------------------------
#  [PASS] Inputs: OPA: 229 , OPB:   2 , INP_VALID : 11 
#  Expected Result : RES:   151 , COUT: 0 , OFLOW: 0 , EGL: 000 , ERR: 0 
#  DUT Result	: RES:   151 , COUT: 0 , OFLOW: 0 , EGL: 000 , ERR: 0 
#  [PASS] Inputs: OPA:  50 , OPB:   2 , INP_VALID : 11 
#  Expected Result : RES:   200 , COUT: 0 , OFLOW: 0 , EGL: 000 , ERR: 0 
#  DUT Result	: RES:   200 , COUT: 0 , OFLOW: 0 , EGL: 000 , ERR: 0 
#  [PASS] Inputs: OPA: 142 , OPB:   7 , INP_VALID : 11 
#  Expected Result : RES:    71 , COUT: 0 , OFLOW: 0 , EGL: 000 , ERR: 0 
#  DUT Result	: RES:    71 , COUT: 0 , OFLOW: 0 , EGL: 000 , ERR: 0 
# -----------------------------------------------------------------------
#  [FAIL] Incorrect Output at MODE: 0 , CMD: 12 
#  Inputs:	OPA:  16 , OPB: 252 , INP_VALID : 11 
#  Expected Result : RES:     0 , COUT: 0 , OFLOW: 0 , EGL: 000 , ERR: 1 
#  DUT Result	: RES:     1 , COUT: 0 , OFLOW: 0 , EGL: 000 , ERR: 1 
# -----------------------------------------------------------------------
#  [PASS] Inputs: OPA: 135 , OPB:   4 , INP_VALID : 11 
#  Expected Result : RES:   120 , COUT: 0 , OFLOW: 0 , EGL: 000 , ERR: 0 
#  DUT Result	: RES:   120 , COUT: 0 , OFLOW: 0 , EGL: 000 , ERR: 0 
#  [PASS] Inputs: OPA: 159 , OPB:   4 , INP_VALID : 11 
#  Expected Result : RES:   249 , COUT: 0 , OFLOW: 0 , EGL: 000 , ERR: 0 
#  DUT Result	: RES:   249 , COUT: 0 , OFLOW: 0 , EGL: 000 , ERR: 0 
#  [PASS] Inputs: OPA:  24 , OPB:   0 , INP_VALID : 11 
#  Expected Result : RES:    24 , COUT: 0 , OFLOW: 0 , EGL: 000 , ERR: 0 
#  DUT Result	: RES:    24 , COUT: 0 , OFLOW: 0 , EGL: 000 , ERR: 0 
#  [PASS] Inputs: OPA: 226 , OPB:   6 , INP_VALID : 11 
#  Expected Result : RES:   184 , COUT: 0 , OFLOW: 0 , EGL: 000 , ERR: 0 
#  DUT Result	: RES:   184 , COUT: 0 , OFLOW: 0 , EGL: 000 , ERR: 0 
#  [PASS] Inputs: OPA: 122 , OPB:   3 , INP_VALID : 11 
#  Expected Result : RES:   211 , COUT: 0 , OFLOW: 0 , EGL: 000 , ERR: 0 
#  DUT Result	: RES:   211 , COUT: 0 , OFLOW: 0 , EGL: 000 , ERR: 0 
#  [PASS] Inputs: OPA: 105 , OPB:   0 , INP_VALID : 11 
#  Expected Result : RES:   105 , COUT: 0 , OFLOW: 0 , EGL: 000 , ERR: 0 
#  DUT Result	: RES:   105 , COUT: 0 , OFLOW: 0 , EGL: 000 , ERR: 0 
#  [PASS] Inputs: OPA:  46 , OPB:   4 , INP_VALID : 11 
#  Expected Result : RES:   226 , COUT: 0 , OFLOW: 0 , EGL: 000 , ERR: 0 
#  DUT Result	: RES:   226 , COUT: 0 , OFLOW: 0 , EGL: 000 , ERR: 0 
#  [PASS] Inputs: OPA: 108 , OPB:   5 , INP_VALID : 11 
#  Expected Result : RES:   141 , COUT: 0 , OFLOW: 0 , EGL: 000 , ERR: 0 
#  DUT Result	: RES:   141 , COUT: 0 , OFLOW: 0 , EGL: 000 , ERR: 0 
#  [PASS] Inputs: OPA: 200 , OPB:   0 , INP_VALID : 11 
#  Expected Result : RES:   200 , COUT: 0 , OFLOW: 0 , EGL: 000 , ERR: 0 
#  DUT Result	: RES:   200 , COUT: 0 , OFLOW: 0 , EGL: 000 , ERR: 0 
#  [PASS] Inputs: OPA:  52 , OPB:   4 , INP_VALID : 11 
#  Expected Result : RES:    67 , COUT: 0 , OFLOW: 0 , EGL: 000 , ERR: 0 
#  DUT Result	: RES:    67 , COUT: 0 , OFLOW: 0 , EGL: 000 , ERR: 0 
# -----------------------------------------------------------------------
#  [FAIL] Incorrect Output at MODE: 0 , CMD: 12 
#  Inputs:	OPA:  17 , OPB: 249 , INP_VALID : 11 
#  Expected Result : RES:     0 , COUT: 0 , OFLOW: 0 , EGL: 000 , ERR: 1 
#  DUT Result	: RES:    34 , COUT: 0 , OFLOW: 0 , EGL: 000 , ERR: 1 
# -----------------------------------------------------------------------
# -----------------------------------------------------------------------
#  [FAIL] Incorrect Output at MODE: 0 , CMD: 12 
#  Inputs:	OPA: 247 , OPB: 249 , INP_VALID : 11 
#  Expected Result : RES:     0 , COUT: 0 , OFLOW: 0 , EGL: 000 , ERR: 1 
#  DUT Result	: RES:   239 , COUT: 0 , OFLOW: 0 , EGL: 000 , ERR: 1 
# -----------------------------------------------------------------------
# -----------------------------------------------------------------------
#  [FAIL] Incorrect Output at MODE: 0 , CMD: 12 
#  Inputs:	OPA: 133 , OPB: 255 , INP_VALID : 11 
#  Expected Result : RES:     0 , COUT: 0 , OFLOW: 0 , EGL: 000 , ERR: 1 
#  DUT Result	: RES:   194 , COUT: 0 , OFLOW: 0 , EGL: 000 , ERR: 1 
# -----------------------------------------------------------------------
#  [PASS] Inputs: OPA:   4 , OPB:   7 , INP_VALID : 11 
#  Expected Result : RES:     2 , COUT: 0 , OFLOW: 0 , EGL: 000 , ERR: 0 
#  DUT Result	: RES:     2 , COUT: 0 , OFLOW: 0 , EGL: 000 , ERR: 0 
# -----------------------------------------------------------------------
#  [FAIL] Incorrect Output at MODE: 0 , CMD: 12 
#  Inputs:	OPA:  61 , OPB: 251 , INP_VALID : 11 
#  Expected Result : RES:     0 , COUT: 0 , OFLOW: 0 , EGL: 000 , ERR: 1 
#  DUT Result	: RES:   233 , COUT: 0 , OFLOW: 0 , EGL: 000 , ERR: 1 
# -----------------------------------------------------------------------
# -----------------------------------------------------------------------
#  [FAIL] Incorrect Output at MODE: 0 , CMD: 12 
#  Inputs:	OPA:  91 , OPB: 252 , INP_VALID : 11 
#  Expected Result : RES:     0 , COUT: 0 , OFLOW: 0 , EGL: 000 , ERR: 1 
#  DUT Result	: RES:   181 , COUT: 0 , OFLOW: 0 , EGL: 000 , ERR: 1 
# -----------------------------------------------------------------------
#  [PASS] Inputs: OPA:  45 , OPB:   2 , INP_VALID : 11 
#  Expected Result : RES:   180 , COUT: 0 , OFLOW: 0 , EGL: 000 , ERR: 0 
#  DUT Result	: RES:   180 , COUT: 0 , OFLOW: 0 , EGL: 000 , ERR: 0 
# -----------------------------------------------------------------------
#  [FAIL] Incorrect Output at MODE: 0 , CMD: 12 
#  Inputs:	OPA: 158 , OPB: 252 , INP_VALID : 11 
#  Expected Result : RES:     0 , COUT: 0 , OFLOW: 0 , EGL: 000 , ERR: 1 
#  DUT Result	: RES:   233 , COUT: 0 , OFLOW: 0 , EGL: 000 , ERR: 1 
# -----------------------------------------------------------------------
# -----------------------------------------------------------------------
#  [FAIL] Incorrect Output at MODE: 0 , CMD: 12 
#  Inputs:	OPA: 200 , OPB: 251 , INP_VALID : 11 
#  Expected Result : RES:     0 , COUT: 0 , OFLOW: 0 , EGL: 000 , ERR: 1 
#  DUT Result	: RES:    70 , COUT: 0 , OFLOW: 0 , EGL: 000 , ERR: 1 
# -----------------------------------------------------------------------
# -----------------------------------------------------------------------
#  [FAIL] Incorrect Output at MODE: 0 , CMD: 12 
#  Inputs:	OPA: 100 , OPB: 251 , INP_VALID : 11 
#  Expected Result : RES:     0 , COUT: 0 , OFLOW: 0 , EGL: 000 , ERR: 1 
#  DUT Result	: RES:    35 , COUT: 0 , OFLOW: 0 , EGL: 000 , ERR: 1 
# -----------------------------------------------------------------------
# -----------------------------------------------------------------------
#  [FAIL] Incorrect Output at MODE: 0 , CMD: 12 
#  Inputs:	OPA:   6 , OPB: 251 , INP_VALID : 11 
#  Expected Result : RES:     0 , COUT: 0 , OFLOW: 0 , EGL: 000 , ERR: 1 
#  DUT Result	: RES:    48 , COUT: 0 , OFLOW: 0 , EGL: 000 , ERR: 1 
# -----------------------------------------------------------------------
#  [PASS] Inputs: OPA: 235 , OPB:   2 , INP_VALID : 11 
#  Expected Result : RES:   175 , COUT: 0 , OFLOW: 0 , EGL: 000 , ERR: 0 
#  DUT Result	: RES:   175 , COUT: 0 , OFLOW: 0 , EGL: 000 , ERR: 0 
#  [PASS] Inputs: OPA: 193 , OPB:   0 , INP_VALID : 11 
#  Expected Result : RES:   193 , COUT: 0 , OFLOW: 0 , EGL: 000 , ERR: 0 
#  DUT Result	: RES:   193 , COUT: 0 , OFLOW: 0 , EGL: 000 , ERR: 0 
#  [PASS] Inputs: OPA:  46 , OPB:   1 , INP_VALID : 11 
#  Expected Result : RES:    23 , COUT: 0 , OFLOW: 0 , EGL: 000 , ERR: 0 
#  DUT Result	: RES:    23 , COUT: 0 , OFLOW: 0 , EGL: 000 , ERR: 0 
# -----------------------------------------------------------------------
#  [FAIL] Incorrect Output at MODE: 0 , CMD: 13 
#  Inputs:	OPA: 127 , OPB: 254 , INP_VALID : 11 
#  Expected Result : RES:     0 , COUT: 0 , OFLOW: 0 , EGL: 000 , ERR: 1 
#  DUT Result	: RES:   253 , COUT: 0 , OFLOW: 0 , EGL: 000 , ERR: 1 
# -----------------------------------------------------------------------
# -----------------------------------------------------------------------
#  [FAIL] Incorrect Output at MODE: 0 , CMD: 13 
#  Inputs:	OPA:  84 , OPB: 249 , INP_VALID : 11 
#  Expected Result : RES:     0 , COUT: 0 , OFLOW: 0 , EGL: 000 , ERR: 1 
#  DUT Result	: RES:    42 , COUT: 0 , OFLOW: 0 , EGL: 000 , ERR: 1 
# -----------------------------------------------------------------------
#  [PASS] Inputs: OPA: 144 , OPB:   6 , INP_VALID : 11 
#  Expected Result : RES:    66 , COUT: 0 , OFLOW: 0 , EGL: 000 , ERR: 0 
#  DUT Result	: RES:    66 , COUT: 0 , OFLOW: 0 , EGL: 000 , ERR: 0 
#  [PASS] Inputs: OPA: 134 , OPB:   0 , INP_VALID : 11 
#  Expected Result : RES:   134 , COUT: 0 , OFLOW: 0 , EGL: 000 , ERR: 0 
#  DUT Result	: RES:   134 , COUT: 0 , OFLOW: 0 , EGL: 000 , ERR: 0 
#  [PASS] Inputs: OPA: 147 , OPB:   6 , INP_VALID : 11 
#  Expected Result : RES:    78 , COUT: 0 , OFLOW: 0 , EGL: 000 , ERR: 0 
#  DUT Result	: RES:    78 , COUT: 0 , OFLOW: 0 , EGL: 000 , ERR: 0 
#  [PASS] Inputs: OPA:  34 , OPB:   3 , INP_VALID : 11 
#  Expected Result : RES:    68 , COUT: 0 , OFLOW: 0 , EGL: 000 , ERR: 0 
#  DUT Result	: RES:    68 , COUT: 0 , OFLOW: 0 , EGL: 000 , ERR: 0 
# -----------------------------------------------------------------------
#  [FAIL] Incorrect Output at MODE: 0 , CMD: 13 
#  Inputs:	OPA:  88 , OPB: 255 , INP_VALID : 11 
#  Expected Result : RES:     0 , COUT: 0 , OFLOW: 0 , EGL: 000 , ERR: 1 
#  DUT Result	: RES:   176 , COUT: 0 , OFLOW: 0 , EGL: 000 , ERR: 1 
# -----------------------------------------------------------------------
#  [PASS] Inputs: OPA:  76 , OPB:   4 , INP_VALID : 11 
#  Expected Result : RES:   196 , COUT: 0 , OFLOW: 0 , EGL: 000 , ERR: 0 
#  DUT Result	: RES:   196 , COUT: 0 , OFLOW: 0 , EGL: 000 , ERR: 0 
#  [PASS] Inputs: OPA:  35 , OPB:   5 , INP_VALID : 11 
#  Expected Result : RES:    25 , COUT: 0 , OFLOW: 0 , EGL: 000 , ERR: 0 
#  DUT Result	: RES:    25 , COUT: 0 , OFLOW: 0 , EGL: 000 , ERR: 0 
#  [PASS] Inputs: OPA: 226 , OPB:   2 , INP_VALID : 11 
#  Expected Result : RES:   184 , COUT: 0 , OFLOW: 0 , EGL: 000 , ERR: 0 
#  DUT Result	: RES:   184 , COUT: 0 , OFLOW: 0 , EGL: 000 , ERR: 0 
# -----------------------------------------------------------------------
#  [FAIL] Incorrect Output at MODE: 0 , CMD: 13 
#  Inputs:	OPA:  82 , OPB: 251 , INP_VALID : 11 
#  Expected Result : RES:     0 , COUT: 0 , OFLOW: 0 , EGL: 000 , ERR: 1 
#  DUT Result	: RES:    74 , COUT: 0 , OFLOW: 0 , EGL: 000 , ERR: 1 
# -----------------------------------------------------------------------
# -----------------------------------------------------------------------
#  [FAIL] Incorrect Output at MODE: 0 , CMD: 13 
#  Inputs:	OPA: 208 , OPB: 251 , INP_VALID : 11 
#  Expected Result : RES:     0 , COUT: 0 , OFLOW: 0 , EGL: 000 , ERR: 1 
#  DUT Result	: RES:    26 , COUT: 0 , OFLOW: 0 , EGL: 000 , ERR: 1 
# -----------------------------------------------------------------------
#  [PASS] Inputs: OPA:  92 , OPB:   0 , INP_VALID : 11 
#  Expected Result : RES:    92 , COUT: 0 , OFLOW: 0 , EGL: 000 , ERR: 0 
#  DUT Result	: RES:    92 , COUT: 0 , OFLOW: 0 , EGL: 000 , ERR: 0 
# -----------------------------------------------------------------------
#  [FAIL] Incorrect Output at MODE: 0 , CMD: 13 
#  Inputs:	OPA: 194 , OPB: 251 , INP_VALID : 11 
#  Expected Result : RES:     0 , COUT: 0 , OFLOW: 0 , EGL: 000 , ERR: 1 
#  DUT Result	: RES:    88 , COUT: 0 , OFLOW: 0 , EGL: 000 , ERR: 1 
# -----------------------------------------------------------------------
# -----------------------------------------------------------------------
#  [FAIL] Incorrect Output at MODE: 0 , CMD: 13 
#  Inputs:	OPA:  54 , OPB: 255 , INP_VALID : 11 
#  Expected Result : RES:     0 , COUT: 0 , OFLOW: 0 , EGL: 000 , ERR: 1 
#  DUT Result	: RES:   108 , COUT: 0 , OFLOW: 0 , EGL: 000 , ERR: 1 
# -----------------------------------------------------------------------
#  [PASS] Inputs: OPA:  54 , OPB:   5 , INP_VALID : 11 
#  Expected Result : RES:   177 , COUT: 0 , OFLOW: 0 , EGL: 000 , ERR: 0 
#  DUT Result	: RES:   177 , COUT: 0 , OFLOW: 0 , EGL: 000 , ERR: 0 
# -----------------------------------------------------------------------
#  [FAIL] Incorrect Output at MODE: 0 , CMD: 13 
#  Inputs:	OPA:  20 , OPB: 251 , INP_VALID : 11 
#  Expected Result : RES:     0 , COUT: 0 , OFLOW: 0 , EGL: 000 , ERR: 1 
#  DUT Result	: RES:   130 , COUT: 0 , OFLOW: 0 , EGL: 000 , ERR: 1 
# -----------------------------------------------------------------------
# -----------------------------------------------------------------------
#  [FAIL] Incorrect Output at MODE: 0 , CMD: 13 
#  Inputs:	OPA: 240 , OPB: 252 , INP_VALID : 11 
#  Expected Result : RES:     0 , COUT: 0 , OFLOW: 0 , EGL: 000 , ERR: 1 
#  DUT Result	: RES:    15 , COUT: 0 , OFLOW: 0 , EGL: 000 , ERR: 1 
# -----------------------------------------------------------------------
#  [PASS] Inputs: OPA: 143 , OPB:   4 , INP_VALID : 11 
#  Expected Result : RES:   248 , COUT: 0 , OFLOW: 0 , EGL: 000 , ERR: 0 
#  DUT Result	: RES:   248 , COUT: 0 , OFLOW: 0 , EGL: 000 , ERR: 0 
#  [PASS] Inputs: OPA: 208 , OPB:   0 , INP_VALID : 11 
#  Expected Result : RES:   208 , COUT: 0 , OFLOW: 0 , EGL: 000 , ERR: 0 
#  DUT Result	: RES:   208 , COUT: 0 , OFLOW: 0 , EGL: 000 , ERR: 0 
# -----------------------------------------------------------------------
#  [FAIL] Incorrect Output at MODE: 0 , CMD: 13 
#  Inputs:	OPA:  41 , OPB: 255 , INP_VALID : 11 
#  Expected Result : RES:     0 , COUT: 0 , OFLOW: 0 , EGL: 000 , ERR: 1 
#  DUT Result	: RES:    82 , COUT: 0 , OFLOW: 0 , EGL: 000 , ERR: 1 
# -----------------------------------------------------------------------
#  [PASS] Inputs: OPA: 254 , OPB:   4 , INP_VALID : 11 
#  Expected Result : RES:   239 , COUT: 0 , OFLOW: 0 , EGL: 000 , ERR: 0 
#  DUT Result	: RES:   239 , COUT: 0 , OFLOW: 0 , EGL: 000 , ERR: 0 
#  [PASS] Inputs: OPA:  40 , OPB:   3 , INP_VALID : 11 
#  Expected Result : RES:     5 , COUT: 0 , OFLOW: 0 , EGL: 000 , ERR: 0 
#  DUT Result	: RES:     5 , COUT: 0 , OFLOW: 0 , EGL: 000 , ERR: 0 
# -----------------------------------------------------------------------
#  [FAIL] Incorrect Output at MODE: 0 , CMD: 13 
#  Inputs:	OPA: 132 , OPB: 250 , INP_VALID : 11 
#  Expected Result : RES:     0 , COUT: 0 , OFLOW: 0 , EGL: 000 , ERR: 1 
#  DUT Result	: RES:    33 , COUT: 0 , OFLOW: 0 , EGL: 000 , ERR: 1 
# -----------------------------------------------------------------------
#  [PASS] Inputs: OPA: 228 , OPB:   2 , INP_VALID : 11 
#  Expected Result : RES:    57 , COUT: 0 , OFLOW: 0 , EGL: 000 , ERR: 0 
#  DUT Result	: RES:    57 , COUT: 0 , OFLOW: 0 , EGL: 000 , ERR: 0 
# -----------------------------------------------------------------------
#  [FAIL] Incorrect Output at MODE: 0 , CMD: 13 
#  Inputs:	OPA:  60 , OPB: 252 , INP_VALID : 11 
#  Expected Result : RES:     0 , COUT: 0 , OFLOW: 0 , EGL: 000 , ERR: 1 
#  DUT Result	: RES:   195 , COUT: 0 , OFLOW: 0 , EGL: 000 , ERR: 1 
# -----------------------------------------------------------------------
#  [PASS] Inputs: OPA:  97 , OPB:   0 , INP_VALID : 11 
#  Expected Result : RES:    97 , COUT: 0 , OFLOW: 0 , EGL: 000 , ERR: 0 
#  DUT Result	: RES:    97 , COUT: 0 , OFLOW: 0 , EGL: 000 , ERR: 0 
# -----------------------------------------------------------------------
#  [FAIL] Incorrect Output at MODE: 0 , CMD: 13 
#  Inputs:	OPA:  40 , OPB: 252 , INP_VALID : 11 
#  Expected Result : RES:     0 , COUT: 0 , OFLOW: 0 , EGL: 000 , ERR: 1 
#  DUT Result	: RES:   130 , COUT: 0 , OFLOW: 0 , EGL: 000 , ERR: 1 
# -----------------------------------------------------------------------
#  [PASS] Inputs: OPA:  87 , OPB:   1 , INP_VALID : 11 
#  Expected Result : RES:   171 , COUT: 0 , OFLOW: 0 , EGL: 000 , ERR: 0 
#  DUT Result	: RES:   171 , COUT: 0 , OFLOW: 0 , EGL: 000 , ERR: 0 
#  [PASS] Inputs: OPA:  31 , OPB:   0 , INP_VALID : 11 
#  Expected Result : RES:    31 , COUT: 0 , OFLOW: 0 , EGL: 000 , ERR: 0 
#  DUT Result	: RES:    31 , COUT: 0 , OFLOW: 0 , EGL: 000 , ERR: 0 
#  [PASS] Inputs: OPA: 148 , OPB:   0 , INP_VALID : 11 
#  Expected Result : RES:   148 , COUT: 0 , OFLOW: 0 , EGL: 000 , ERR: 0 
#  DUT Result	: RES:   148 , COUT: 0 , OFLOW: 0 , EGL: 000 , ERR: 0 
# -----------------------------------------------------------------------
#  [FAIL] Incorrect Output at MODE: 0 , CMD: 13 
#  Inputs:	OPA: 230 , OPB: 253 , INP_VALID : 11 
#  Expected Result : RES:     0 , COUT: 0 , OFLOW: 0 , EGL: 000 , ERR: 1 
#  DUT Result	: RES:    55 , COUT: 0 , OFLOW: 0 , EGL: 000 , ERR: 1 
# -----------------------------------------------------------------------
#  [PASS] Inputs: OPA: 190 , OPB:   6 , INP_VALID : 11 
#  Expected Result : RES:   250 , COUT: 0 , OFLOW: 0 , EGL: 000 , ERR: 0 
#  DUT Result	: RES:   250 , COUT: 0 , OFLOW: 0 , EGL: 000 , ERR: 0 
# -----------------------------------------------------------------------
#  [FAIL] Incorrect Output at MODE: 0 , CMD: 13 
#  Inputs:	OPA: 156 , OPB: 249 , INP_VALID : 11 
#  Expected Result : RES:     0 , COUT: 0 , OFLOW: 0 , EGL: 000 , ERR: 1 
#  DUT Result	: RES:    78 , COUT: 0 , OFLOW: 0 , EGL: 000 , ERR: 1 
# -----------------------------------------------------------------------
#  [PASS] Inputs: OPA: 119 , OPB:   1 , INP_VALID : 11 
#  Expected Result : RES:   187 , COUT: 0 , OFLOW: 0 , EGL: 000 , ERR: 0 
#  DUT Result	: RES:   187 , COUT: 0 , OFLOW: 0 , EGL: 000 , ERR: 0 
#  [PASS] Inputs: OPA: 150 , OPB:   1 , INP_VALID : 11 
#  Expected Result : RES:    75 , COUT: 0 , OFLOW: 0 , EGL: 000 , ERR: 0 
#  DUT Result	: RES:    75 , COUT: 0 , OFLOW: 0 , EGL: 000 , ERR: 0 
#  [PASS] Inputs: OPA: 223 , OPB:   6 , INP_VALID : 11 
#  Expected Result : RES:   127 , COUT: 0 , OFLOW: 0 , EGL: 000 , ERR: 0 
#  DUT Result	: RES:   127 , COUT: 0 , OFLOW: 0 , EGL: 000 , ERR: 0 
#  [PASS] Inputs: OPA: 137 , OPB:   0 , INP_VALID : 11 
#  Expected Result : RES:   137 , COUT: 0 , OFLOW: 0 , EGL: 000 , ERR: 0 
#  DUT Result	: RES:   137 , COUT: 0 , OFLOW: 0 , EGL: 000 , ERR: 0 
#  [PASS] Inputs: OPA: 119 , OPB:   2 , INP_VALID : 11 
#  Expected Result : RES:   221 , COUT: 0 , OFLOW: 0 , EGL: 000 , ERR: 0 
#  DUT Result	: RES:   221 , COUT: 0 , OFLOW: 0 , EGL: 000 , ERR: 0 
# -----------------------------------------------------------------------
#  [FAIL] Incorrect Output at MODE: 0 , CMD: 13 
#  Inputs:	OPA:  36 , OPB: 252 , INP_VALID : 11 
#  Expected Result : RES:     0 , COUT: 0 , OFLOW: 0 , EGL: 000 , ERR: 1 
#  DUT Result	: RES:    66 , COUT: 0 , OFLOW: 0 , EGL: 000 , ERR: 1 
# -----------------------------------------------------------------------
#  [PASS] Inputs: OPA: 103 , OPB:   7 , INP_VALID : 11 
#  Expected Result : RES:   206 , COUT: 0 , OFLOW: 0 , EGL: 000 , ERR: 0 
#  DUT Result	: RES:   206 , COUT: 0 , OFLOW: 0 , EGL: 000 , ERR: 0 
#  [PASS] Inputs: OPA: 254 , OPB:   0 , INP_VALID : 11 
#  Expected Result : RES:   254 , COUT: 0 , OFLOW: 0 , EGL: 000 , ERR: 0 
#  DUT Result	: RES:   254 , COUT: 0 , OFLOW: 0 , EGL: 000 , ERR: 0 
#  [PASS] Inputs: OPA:  28 , OPB:   7 , INP_VALID : 11 
#  Expected Result : RES:    56 , COUT: 0 , OFLOW: 0 , EGL: 000 , ERR: 0 
#  DUT Result	: RES:    56 , COUT: 0 , OFLOW: 0 , EGL: 000 , ERR: 0 
#  [PASS] Inputs: OPA: 237 , OPB:   4 , INP_VALID : 11 
#  Expected Result : RES:   222 , COUT: 0 , OFLOW: 0 , EGL: 000 , ERR: 0 
#  DUT Result	: RES:   222 , COUT: 0 , OFLOW: 0 , EGL: 000 , ERR: 0 
# -----------------------------------------------------------------------
#  [FAIL] Incorrect Output at MODE: 0 , CMD: 13 
#  Inputs:	OPA:  79 , OPB: 252 , INP_VALID : 11 
#  Expected Result : RES:     0 , COUT: 0 , OFLOW: 0 , EGL: 000 , ERR: 1 
#  DUT Result	: RES:   244 , COUT: 0 , OFLOW: 0 , EGL: 000 , ERR: 1 
# -----------------------------------------------------------------------
# -----------------------------------------------------------------------
#  [FAIL] Incorrect Output at MODE: 0 , CMD: 13 
#  Inputs:	OPA: 181 , OPB: 254 , INP_VALID : 11 
#  Expected Result : RES:     0 , COUT: 0 , OFLOW: 0 , EGL: 000 , ERR: 1 
#  DUT Result	: RES:   214 , COUT: 0 , OFLOW: 0 , EGL: 000 , ERR: 1 
# -----------------------------------------------------------------------
# -----------------------------------------------------------------------
#  [FAIL] Incorrect Output at MODE: 0 , CMD: 13 
#  Inputs:	OPA: 103 , OPB: 255 , INP_VALID : 11 
#  Expected Result : RES:     0 , COUT: 0 , OFLOW: 0 , EGL: 000 , ERR: 1 
#  DUT Result	: RES:   206 , COUT: 0 , OFLOW: 0 , EGL: 000 , ERR: 1 
# -----------------------------------------------------------------------
#  [PASS] Inputs: OPA:  31 , OPB:   7 , INP_VALID : 11 
#  Expected Result : RES:    62 , COUT: 0 , OFLOW: 0 , EGL: 000 , ERR: 0 
#  DUT Result	: RES:    62 , COUT: 0 , OFLOW: 0 , EGL: 000 , ERR: 0 
# -----------------------------------------------------------------------
#  [FAIL] Incorrect Output at MODE: 0 , CMD: 13 
#  Inputs:	OPA:  57 , OPB: 251 , INP_VALID : 11 
#  Expected Result : RES:     0 , COUT: 0 , OFLOW: 0 , EGL: 000 , ERR: 1 
#  DUT Result	: RES:    39 , COUT: 0 , OFLOW: 0 , EGL: 000 , ERR: 1 
# -----------------------------------------------------------------------
#  [PASS] Inputs: OPA: 104 , OPB:   0 , INP_VALID : 11 
#  Expected Result : RES:   104 , COUT: 0 , OFLOW: 0 , EGL: 000 , ERR: 0 
#  DUT Result	: RES:   104 , COUT: 0 , OFLOW: 0 , EGL: 000 , ERR: 0 
#  [PASS] Inputs: OPA:  49 , OPB:   2 , INP_VALID : 11 
#  Expected Result : RES:    76 , COUT: 0 , OFLOW: 0 , EGL: 000 , ERR: 0 
#  DUT Result	: RES:    76 , COUT: 0 , OFLOW: 0 , EGL: 000 , ERR: 0 
#  [PASS] Inputs: OPA:  25 , OPB:   7 , INP_VALID : 11 
#  Expected Result : RES:    50 , COUT: 0 , OFLOW: 0 , EGL: 000 , ERR: 0 
#  DUT Result	: RES:    50 , COUT: 0 , OFLOW: 0 , EGL: 000 , ERR: 0 
#  [PASS] Inputs: OPA: 208 , OPB:   1 , INP_VALID : 11 
#  Expected Result : RES:   104 , COUT: 0 , OFLOW: 0 , EGL: 000 , ERR: 0 
#  DUT Result	: RES:   104 , COUT: 0 , OFLOW: 0 , EGL: 000 , ERR: 0 
# -----------------------------------------------------------------------
#  [FAIL] Incorrect Output at MODE: 0 , CMD: 13 
#  Inputs:	OPA:  53 , OPB: 251 , INP_VALID : 11 
#  Expected Result : RES:     0 , COUT: 0 , OFLOW: 0 , EGL: 000 , ERR: 1 
#  DUT Result	: RES:   166 , COUT: 0 , OFLOW: 0 , EGL: 000 , ERR: 1 
# -----------------------------------------------------------------------
# -----------------------------------------------------------------------
#  [FAIL] Incorrect Output at MODE: 0 , CMD: 13 
#  Inputs:	OPA: 144 , OPB: 251 , INP_VALID : 11 
#  Expected Result : RES:     0 , COUT: 0 , OFLOW: 0 , EGL: 000 , ERR: 1 
#  DUT Result	: RES:    18 , COUT: 0 , OFLOW: 0 , EGL: 000 , ERR: 1 
# -----------------------------------------------------------------------
# -----------------------------------------------------------------------
#  [FAIL] Incorrect Output at MODE: 0 , CMD: 13 
#  Inputs:	OPA: 206 , OPB: 253 , INP_VALID : 11 
#  Expected Result : RES:     0 , COUT: 0 , OFLOW: 0 , EGL: 000 , ERR: 1 
#  DUT Result	: RES:   118 , COUT: 0 , OFLOW: 0 , EGL: 000 , ERR: 1 
# -----------------------------------------------------------------------
# -----------------------------------------------------------------------
#  [FAIL] Incorrect Output at MODE: 0 , CMD: 13 
#  Inputs:	OPA:  40 , OPB: 250 , INP_VALID : 11 
#  Expected Result : RES:     0 , COUT: 0 , OFLOW: 0 , EGL: 000 , ERR: 1 
#  DUT Result	: RES:    10 , COUT: 0 , OFLOW: 0 , EGL: 000 , ERR: 1 
# -----------------------------------------------------------------------
# -----------------------------------------------------------------------
#  [FAIL] Incorrect Output at MODE: 0 , CMD: 13 
#  Inputs:	OPA: 249 , OPB: 252 , INP_VALID : 11 
#  Expected Result : RES:     0 , COUT: 0 , OFLOW: 0 , EGL: 000 , ERR: 1 
#  DUT Result	: RES:   159 , COUT: 0 , OFLOW: 0 , EGL: 000 , ERR: 1 
# -----------------------------------------------------------------------
#  [PASS] Inputs: OPA:  47 , OPB:   4 , INP_VALID : 11 
#  Expected Result : RES:   242 , COUT: 0 , OFLOW: 0 , EGL: 000 , ERR: 0 
#  DUT Result	: RES:   242 , COUT: 0 , OFLOW: 0 , EGL: 000 , ERR: 0 
# -----------------------------------------------------------------------
#  [FAIL] Incorrect Output at MODE: 0 , CMD: 13 
#  Inputs:	OPA:  31 , OPB: 255 , INP_VALID : 11 
#  Expected Result : RES:     0 , COUT: 0 , OFLOW: 0 , EGL: 000 , ERR: 1 
#  DUT Result	: RES:    62 , COUT: 0 , OFLOW: 0 , EGL: 000 , ERR: 1 
# -----------------------------------------------------------------------
# -----------------------------------------------------------------------
#  [FAIL] Incorrect Output at MODE: 0 , CMD: 13 
#  Inputs:	OPA:  31 , OPB: 253 , INP_VALID : 11 
#  Expected Result : RES:     0 , COUT: 0 , OFLOW: 0 , EGL: 000 , ERR: 1 
#  DUT Result	: RES:   248 , COUT: 0 , OFLOW: 0 , EGL: 000 , ERR: 1 
# -----------------------------------------------------------------------
# -----------------------------------------------------------------------
#  [FAIL] Incorrect Output at MODE: 0 , CMD: 13 
#  Inputs:	OPA: 180 , OPB: 250 , INP_VALID : 11 
#  Expected Result : RES:     0 , COUT: 0 , OFLOW: 0 , EGL: 000 , ERR: 1 
#  DUT Result	: RES:    45 , COUT: 0 , OFLOW: 0 , EGL: 000 , ERR: 1 
# -----------------------------------------------------------------------
# -----------------------------------------------------------------------
#  [FAIL] Incorrect Output at MODE: 0 , CMD: 13 
#  Inputs:	OPA: 183 , OPB: 251 , INP_VALID : 11 
#  Expected Result : RES:     0 , COUT: 0 , OFLOW: 0 , EGL: 000 , ERR: 1 
#  DUT Result	: RES:   246 , COUT: 0 , OFLOW: 0 , EGL: 000 , ERR: 1 
# -----------------------------------------------------------------------
#  [PASS] Inputs: OPA:  66 , OPB:   0 , INP_VALID : 11 
#  Expected Result : RES:    66 , COUT: 0 , OFLOW: 0 , EGL: 000 , ERR: 0 
#  DUT Result	: RES:    66 , COUT: 0 , OFLOW: 0 , EGL: 000 , ERR: 0 
#  [PASS] Inputs: OPA: 190 , OPB:   7 , INP_VALID : 11 
#  Expected Result : RES:   125 , COUT: 0 , OFLOW: 0 , EGL: 000 , ERR: 0 
#  DUT Result	: RES:   125 , COUT: 0 , OFLOW: 0 , EGL: 000 , ERR: 0 
# -----------------------------------------------------------------------
#  [FAIL] Incorrect Output at MODE: 0 , CMD: 13 
#  Inputs:	OPA: 230 , OPB: 252 , INP_VALID : 11 
#  Expected Result : RES:     0 , COUT: 0 , OFLOW: 0 , EGL: 000 , ERR: 1 
#  DUT Result	: RES:   110 , COUT: 0 , OFLOW: 0 , EGL: 000 , ERR: 1 
# -----------------------------------------------------------------------
# -----------------------------------------------------------------------
#  [FAIL] Incorrect Output at MODE: 0 , CMD: 13 
#  Inputs:	OPA:  39 , OPB: 253 , INP_VALID : 11 
#  Expected Result : RES:     0 , COUT: 0 , OFLOW: 0 , EGL: 000 , ERR: 1 
#  DUT Result	: RES:    57 , COUT: 0 , OFLOW: 0 , EGL: 000 , ERR: 1 
# -----------------------------------------------------------------------
#  [PASS] Inputs: OPA:  28 , OPB:   0 , INP_VALID : 11 
#  Expected Result : RES:    28 , COUT: 0 , OFLOW: 0 , EGL: 000 , ERR: 0 
#  DUT Result	: RES:    28 , COUT: 0 , OFLOW: 0 , EGL: 000 , ERR: 0 
#  [PASS] Inputs: OPA: 148 , OPB:   5 , INP_VALID : 11 
#  Expected Result : RES:   164 , COUT: 0 , OFLOW: 0 , EGL: 000 , ERR: 0 
#  DUT Result	: RES:   164 , COUT: 0 , OFLOW: 0 , EGL: 000 , ERR: 0 
# -----------------------------------------------------------------------
#  [FAIL] Incorrect Output at MODE: 0 , CMD: 13 
#  Inputs:	OPA: 243 , OPB: 252 , INP_VALID : 11 
#  Expected Result : RES:     0 , COUT: 0 , OFLOW: 0 , EGL: 000 , ERR: 1 
#  DUT Result	: RES:    63 , COUT: 0 , OFLOW: 0 , EGL: 000 , ERR: 1 
# -----------------------------------------------------------------------
# -----------------------------------------------------------------------
#  [FAIL] Incorrect Output at MODE: 0 , CMD: 13 
#  Inputs:	OPA:  58 , OPB: 251 , INP_VALID : 11 
#  Expected Result : RES:     0 , COUT: 0 , OFLOW: 0 , EGL: 000 , ERR: 1 
#  DUT Result	: RES:    71 , COUT: 0 , OFLOW: 0 , EGL: 000 , ERR: 1 
# -----------------------------------------------------------------------
# -----------------------------------------------------------------------
#  [FAIL] Incorrect Output at MODE: 0 , CMD: 13 
#  Inputs:	OPA: 163 , OPB: 254 , INP_VALID : 11 
#  Expected Result : RES:     0 , COUT: 0 , OFLOW: 0 , EGL: 000 , ERR: 1 
#  DUT Result	: RES:   142 , COUT: 0 , OFLOW: 0 , EGL: 000 , ERR: 1 
# -----------------------------------------------------------------------
# -----------------------------------------------------------------------
#  [FAIL] Incorrect Output at MODE: 0 , CMD: 13 
#  Inputs:	OPA:  30 , OPB: 255 , INP_VALID : 11 
#  Expected Result : RES:     0 , COUT: 0 , OFLOW: 0 , EGL: 000 , ERR: 1 
#  DUT Result	: RES:    60 , COUT: 0 , OFLOW: 0 , EGL: 000 , ERR: 1 
# -----------------------------------------------------------------------
# -----------------------------------------------------------------------
#  [FAIL] Incorrect Output at MODE: 0 , CMD: 13 
#  Inputs:	OPA: 126 , OPB: 253 , INP_VALID : 11 
#  Expected Result : RES:     0 , COUT: 0 , OFLOW: 0 , EGL: 000 , ERR: 1 
#  DUT Result	: RES:   243 , COUT: 0 , OFLOW: 0 , EGL: 000 , ERR: 1 
# -----------------------------------------------------------------------
#  [PASS] Inputs: OPA: 194 , OPB:   6 , INP_VALID : 11 
#  Expected Result : RES:    11 , COUT: 0 , OFLOW: 0 , EGL: 000 , ERR: 0 
#  DUT Result	: RES:    11 , COUT: 0 , OFLOW: 0 , EGL: 000 , ERR: 0 
#  [PASS] Inputs: OPA:  66 , OPB:   5 , INP_VALID : 11 
#  Expected Result : RES:    18 , COUT: 0 , OFLOW: 0 , EGL: 000 , ERR: 0 
#  DUT Result	: RES:    18 , COUT: 0 , OFLOW: 0 , EGL: 000 , ERR: 0 
#  [PASS] Inputs: OPA:  31 , OPB:   2 , INP_VALID : 11 
#  Expected Result : RES:   199 , COUT: 0 , OFLOW: 0 , EGL: 000 , ERR: 0 
#  DUT Result	: RES:   199 , COUT: 0 , OFLOW: 0 , EGL: 000 , ERR: 0 
# -----------------------------------------------------------------------
#  [FAIL] Incorrect Output at MODE: 0 , CMD: 13 
#  Inputs:	OPA: 205 , OPB: 251 , INP_VALID : 11 
#  Expected Result : RES:     0 , COUT: 0 , OFLOW: 0 , EGL: 000 , ERR: 1 
#  DUT Result	: RES:   185 , COUT: 0 , OFLOW: 0 , EGL: 000 , ERR: 1 
# -----------------------------------------------------------------------
# -----------------------------------------------------------------------
#  [FAIL] Incorrect Output at MODE: 0 , CMD: 13 
#  Inputs:	OPA:  13 , OPB: 249 , INP_VALID : 11 
#  Expected Result : RES:     0 , COUT: 0 , OFLOW: 0 , EGL: 000 , ERR: 1 
#  DUT Result	: RES:   134 , COUT: 0 , OFLOW: 0 , EGL: 000 , ERR: 1 
# -----------------------------------------------------------------------
#  [PASS] Inputs: OPA:  50 , OPB:   6 , INP_VALID : 11 
#  Expected Result : RES:   200 , COUT: 0 , OFLOW: 0 , EGL: 000 , ERR: 0 
#  DUT Result	: RES:   200 , COUT: 0 , OFLOW: 0 , EGL: 000 , ERR: 0 
#  [PASS] Inputs: OPA:   5 , OPB:   2 , INP_VALID : 11 
#  Expected Result : RES:    65 , COUT: 0 , OFLOW: 0 , EGL: 000 , ERR: 0 
#  DUT Result	: RES:    65 , COUT: 0 , OFLOW: 0 , EGL: 000 , ERR: 0 
#  [PASS] Inputs: OPA:  39 , OPB:   4 , INP_VALID : 11 
#  Expected Result : RES:   114 , COUT: 0 , OFLOW: 0 , EGL: 000 , ERR: 0 
#  DUT Result	: RES:   114 , COUT: 0 , OFLOW: 0 , EGL: 000 , ERR: 0 
# -----------------------------------------------------------------------
#  [FAIL] Incorrect Output at MODE: 0 , CMD: 13 
#  Inputs:	OPA:  66 , OPB: 255 , INP_VALID : 11 
#  Expected Result : RES:     0 , COUT: 0 , OFLOW: 0 , EGL: 000 , ERR: 1 
#  DUT Result	: RES:   132 , COUT: 0 , OFLOW: 0 , EGL: 000 , ERR: 1 
# -----------------------------------------------------------------------
# -----------------------------------------------------------------------
#  [FAIL] Incorrect Output at MODE: 0 , CMD: 13 
#  Inputs:	OPA: 223 , OPB: 249 , INP_VALID : 11 
#  Expected Result : RES:     0 , COUT: 0 , OFLOW: 0 , EGL: 000 , ERR: 1 
#  DUT Result	: RES:   239 , COUT: 0 , OFLOW: 0 , EGL: 000 , ERR: 1 
# -----------------------------------------------------------------------
# -----------------------------------------------------------------------
#  [FAIL] Incorrect Output at MODE: 0 , CMD: 13 
#  Inputs:	OPA:  71 , OPB: 249 , INP_VALID : 11 
#  Expected Result : RES:     0 , COUT: 0 , OFLOW: 0 , EGL: 000 , ERR: 1 
#  DUT Result	: RES:   163 , COUT: 0 , OFLOW: 0 , EGL: 000 , ERR: 1 
# -----------------------------------------------------------------------
# -----------------------------------------------------------------------
#  [FAIL] Incorrect Output at MODE: 0 , CMD: 13 
#  Inputs:	OPA:  53 , OPB: 249 , INP_VALID : 11 
#  Expected Result : RES:     0 , COUT: 0 , OFLOW: 0 , EGL: 000 , ERR: 1 
#  DUT Result	: RES:   154 , COUT: 0 , OFLOW: 0 , EGL: 000 , ERR: 1 
# -----------------------------------------------------------------------
#  [PASS] Inputs: OPA: 191 , OPB:   0 , INP_VALID : 11 
#  Expected Result : RES:   191 , COUT: 0 , OFLOW: 0 , EGL: 000 , ERR: 0 
#  DUT Result	: RES:   191 , COUT: 0 , OFLOW: 0 , EGL: 000 , ERR: 0 
#  [PASS] Inputs: OPA:  70 , OPB:   1 , INP_VALID : 11 
#  Expected Result : RES:    35 , COUT: 0 , OFLOW: 0 , EGL: 000 , ERR: 0 
#  DUT Result	: RES:    35 , COUT: 0 , OFLOW: 0 , EGL: 000 , ERR: 0 
# -----------------------------------------------------------------------
#  [FAIL] Incorrect Output at MODE: 0 , CMD: 13 
#  Inputs:	OPA: 197 , OPB: 252 , INP_VALID : 11 
#  Expected Result : RES:     0 , COUT: 0 , OFLOW: 0 , EGL: 000 , ERR: 1 
#  DUT Result	: RES:    92 , COUT: 0 , OFLOW: 0 , EGL: 000 , ERR: 1 
# -----------------------------------------------------------------------
#  [PASS] Inputs: OPA:  96 , OPB:   0 , INP_VALID : 11 
#  Expected Result : RES:    96 , COUT: 0 , OFLOW: 0 , EGL: 000 , ERR: 0 
#  DUT Result	: RES:    96 , COUT: 0 , OFLOW: 0 , EGL: 000 , ERR: 0 
#  [PASS] Inputs: OPA: 127 , OPB:   2 , INP_VALID : 11 
#  Expected Result : RES:   223 , COUT: 0 , OFLOW: 0 , EGL: 000 , ERR: 0 
#  DUT Result	: RES:   223 , COUT: 0 , OFLOW: 0 , EGL: 000 , ERR: 0 
#  [PASS] Inputs: OPA:  86 , OPB:   1 , INP_VALID : 11 
#  Expected Result : RES:    43 , COUT: 0 , OFLOW: 0 , EGL: 000 , ERR: 0 
#  DUT Result	: RES:    43 , COUT: 0 , OFLOW: 0 , EGL: 000 , ERR: 0 
#  [PASS] Inputs: OPA:  42 , OPB:   0 , INP_VALID : 11 
#  Expected Result : RES:    42 , COUT: 0 , OFLOW: 0 , EGL: 000 , ERR: 0 
#  DUT Result	: RES:    42 , COUT: 0 , OFLOW: 0 , EGL: 000 , ERR: 0 
#  [PASS] Inputs: OPA:  52 , OPB:   6 , INP_VALID : 11 
#  Expected Result : RES:   208 , COUT: 0 , OFLOW: 0 , EGL: 000 , ERR: 0 
#  DUT Result	: RES:   208 , COUT: 0 , OFLOW: 0 , EGL: 000 , ERR: 0 
# -----------------------------------------------------------------------
#  [FAIL] Incorrect Output at MODE: 0 , CMD: 13 
#  Inputs:	OPA: 117 , OPB: 254 , INP_VALID : 11 
#  Expected Result : RES:     0 , COUT: 0 , OFLOW: 0 , EGL: 000 , ERR: 1 
#  DUT Result	: RES:   213 , COUT: 0 , OFLOW: 0 , EGL: 000 , ERR: 1 
# -----------------------------------------------------------------------
# -----------------------------------------------------------------------
#  [FAIL] Incorrect Output at MODE: 0 , CMD: 13 
#  Inputs:	OPA:  79 , OPB: 255 , INP_VALID : 11 
#  Expected Result : RES:     0 , COUT: 0 , OFLOW: 0 , EGL: 000 , ERR: 1 
#  DUT Result	: RES:   158 , COUT: 0 , OFLOW: 0 , EGL: 000 , ERR: 1 
# -----------------------------------------------------------------------
# -----------------------------------------------------------------------
#  [FAIL] Incorrect Output at MODE: 0 , CMD: 13 
#  Inputs:	OPA:  73 , OPB: 255 , INP_VALID : 11 
#  Expected Result : RES:     0 , COUT: 0 , OFLOW: 0 , EGL: 000 , ERR: 1 
#  DUT Result	: RES:   146 , COUT: 0 , OFLOW: 0 , EGL: 000 , ERR: 1 
# -----------------------------------------------------------------------
#  [PASS] Inputs: OPA: 190 , OPB:   5 , INP_VALID : 11 
#  Expected Result : RES:   245 , COUT: 0 , OFLOW: 0 , EGL: 000 , ERR: 0 
#  DUT Result	: RES:   245 , COUT: 0 , OFLOW: 0 , EGL: 000 , ERR: 0 
# -----------------------------------------------------------------------
#  [FAIL] Incorrect Output at MODE: 0 , CMD: 13 
#  Inputs:	OPA: 236 , OPB: 254 , INP_VALID : 11 
#  Expected Result : RES:     0 , COUT: 0 , OFLOW: 0 , EGL: 000 , ERR: 1 
#  DUT Result	: RES:   179 , COUT: 0 , OFLOW: 0 , EGL: 000 , ERR: 1 
# -----------------------------------------------------------------------
# 
# -------------------------------------------------
#                  Test Summary                      
# ---------------------------------------------------
# Total Tests Run : 2811
# Passed          : 2110
# Failed          : 701
#  ***	    Bugs Found	     ***
# ---------------------------------------------------
# 
# ** Note: $finish    : ALU_tb.v(333)
#    Time: 60685 ns  Iteration: 0  Instance: /alu_testbench
# Saving coverage database on exit...
# End time: 16:43:07 on May 10,2026, Elapsed time: 0:00:01
# Errors: 0, Warnings: 2
